"쇼핑검색보고서(2025.06.01.~2025.06.30.),jse31141:naver"
"캠페인유형",검색어,PC/모바일 매체,노출수,클릭수,"평균클릭비용(VAT포함,원)","총비용(VAT포함,원)",평균노출순위,방문당 평균페이지뷰,방문당 평균체류시간(초),전환수,전환매출액(원)
"파워링크",(주)하프스페이스기본정보,PC,1,0,0,0,1,0,0,0,0
"파워링크",1인무인창업,PC,5,0,0,0,6,0,0,0,0
"파워링크",1인자판기,모바일,1,0,0,0,1,0,0,0,0
"파워링크",1인카페머신,모바일,2,0,0,0,3,0,0,0,0
"파워링크",300BL,PC,2,0,0,0,2,0,0,0,0
"파워링크",5024자판기,PC,1,0,0,0,2,0,0,0,0
"파워링크",562BL,모바일,2,0,0,0,1,0,0,0,0
"파워링크",6340KAD,PC,1,0,0,0,4,0,0,0,0
"파워링크",HALF-SPACE,PC,2,0,0,0,1.5,0,0,0,0
"파워링크",HALF-SPACE,모바일,4,0,0,0,2.5,0,0,0,0
"파워링크",HALFCAFE,모바일,1,0,0,0,1,0,0,0,0
"파워링크",HALF카페,모바일,2,0,0,0,2,0,0,0,0
"파워링크",LVM482,PC,1,0,0,0,4,0,0,0,0
"파워링크",LVM6340,PC,1,0,0,0,3,0,0,0,0
"파워링크",LVP300BL,PC,2,0,0,0,2,0,0,0,0
"파워링크",PC방자판기,PC,4,0,0,0,5.5,0,0,0,0
"파워링크",RVM5549,PC,2,0,0,0,3,0,0,0,0
"파워링크",간식자판기,PC,96,8,"1,693","13,541",1.6,3,252.56,0,0
"파워링크",간식자판기,모바일,93,4,"1,125","4,499",2.7,2,14.4,0,0
"파워링크",간식자판기대여,PC,1,0,0,0,5,0,0,0,0
"파워링크",간식자판기대여,모바일,3,0,0,0,2,0,0,0,0
"파워링크",간식자판기렌탈,PC,2,0,0,0,6.5,0,0,0,0
"파워링크",간식자판기렌탈,모바일,6,0,0,0,2.5,0,0,0,0
"파워링크",간식자판기렌탈비용,PC,1,0,0,0,1,0,0,0,0
"파워링크",강남자판기,PC,1,0,0,0,4,0,0,0,0
"파워링크",강동자판기,PC,2,0,0,0,3,0,0,0,0
"파워링크",계란무인판매점창업,PC,1,0,0,0,3,0,0,0,0
"파워링크",고기자판기,PC,31,1,66,66,10.2,1,0,0,0
"파워링크",골프장자판기,PC,11,0,0,0,8.2,0,0,0,0
"파워링크",공장자판기,PC,2,0,0,0,7.5,0,0,0,0
"파워링크",공장자판기,모바일,2,0,0,0,3,0,0,0,0
"파워링크",공장자판기설치,모바일,1,0,0,0,1,0,0,0,0
"파워링크",과일자판기,PC,20,0,0,0,5.4,0,0,0,0
"파워링크",과일자판기,모바일,2,1,77,77,5,1,0,0,0
"파워링크",과자자판기,PC,68,4,"1,744","6,974",4.7,1.5,4.5,0,0
"파워링크",과자자판기,모바일,84,4,"1,645","6,578",4,1,0,0,0
"파워링크",과자자판기렌탈비용,모바일,3,1,880,880,1,2,32,0,0
"파워링크",과자자판기사업,모바일,1,0,0,0,1,0,0,0,0
"파워링크",과자자판기임대,PC,4,1,990,990,5.5,3,19,0,0
"파워링크",과자자판기임대,모바일,6,0,0,0,1.8,0,0,0,0
"파워링크",과자자판기중고,PC,3,1,935,935,2.3,1,0,0,0
"파워링크",과자자판기중고,모바일,2,0,0,0,1,0,0,0,0
"파워링크",광주무인카페,PC,6,0,0,0,8.8,0,0,0,0
"파워링크",광주자판기,PC,9,0,0,0,5.8,0,0,0,0
"파워링크",광주자판기,모바일,1,0,0,0,4,0,0,0,0
"파워링크",기념품자판기,PC,1,0,0,0,5,0,0,0,0
"파워링크",기업멀티자판기,모바일,1,1,"1,045","1,045",1,2,23,0,0
"파워링크",기업음료자판기렌탈,PC,1,0,0,0,2,0,0,0,0
"파워링크",기업자판기,PC,7,0,0,0,4,0,0,0,0
"파워링크",기업자판기설치,PC,1,0,0,0,1,0,0,0,0
"파워링크",길거리자판기창업,PC,1,0,0,0,1,0,0,0,0
"파워링크",남양주자판기,모바일,1,0,0,0,3,0,0,0,0
"파워링크",냉동무인자판기,PC,1,1,858,858,1,2,24,0,0
"파워링크",냉동자판기,PC,25,0,0,0,8.6,0,0,0,0
"파워링크",냉동자판기,모바일,14,1,88,88,11.1,0,0,0,0
"파워링크",냉동자판기렌탈,모바일,1,1,726,726,2,2,68,0,0
"파워링크",노래방자판기,PC,1,0,0,0,3,0,0,0,0
"파워링크",다이어트무인샵창업,모바일,1,0,0,0,3,0,0,0,0
"파워링크",대기업무인카페머신,PC,1,0,0,0,3,0,0,0,0
"파워링크",대여자판기,PC,1,0,0,0,1,0,0,0,0
"파워링크",독서실자판기,모바일,2,0,0,0,2.5,0,0,0,0
"파워링크",디저트자판기,PC,27,2,99,198,3.7,1.33,55.67,0,0
"파워링크",디저트자판기,모바일,9,0,0,0,4,0,0,0,0
"파워링크",라면자판기,PC,140,6,605,"3,630",9.2,1.33,3,0,0
"파워링크",라면자판기,모바일,32,2,440,880,14.9,1,0,0,0
"파워링크",렌탈음료수자판기,모바일,1,1,990,990,3,1,0,0,0
"파워링크",렌탈자판기,PC,5,0,0,0,4,0,0,0,0
"파워링크",로고자판기,PC,1,0,0,0,2,0,0,0,0
"파워링크",로벤멀티자판기렌탈,PC,1,0,0,0,3,0,0,0,0
"파워링크",로벤자판기,PC,47,1,957,957,3.2,0,0,0,0
"파워링크",로벤자판기,모바일,28,1,847,847,3.5,1,0,0,0
"파워링크",로벤캔자판기,모바일,1,0,0,0,2,0,0,0,0
"파워링크",롯데기공멀티자판기,PC,3,0,0,0,9,0,0,0,0
"파워링크",롯데기공멀티자판기,모바일,1,0,0,0,8,0,0,0,0
"파워링크",롯데기공자판기,PC,42,4,910,"3,641",1.3,3.5,223.25,0,0
"파워링크",롯데기공자판기,모바일,79,7,"1,050","7,348",2.5,1.22,3.22,0,0
"파워링크",롯데멀티자판기,PC,20,0,0,0,4.8,0,0,0,0
"파워링크",롯데멀티자판기,모바일,3,0,0,0,5,0,0,0,0
"파워링크",롯데무인카페,PC,5,0,0,0,1,0,0,0,0
"파워링크",롯데무인카페,모바일,1,0,0,0,3,0,0,0,0
"파워링크",롯데무인카페머신,PC,3,0,0,0,1,0,0,0,0
"파워링크",롯데무인커피머신,PC,2,0,0,0,2,0,0,0,0
"파워링크",롯데무인커피머신,모바일,1,1,77,77,2,1.33,8,0,0
"파워링크",롯데자판기,PC,42,3,"1,115","3,344",1.5,3.75,103,0,0
"파워링크",롯데자판기,모바일,49,7,"1,042","7,293",1,2.4,27.9,0,0
"파워링크",마스크자판기,PC,29,0,0,0,9.3,0,0,0,0
"파워링크",마카롱무인자판기,모바일,1,1,682,682,1,1,0,0,0
"파워링크",마카롱자판기,PC,2,0,0,0,6.5,0,0,0,0
"파워링크",매점과자판기,PC,1,0,0,0,1,0,0,0,0
"파워링크",매점및음료자동자판기,모바일,1,0,0,0,2,0,0,0,0
"파워링크",멀티무인판매기,PC,1,0,0,0,2,0,0,0,0
"파워링크",멀티스마트자판기,PC,1,0,0,0,3,0,0,0,0
"파워링크",멀티음료자판기,PC,3,0,0,0,4,0,0,0,0
"파워링크",멀티자판기,PC,7,1,77,77,54.3,2,9.5,0,0
"파워링크",멀티자판기,모바일,2,1,77,77,58,3.5,11,0,0
"파워링크",멀티자판기가격,PC,3,0,0,0,4.7,0,0,0,0
"파워링크",멀티자판기가격,모바일,3,1,352,352,1.7,1,0,0,0
"파워링크",멀티자판기구매,PC,2,0,0,0,5,0,0,0,0
"파워링크",멀티자판기구매,모바일,4,0,0,0,1.5,0,0,0,0
"파워링크",멀티자판기대여,PC,6,1,"1,023","1,023",1,1,0,0,0
"파워링크",멀티자판기대여,모바일,3,0,0,0,2,0,0,0,0
"파워링크",멀티자판기대여가격,모바일,1,0,0,0,3,0,0,0,0
"파워링크",멀티자판기렌탈,PC,161,6,"2,475","14,850",5.7,2.83,31.67,0,0
"파워링크",멀티자판기렌탈,모바일,56,4,"3,044","12,177",3.7,3.4,82.8,0,0
"파워링크",멀티자판기렌탈비용,PC,2,0,0,0,2,0,0,0,0
"파워링크",멀티자판기매입,PC,2,0,0,0,6,0,0,0,0
"파워링크",멀티자판기매입,모바일,3,0,0,0,2.3,0,0,0,0
"파워링크",멀티자판기비용,모바일,3,0,0,0,3,0,0,0,0
"파워링크",멀티자판기설치,PC,3,0,0,0,6.3,0,0,0,0
"파워링크",멀티자판기수리,모바일,1,0,0,0,4,0,0,0,0
"파워링크",멀티자판기수익,PC,2,0,0,0,1.5,0,0,0,0
"파워링크",멀티자판기위탁,PC,13,0,0,0,6.1,0,0,0,0
"파워링크",멀티자판기위탁운영,PC,11,1,693,693,3.9,0,0,0,0
"파워링크",멀티자판기음료,모바일,1,0,0,0,1,0,0,0,0
"파워링크",멀티자판기임대,PC,27,0,0,0,4.9,0,0,0,0
"파워링크",멀티자판기임대,모바일,31,1,"1,991","1,991",6.1,1,0,0,0
"파워링크",멀티자판기임대가격,모바일,1,0,0,0,3,0,0,0,0
"파워링크",멀티자판기자판기,PC,2,0,0,0,1.5,0,0,0,0
"파워링크",멀티자판기제작,PC,2,0,0,0,2,0,0,0,0
"파워링크",멀티자판기중고,PC,49,5,867,"4,334",2.2,1.67,10.5,0,0
"파워링크",멀티자판기중고,모바일,26,2,704,"1,408",3.3,1,0,0,0
"파워링크",멀티자판기중고매입,모바일,1,1,990,990,1,1,0,0,0
"파워링크",멀티자판기창업,모바일,1,1,"1,012","1,012",1,1,0,0,0
"파워링크",멀티자판기키오스크렌탈,PC,1,1,429,429,2,3,11,0,0
"파워링크",모텔비품자판기,PC,1,0,0,0,2,0,0,0,0
"파워링크",모텔자판기,PC,57,2,853,"1,705",6.4,2,18,0,0
"파워링크",모텔자판기,모바일,2,0,0,0,4,0,0,0,0
"파워링크",목욕탕자판기,PC,2,0,0,0,1,0,0,0,0
"파워링크",목욕탕자판기,모바일,15,6,997,"5,984",2.2,1,0,0,0
"파워링크",무인가게,PC,1,0,0,0,74,0,0,0,0
"파워링크",무인가게,모바일,1,0,0,0,67,0,0,0,0
"파워링크",무인가게간식자판기,모바일,1,1,869,869,1,1,0,0,0
"파워링크",무인간식자판기,모바일,1,0,0,0,2,0,0,0,0
"파워링크",무인간식자판기창업비용,모바일,1,0,0,0,2,0,0,0,0
"파워링크",무인과자자판기,PC,2,0,0,0,3,0,0,0,0
"파워링크",무인냉동자판기,PC,1,0,0,0,1,0,0,0,0
"파워링크",무인냉장고,PC,30,0,0,0,8.9,0,0,0,0
"파워링크",무인노래방,PC,35,0,0,0,8.2,0,0,0,0
"파워링크",무인노래방,모바일,4,0,0,0,5.3,0,0,0,0
"파워링크",무인노래방창업비용,PC,1,0,0,0,7,0,0,0,0
"파워링크",무인노래방창업비용,모바일,1,0,0,0,4,0,0,0,0
"파워링크",무인디저트자판기,PC,6,1,484,484,2.3,0,0,0,0
"파워링크",무인디저트자판기,모바일,2,0,0,0,1,0,0,0,0
"파워링크",무인라면가게자판기,모바일,2,0,0,0,2,0,0,0,0
"파워링크",무인라면자판기,PC,1,0,0,0,18,0,0,0,0
"파워링크",무인라면자판기,모바일,2,0,0,0,26.5,0,0,0,0
"파워링크",무인라면자판기창업,모바일,1,0,0,0,3,0,0,0,0
"파워링크",무인마카롱자판기,모바일,1,0,0,0,1,0,0,0,0
"파워링크",무인매장,PC,5,1,77,77,123.2,1,0,0,0
"파워링크",무인매장,모바일,2,0,0,0,90,0,0,0,0
"파워링크",무인매장라면자판기,PC,1,0,0,0,3,0,0,0,0
"파워링크",무인매장음료자판기,PC,2,0,0,0,2,0,0,0,0
"파워링크",무인매장자판기,PC,1,0,0,0,2,0,0,0,0
"파워링크",무인매장창업,PC,1,1,77,77,98,1,0,0,0
"파워링크",무인매장창업,모바일,1,0,0,0,104,0,0,0,0
"파워링크",무인멀티자판기,PC,1,1,"1,089","1,089",2,1,0,0,0
"파워링크",무인멀티자판기,모바일,3,0,0,0,2.3,2,34.5,0,0
"파워링크",무인멀티자판기렌탈,모바일,1,0,0,0,3,0,0,0,0
"파워링크",무인멀티자판기머신,모바일,1,1,814,814,1,1,0,0,0
"파워링크",무인멀티자판기임대,PC,1,1,"1,100","1,100",1,2,12,0,0
"파워링크",무인빨래방자판기,모바일,1,1,737,737,1,2,29,0,0
"파워링크",무인빵자판기,모바일,2,0,0,0,1,0,0,0,0
"파워링크",무인사업,PC,2,0,0,0,89,0,0,0,0
"파워링크",무인사업,모바일,3,0,0,0,3.7,0,0,0,0
"파워링크",무인사업아이템,PC,2,0,0,0,29.5,0,0,0,0
"파워링크",무인사업아이템,모바일,3,0,0,0,24,0,0,0,0
"파워링크",무인산업,PC,4,0,0,0,1.3,0,0,0,0
"파워링크",무인산업,모바일,1,0,0,0,4,0,0,0,0
"파워링크",무인샐러드자판기,PC,1,0,0,0,2,0,0,0,0
"파워링크",무인샐러드자판기,모바일,3,1,880,880,1,1,0,0,0
"파워링크",무인생수음료,모바일,1,0,0,0,2,0,0,0,0
"파워링크",무인샵운영,PC,1,0,0,0,3,0,0,0,0
"파워링크",무인샵운영,모바일,1,0,0,0,3,0,0,0,0
"파워링크",무인샵자판기,PC,1,0,0,0,2,0,0,0,0
"파워링크",무인샵자판기,모바일,2,0,0,0,1.5,0,0,0,0
"파워링크",무인서비스,PC,1,0,0,0,2,0,0,0,0
"파워링크",무인소자본,모바일,1,0,0,0,1,0,0,0,0
"파워링크",무인수거자판기,PC,3,0,0,0,1,0,0,0,0
"파워링크",무인스낵자판기,모바일,1,1,671,671,1,5,146,0,0
"파워링크",무인스마트자판기,PC,2,0,0,0,2,0,0,0,0
"파워링크",무인스마트자판기설치장소,PC,1,0,0,0,1,0,0,0,0
"파워링크",무인스마트자판기운영,PC,1,0,0,0,1,0,0,0,0
"파워링크",무인스마트자판기창업,PC,1,0,0,0,1,0,0,0,0
"파워링크",무인스토어창업,모바일,1,0,0,0,4,0,0,0,0
"파워링크",무인아이템,PC,1,0,0,0,42,0,0,0,0
"파워링크",무인약자판기,PC,2,0,0,0,3,0,0,0,0
"파워링크",무인약자판기,모바일,2,0,0,0,2,0,0,0,0
"파워링크",무인용품자판기,모바일,1,0,0,0,3,0,0,0,0
"파워링크",무인음료,모바일,2,0,0,0,1,0,0,0,0
"파워링크",무인음료렌탈,모바일,2,0,0,0,1,0,0,0,0
"파워링크",무인음료머신,모바일,1,0,0,0,1,0,0,0,0
"파워링크",무인음료수,모바일,1,0,0,0,2,0,0,0,0
"파워링크",무인음료수자판기,PC,4,0,0,0,1.5,0,0,0,0
"파워링크",무인음료수자판기,모바일,103,2,886,"1,771",1.5,1.25,3.75,0,0
"파워링크",무인음료자판기,PC,4,2,759,"1,518",1.5,6.5,234.5,0,0
"파워링크",무인음료자판기,모바일,6,0,0,0,1.7,0,0,0,0
"파워링크",무인음료자판기렌탈,PC,2,1,88,88,2,0,0,0,0
"파워링크",무인음료자판기임대,모바일,1,1,671,671,3,0,0,0,0
"파워링크",무인음료자판기중고,모바일,1,0,0,0,1,0,0,0,0
"파워링크",무인자동자판기,모바일,1,0,0,0,1,0,0,0,0
"파워링크",무인자동판매기사업,PC,1,0,0,0,2,0,0,0,0
"파워링크",무인자동판매기사업자,PC,2,0,0,0,1.5,0,0,0,0
"파워링크",무인자동판매기사업자,모바일,2,0,0,0,1,0,0,0,0
"파워링크",무인자동판매기업종,PC,1,0,0,0,1,0,0,0,0
"파워링크",무인자동판매기제조,PC,2,1,748,748,2.5,1,0,0,0
"파워링크",무인자판기,모바일,1,0,0,0,40,0,0,0,0
"파워링크",무인자판기가격,PC,3,0,0,0,5.7,0,0,0,0
"파워링크",무인자판기가격,모바일,1,0,0,0,3,0,0,0,0
"파워링크",무인자판기결제기계,PC,1,1,891,891,1,1,0,0,0
"파워링크",무인자판기관리,PC,2,0,0,0,1.5,0,0,0,0
"파워링크",무인자판기대여,PC,3,0,0,0,6.7,0,0,0,0
"파워링크",무인자판기대여,모바일,1,0,0,0,2,0,0,0,0
"파워링크",무인자판기대여가격,모바일,1,1,616,616,2,1,0,0,0
"파워링크",무인자판기렌탈비용,모바일,1,1,847,847,1,1,0,0,0
"파워링크",무인자판기매장,PC,2,0,0,0,2,0,0,0,0
"파워링크",무인자판기매장,모바일,1,0,0,0,1,0,0,0,0
"파워링크",무인자판기머신,PC,1,0,0,0,3,0,0,0,0
"파워링크",무인자판기브랜드,PC,2,1,638,638,1.5,0,0,0,0
"파워링크",무인자판기비용,PC,1,0,0,0,4,0,0,0,0
"파워링크",무인자판기사업,PC,3,0,0,0,22.7,0,0,0,0
"파워링크",무인자판기사업,모바일,1,0,0,0,20,0,0,0,0
"파워링크",무인자판기사업자,PC,2,0,0,0,2,0,0,0,0
"파워링크",무인자판기샵,PC,1,0,0,0,1,0,0,0,0
"파워링크",무인자판기샵,모바일,1,1,660,660,1,1,0,0,0
"파워링크",무인자판기설치,PC,8,1,902,902,4.4,3,51,0,0
"파워링크",무인자판기설치,모바일,7,0,0,0,2,0,0,0,0
"파워링크",무인자판기설치장소,PC,1,0,0,0,2,0,0,0,0
"파워링크",무인자판기수익,PC,4,0,0,0,2,0,0,0,0
"파워링크",무인자판기업종,PC,1,0,0,0,1,0,0,0,0
"파워링크",무인자판기업체,PC,5,2,77,154,2.6,1.5,4.5,0,0
"파워링크",무인자판기업체,모바일,1,0,0,0,4,0,0,0,0
"파워링크",무인자판기음료,PC,1,0,0,0,1,0,0,0,0
"파워링크",무인자판기음료보충,PC,1,0,0,0,1,0,0,0,0
"파워링크",무인자판기의사업장,모바일,1,0,0,0,1,0,0,0,0
"파워링크",무인자판기임대,PC,10,2,836,"1,672",6.4,2.33,11.67,0,0
"파워링크",무인자판기제작,PC,4,0,0,0,2,0,0,0,0
"파워링크",무인자판기제작업체,PC,4,0,0,0,2.5,0,0,0,0
"파워링크",무인자판기제조,PC,2,0,0,0,1.5,0,0,0,0
"파워링크",무인자판기종류,PC,23,4,523,"2,090",1.6,5.2,73.6,0,0
"파워링크",무인자판기종류,모바일,18,3,810,"2,431",1.4,1.56,11.11,0,0
"파워링크",무인자판기중고,PC,2,0,0,0,6,0,0,0,0
"파워링크",무인자판기창업비용,PC,11,1,825,825,2.6,1,0,0,0
"파워링크",무인자판기창업비용,모바일,9,2,908,"1,815",1.6,1,0,0,0
"파워링크",무인자판기창업비용소자본,모바일,1,0,0,0,1,0,0,0,0
"파워링크",무인자판기추천,PC,4,0,0,0,3,0,0,0,0
"파워링크",무인자판기카페,PC,1,0,0,0,7,0,0,0,0
"파워링크",무인자판기카페,모바일,6,0,0,0,3.3,0,0,0,0
"파워링크",무인자판기커피,PC,8,0,0,0,7.4,0,0,0,0
"파워링크",무인자판기커피숍,모바일,1,0,0,0,1,0,0,0,0
"파워링크",무인자판기키오스크수익,모바일,1,0,0,0,1,0,0,0,0
"파워링크",무인자판기판매,PC,2,0,0,0,2.5,0,0,0,0
"파워링크",무인자판기프렌차이즈,모바일,1,0,0,0,1,0,0,0,0
"파워링크",무인점포,PC,2,0,0,0,96.5,0,0,0,0
"파워링크",무인점포,모바일,1,0,0,0,86,0,0,0,0
"파워링크",무인점포자판기,PC,1,0,0,0,1,0,0,0,0
"파워링크",무인점포창업,PC,2,0,0,0,103,0,0,0,0
"파워링크",무인점포창업,모바일,1,0,0,0,96,0,0,0,0
"파워링크",무인창업,PC,34,0,0,0,180.4,0,0,0,0
"파워링크",무인창업,모바일,18,0,0,0,172.7,0,0,0,0
"파워링크",무인창업32,모바일,1,0,0,0,3,0,0,0,0
"파워링크",무인창업아이템,PC,4,0,0,0,73.5,0,0,0,0
"파워링크",무인창업아이템,모바일,6,0,0,0,60.2,0,0,0,0
"파워링크",무인카페,PC,110,6,607,"3,641",15.7,2.83,127.17,0,0
"파워링크",무인카페,모바일,105,4,622,"2,486",11.3,1.6,18.2,0,0
"파워링크",무인카페.모닝,모바일,1,0,0,0,1,0,0,0,0
"파워링크",무인카페AS,모바일,1,0,0,0,1,0,0,0,0
"파워링크",무인카페가격,PC,2,0,0,0,6,0,0,0,0
"파워링크",무인카페가격,모바일,7,0,0,0,2.3,0,0,0,0
"파워링크",무인카페기계대여,모바일,3,0,0,0,3,0,0,0,0
"파워링크",무인카페대여,PC,1,0,0,0,3,0,0,0,0
"파워링크",무인카페렌탈,PC,4,1,77,77,22.5,1,0,0,0
"파워링크",무인카페말고음료자판기,PC,1,0,0,0,1,0,0,0,0
"파워링크",무인카페말고자판기,PC,1,0,0,0,3,0,0,0,0
"파워링크",무인카페매입,PC,1,0,0,0,1,0,0,0,0
"파워링크",무인카페머신관리,PC,1,0,0,0,3,0,0,0,0
"파워링크",무인카페머신대여,PC,8,0,0,0,7.6,0,0,0,0
"파워링크",무인카페머신매입,PC,1,0,0,0,2,0,0,0,0
"파워링크",무인카페머신매입,모바일,1,0,0,0,3,0,0,0,0
"파워링크",무인카페벤딩머신,PC,1,0,0,0,1,0,0,0,0
"파워링크",무인카페업체,PC,2,0,0,0,10,0,0,0,0
"파워링크",무인카페운영평수,모바일,1,0,0,0,2,0,0,0,0
"파워링크",무인카페원두자판기,모바일,3,0,0,0,3,0,0,0,0
"파워링크",무인카페위탁운영,PC,9,1,55,55,4.9,2.5,17.5,0,0
"파워링크",무인카페위탁운영,모바일,1,0,0,0,2,0,0,0,0
"파워링크",무인카페음료자판기,PC,3,0,0,0,2,0,0,0,0
"파워링크",무인카페자동판매기,PC,1,0,0,0,1,0,0,0,0
"파워링크",무인카페자판기,PC,15,0,0,0,7.4,0,0,0,0
"파워링크",무인카페자판기,모바일,2,0,0,0,8,0,0,0,0
"파워링크",무인카페자판기AS,PC,1,0,0,0,1,0,0,0,0
"파워링크",무인카페자판기AS업체,PC,1,0,0,0,1,0,0,0,0
"파워링크",무인카페자판기렌탈,PC,4,0,0,0,4.5,0,0,0,0
"파워링크",무인카페자판기렌탈,모바일,1,0,0,0,2,0,0,0,0
"파워링크",무인카페자판기업,모바일,1,0,0,0,1,0,0,0,0
"파워링크",무인카페자판기임대,PC,1,1,77,77,4,1,0,0,0
"파워링크",무인카페자판기중고,PC,1,0,0,0,1,0,0,0,0
"파워링크",무인카페자판기중고,모바일,1,0,0,0,2,0,0,0,0
"파워링크",무인카페자판기차이,모바일,1,0,0,0,3,0,0,0,0
"파워링크",무인카페종류,모바일,2,0,0,0,1,0,0,0,0
"파워링크",무인카페중고,PC,2,0,0,0,1.5,0,0,0,0
"파워링크",무인카페중고,모바일,3,0,0,0,1,0,0,0,0
"파워링크",무인카페중고머신,PC,3,0,0,0,2,0,0,0,0
"파워링크",무인카페중고용품으로창업,모바일,2,0,0,0,2.5,0,0,0,0
"파워링크",무인카페중고자판기,모바일,1,1,979,979,1,1,0,0,0
"파워링크",무인카페창업,PC,6,0,0,0,103.3,0,0,0,0
"파워링크",무인카페창업,모바일,7,0,0,0,122.4,0,0,0,0
"파워링크",무인카페창업비,PC,1,0,0,0,6,0,0,0,0
"파워링크",무인카페창업비,모바일,3,0,0,0,2.3,0,0,0,0
"파워링크",무인카페창업비용,PC,8,0,0,0,21.5,0,0,0,0
"파워링크",무인카페창업비용,모바일,9,0,0,0,32.7,0,0,0,0
"파워링크",무인카페커피머신,모바일,1,0,0,0,57,0,0,0,0
"파워링크",무인카페커피중고자판기,모바일,1,0,0,0,1,0,0,0,0
"파워링크",무인카페평수,모바일,2,0,0,0,2,0,0,0,0
"파워링크",무인카페프랜차이즈,PC,2,1,77,77,38.5,2,12,0,0
"파워링크",무인커피머신,PC,8,1,539,539,36.4,1,0,0,0
"파워링크",무인커피머신,모바일,5,0,0,0,20.8,0,0,0,0
"파워링크",무인커피숍,모바일,1,0,0,0,22,0,0,0,0
"파워링크",무인커피숍창업,모바일,2,0,0,0,31,0,0,0,0
"파워링크",무인커피자동판매기,PC,1,0,0,0,2,0,0,0,0
"파워링크",무인커피자판기,PC,15,0,0,0,12,0,0,0,0
"파워링크",무인커피자판기,모바일,9,0,0,0,9.6,0,0,0,0
"파워링크",무인커피전문점,PC,9,0,0,0,5.6,0,0,0,0
"파워링크",무인커피전문점,모바일,1,0,0,0,2,0,0,0,0
"파워링크",무인커피판매기,PC,1,0,0,0,1,0,0,0,0
"파워링크",무인케이크자판기,모바일,1,0,0,0,1,0,0,0,0
"파워링크",무인코노,모바일,9,0,0,0,3.8,0,0,0,0
"파워링크",무인코인노래방,PC,23,0,0,0,7.6,0,0,0,0
"파워링크",무인코인노래방,모바일,57,0,0,0,4,0,0,0,0
"파워링크",무인터치카페창업,모바일,1,0,0,0,3,0,0,0,0
"파워링크",무인판매기자동판매기,PC,1,0,0,0,1,0,0,0,0
"파워링크",무인판매자판기대여,모바일,2,0,0,0,1,0,0,0,0
"파워링크",무인편의점,PC,10,1,77,77,29.8,1,0,0,0
"파워링크",무인편의점,모바일,25,0,0,0,28.2,0,0,0,0
"파워링크",무인편의점자판기,PC,12,0,0,0,22.8,0,0,0,0
"파워링크",무인편의점창업,PC,2,0,0,0,25.5,0,0,0,0
"파워링크",무인편의점창업,모바일,4,0,0,0,28,0,0,0,0
"파워링크",무인프랜차이즈,모바일,2,0,0,0,52.5,0,0,0,0
"파워링크",무인하프로,모바일,1,0,0,0,1,0,0,0,0
"파워링크",무점포자판기창업,모바일,9,0,0,0,9.7,0,0,0,0
"파워링크",물품자판기,모바일,1,0,0,0,1,0,0,0,0
"파워링크",물품자판기중고,모바일,1,0,0,0,1,0,0,0,0
"파워링크",밀키트자판기,PC,31,0,0,0,13,0,0,0,0
"파워링크",박물관자판기,PC,1,0,0,0,3,0,0,0,0
"파워링크",밴딩머신자판기,PC,4,0,0,0,2,0,0,0,0
"파워링크",벤딩머신대여,PC,1,0,0,0,1,0,0,0,0
"파워링크",벤딩머신대여,모바일,1,0,0,0,3,0,0,0,0
"파워링크",벤딩사이트,PC,2,0,0,0,2.5,0,0,0,0
"파워링크",벤딩업체,PC,5,0,0,0,3.6,0,0,0,0
"파워링크",벤딩업체,모바일,2,0,0,0,2.5,0,0,0,0
"파워링크",벤딩자판기,PC,1,0,0,0,11,0,0,0,0
"파워링크",벤딩자판기,모바일,1,0,0,0,3,0,0,0,0
"파워링크",병원자판기,PC,8,0,0,0,3.6,0,0,0,0
"파워링크",병원자판기,모바일,3,0,0,0,2.3,0,0,0,0
"파워링크",부업으로카페,PC,1,0,0,0,3,0,0,0,0
"파워링크",비품자판기,PC,12,0,0,0,6,0,0,0,0
"파워링크",빨래방자판기중고,모바일,1,1,"1,012","1,012",2,1.67,2,0,0
"파워링크",빵자동판매기,모바일,3,2,968,"1,936",1,1,0,0,0
"파워링크",빵자판기,PC,10,0,0,0,9.1,0,0,0,0
"파워링크",빵자판기임대,PC,1,0,0,0,2,0,0,0,0
"파워링크",빵자판기중고,모바일,1,1,946,946,1,1.5,11,0,0
"파워링크",사내무인카페,PC,5,0,0,0,19.6,0,0,0,0
"파워링크",사내자판기,PC,12,0,0,0,4.4,0,0,0,0
"파워링크",사내자판기,모바일,6,1,"1,507","1,507",3.2,3,59,0,0
"파워링크",사내카페,PC,6,0,0,0,41.2,0,0,0,0
"파워링크",사내카페,모바일,4,0,0,0,37.8,0,0,0,0
"파워링크",사랑방중고커피자판기,모바일,1,0,0,0,1,0,0,0,0
"파워링크",사무실간식서비스,PC,6,0,0,0,13,0,0,0,0
"파워링크",사무실자판기,PC,7,0,0,0,3.9,6,104,0,0
"파워링크",사무실자판기,모바일,5,0,0,0,2.8,0,0,0,0
"파워링크",사업소자판기,모바일,1,0,0,0,2,0,0,0,0
"파워링크",사우나자판기,PC,4,0,0,0,4,0,0,0,0
"파워링크",사우나자판기,모바일,5,2,853,"1,705",1,1.25,0.75,0,0
"파워링크",샌드위치자판기,PC,3,0,0,0,9,0,0,0,0
"파워링크",샐러드자판기,PC,66,0,0,0,8,0,0,0,0
"파워링크",샐러드자판기,모바일,4,0,0,0,5.8,0,0,0,0
"파워링크",샐러드자판기렌탈,모바일,2,1,649,649,1,1,0,0,0
"파워링크",샐러드자판기사업,PC,1,0,0,0,1,0,0,0,0
"파워링크",샐러드자판기사업,모바일,1,0,0,0,1,0,0,0,0
"파워링크",샐러드자판기중고,PC,1,0,0,0,1,0,0,0,0
"파워링크",샐러드자판기창업,모바일,4,0,0,0,2.5,0,0,0,0
"파워링크",생수자판기,PC,17,0,0,0,6.2,0,0,0,0
"파워링크",생수자판기,모바일,15,1,572,572,4,1.5,43,0,0
"파워링크",서민갑부무인카페,모바일,3,0,0,0,3.7,0,0,0,0
"파워링크",서민갑부자판기,PC,5,1,55,55,1.6,1,0,0,0
"파워링크",서민갑부자판기,모바일,8,2,77,154,1.9,1,0,0,0
"파워링크",서민갑부창업,모바일,1,0,0,0,2,0,0,0,0
"파워링크",서민갑부카페,PC,1,0,0,0,1,0,0,0,0
"파워링크",서민갑부카페,모바일,8,0,0,0,1,0,0,0,0
"파워링크",서울24시무인카페,모바일,1,0,0,0,3,0,0,0,0
"파워링크",서울자판기,모바일,4,1,"1,276","1,276",1,1,0,0,0
"파워링크",세차장자판기,PC,1,0,0,0,1,0,0,0,0
"파워링크",세차장자판기,모바일,7,0,0,0,1.1,0,0,0,0
"파워링크",셀프세차장자판기,모바일,3,0,0,0,3.7,0,0,0,0
"파워링크",셀프용품자판기,PC,1,0,0,0,1,0,0,0,0
"파워링크",셀프자판기,PC,2,0,0,0,5,0,0,0,0
"파워링크",셀프자판기설치,PC,1,0,0,0,2,0,0,0,0
"파워링크",셀프카페창업,PC,2,0,0,0,8,0,0,0,0
"파워링크",소자본무인창업,PC,1,0,0,0,50,0,0,0,0
"파워링크",소자본자판기사업,모바일,1,0,0,0,1,0,0,0,0
"파워링크",수원자판기,PC,2,0,0,0,5,0,0,0,0
"파워링크",수익자판기,PC,1,0,0,0,1,0,0,0,0
"파워링크",술무인자동판매기,PC,1,0,0,0,1,0,0,0,0
"파워링크",술자판기,PC,10,0,0,0,3.7,0,0,0,0
"파워링크",스낵자판기,PC,35,0,0,0,6.5,0,0,0,0
"파워링크",스낵자판기,모바일,26,0,0,0,3.8,0,0,0,0
"파워링크",스낵자판기임대,PC,1,1,484,484,1,1,0,0,0
"파워링크",스마트무인자판기,PC,3,0,0,0,2,0,0,0,0
"파워링크",스마트밴딩머신,PC,1,0,0,0,9,0,0,0,0
"파워링크",스마트자판기,PC,35,0,0,0,6.2,1,0,0,0
"파워링크",스마트자판기,모바일,8,0,0,0,4,0,0,0,0
"파워링크",스마트자판기렌탈,PC,2,1,671,671,2,2,10,0,0
"파워링크",스마트자판기렌탈,모바일,2,1,913,913,1,1.5,2.5,0,0
"파워링크",스마트자판기매입,모바일,1,0,0,0,1,0,0,0,0
"파워링크",스마트자판기중고,모바일,3,2,963,"1,925",1,2,13.25,0,0
"파워링크",스마트자판기창업,모바일,1,0,0,0,1,0,0,0,0
"파워링크",스터디카페자판기,모바일,2,0,0,0,2,0,0,0,0
"파워링크",스터디카페자판기렌탈,PC,1,0,0,0,1,0,0,0,0
"파워링크",신규무인카페,모바일,1,0,0,0,3,0,0,0,0
"파워링크",신품음료자판기,모바일,3,0,0,0,1,0,0,0,0
"파워링크",아이스커피자판기,PC,2,0,0,0,9,0,0,0,0
"파워링크",안산자판기,모바일,1,0,0,0,2,0,0,0,0
"파워링크",안양자판기,모바일,4,0,0,0,3.5,0,0,0,0
"파워링크",애견용품자판기,PC,39,0,0,0,7,0,0,0,0
"파워링크",애견용품자판기,모바일,1,0,0,0,4,0,0,0,0
"파워링크",애견자판기,PC,4,0,0,0,6.3,0,0,0,0
"파워링크",어메니티자판기,PC,31,3,521,"1,562",4.8,3,37.8,0,0
"파워링크",어메니티자판기,모바일,1,0,0,0,4,0,0,0,0
"파워링크",얼음커피자판기,PC,19,0,0,0,5.9,0,0,0,0
"파워링크",얼음커피자판기,모바일,35,0,0,0,3.3,0,0,0,0
"파워링크",업체벤딩,PC,1,0,0,0,2,0,0,0,0
"파워링크",업체자판기,모바일,1,0,0,0,1,0,0,0,0
"파워링크",오피스일자판기,PC,2,0,0,0,3,0,0,0,0
"파워링크",오피스자판기,PC,1,0,0,0,3,0,0,0,0
"파워링크",오피스자판기,모바일,1,0,0,0,1,0,0,0,0
"파워링크",용인자판기,모바일,1,0,0,0,3,0,0,0,0
"파워링크",원두자판기중고,PC,2,0,0,0,4,0,0,0,0
"파워링크",원두자판기중고,모바일,2,0,0,0,3.5,0,0,0,0
"파워링크",원두커피머신,PC,1,0,0,0,75,0,0,0,0
"파워링크",원두커피자동판매기,PC,1,0,0,0,1,0,0,0,0
"파워링크",원두커피자동판매기,모바일,1,1,77,77,1,1,0,0,0
"파워링크",위탁무인자판기,모바일,1,0,0,0,1,0,0,0,0
"파워링크",위탁자판기,모바일,1,0,0,0,1,0,0,0,0
"파워링크",육류자판기,모바일,2,0,0,0,1,0,0,0,0
"파워링크",음료과자자판기,PC,1,0,0,0,3,0,0,0,0
"파워링크",음료만드는자판기,PC,1,0,0,0,1,0,0,0,0
"파워링크",음료멀티자판기,모바일,1,1,"1,034","1,034",2,1,0,0,0
"파워링크",음료무인자판기,모바일,1,0,0,0,2,0,0,0,0
"파워링크",음료및과자자판기가격,PC,1,1,440,440,1,1,0,0,0
"파워링크",음료및과자자판기설치,PC,1,0,0,0,1,0,0,0,0
"파워링크",음료빵자판기,모바일,1,0,0,0,1,0,0,0,0
"파워링크",음료수자동판매기,PC,3,1,"1,012","1,012",2.7,2,21,0,0
"파워링크",음료수자동판매기,모바일,3,0,0,0,2.3,0,0,0,0
"파워링크",음료수자판기,PC,7,0,0,0,17.9,0,0,0,0
"파워링크",음료수자판기단기렌탈,모바일,1,0,0,0,3,0,0,0,0
"파워링크",음료수자판기대여,모바일,1,0,0,0,3,0,0,0,0
"파워링크",음료수자판기렌탈,PC,25,2,633,"1,265",3.7,3,34,0,0
"파워링크",음료수자판기렌탈,모바일,22,9,830,"7,469",1.5,1.58,4.83,0,0
"파워링크",음료수자판기만들기,PC,1,1,330,330,2,1,0,0,0
"파워링크",음료수자판기만들기,모바일,1,0,0,0,2,0,0,0,0
"파워링크",음료수자판기사업,PC,5,0,0,0,6.2,0,0,0,0
"파워링크",음료수자판기사업,모바일,3,1,693,693,3.7,0,0,0,0
"파워링크",음료수자판기사업업종,PC,1,0,0,0,1,0,0,0,0
"파워링크",음료수자판기사용법,모바일,2,0,0,0,1.5,0,0,0,0
"파워링크",음료수자판기설치,PC,3,0,0,0,6.3,0,0,0,0
"파워링크",음료수자판기설치,모바일,2,0,0,0,3.5,0,0,0,0
"파워링크",음료수자판기설치가격,모바일,1,0,0,0,1,0,0,0,0
"파워링크",음료수자판기소프트웨어로만들기,PC,1,0,0,0,1,0,0,0,0
"파워링크",음료수자판기수익,PC,2,0,0,0,1.5,0,0,0,0
"파워링크",음료수자판기쉐어,모바일,2,0,0,0,1,0,0,0,0
"파워링크",음료수자판기업종,PC,1,0,0,0,1,0,0,0,0
"파워링크",음료수자판기업체,PC,2,0,0,0,7,0,0,0,0
"파워링크",음료수자판기위탁,PC,3,0,0,0,2.7,0,0,0,0
"파워링크",음료수자판기임대,PC,32,3,678,"2,035",4.2,2.33,24.33,0,0
"파워링크",음료수자판기임대,모바일,15,0,0,0,4.9,0,0,0,0
"파워링크",음료수자판기임대료,모바일,1,0,0,0,1,0,0,0,0
"파워링크",음료수자판기장소,PC,1,0,0,0,3,0,0,0,0
"파워링크",음료수자판기창업,모바일,5,0,0,0,1.8,0,0,0,0
"파워링크",음료수자판기투잡,모바일,1,0,0,0,1,0,0,0,0
"파워링크",음료자동자판기,모바일,1,0,0,0,1,0,0,0,0
"파워링크",음료자동판매기,PC,8,5,"1,016","5,082",1,1.89,44.67,1,100
"파워링크",음료자판기,PC,2,0,0,0,43.5,0,0,0,0
"파워링크",음료자판기가격,PC,2,1,462,462,7,0,0,0,0
"파워링크",음료자판기관리,PC,2,0,0,0,7,0,0,0,0
"파워링크",음료자판기관리,모바일,1,0,0,0,4,0,0,0,0
"파워링크",음료자판기구입,PC,2,0,0,0,6,0,0,0,0
"파워링크",음료자판기구입,모바일,1,1,"1,001","1,001",1,1,0,0,0
"파워링크",음료자판기기계,모바일,1,0,0,0,2,0,0,0,0
"파워링크",음료자판기놀이,PC,1,0,0,0,3,0,0,0,0
"파워링크",음료자판기단기렌탈,PC,1,0,0,0,6,0,0,0,0
"파워링크",음료자판기렌탈,PC,8,0,0,0,9.4,0,0,0,0
"파워링크",음료자판기만들기,모바일,1,0,0,0,1,0,0,0,0
"파워링크",음료자판기매입,PC,4,0,0,0,5.5,0,0,0,0
"파워링크",음료자판기매입,모바일,6,1,924,924,2.2,8,"1,220",0,0
"파워링크",음료자판기사업,PC,26,1,946,946,5.2,1,0,0,0
"파워링크",음료자판기사업,모바일,26,7,685,"4,796",1.3,1.13,12.5,0,0
"파워링크",음료자판기설치,PC,13,0,0,0,5.7,0,0,0,0
"파워링크",음료자판기설치,모바일,2,0,0,0,2.5,0,0,0,0
"파워링크",음료자판기설치비용,모바일,1,0,0,0,1,0,0,0,0
"파워링크",음료자판기설치하는곳,모바일,1,1,264,264,1,0,0,0,0
"파워링크",음료자판기수익,PC,2,0,0,0,2.5,0,0,0,0
"파워링크",음료자판기수익,모바일,2,0,0,0,1.5,0,0,0,0
"파워링크",음료자판기아이디어,모바일,2,0,0,0,1.5,0,0,0,0
"파워링크",음료자판기위탁,PC,2,0,0,0,5,0,0,0,0
"파워링크",음료자판기위탁,모바일,4,0,0,0,2,0,0,0,0
"파워링크",음료자판기위탁운영,PC,3,0,0,0,6.3,0,0,0,0
"파워링크",음료자판기임대,PC,21,0,0,0,6,0,0,0,0
"파워링크",음료자판기임대,모바일,7,1,572,572,4,1,0,0,0
"파워링크",음료자판기임대가격,모바일,2,1,935,935,1,1,0,0,0
"파워링크",음료자판기임대료,모바일,1,0,0,0,1,0,0,0,0
"파워링크",음료자판기제조,모바일,1,1,858,858,2,1,0,0,0
"파워링크",음료자판기창업,모바일,4,0,0,0,2,0,0,0,0
"파워링크",음료자판기창업비용,모바일,1,0,0,0,2,0,0,0,0
"파워링크",음료자판기회사설치,모바일,2,0,0,0,3,0,0,0,0
"파워링크",음료제조자판기,모바일,1,0,0,0,1,0,0,0,0
"파워링크",음료중고자판기,PC,2,0,0,0,6,0,0,0,0
"파워링크",음료키오스크,PC,1,0,0,0,3,0,0,0,0
"파워링크",인천자판기,PC,13,1,"1,089","1,089",3.2,2,36,0,0
"파워링크",인천자판기,모바일,4,0,0,0,3.8,0,0,0,0
"파워링크",일회용품자판기,PC,12,1,"1,155","1,155",4.3,1,0,0,0
"파워링크",일회용품자판기,모바일,2,1,484,484,4.5,1,0,0,0
"파워링크",자동음료자판기,모바일,1,0,0,0,2,0,0,0,0
"파워링크",자동자판기대여,PC,1,0,0,0,2,0,0,0,0
"파워링크",자동자판기로,모바일,2,0,0,0,1,0,0,0,0
"파워링크",자동자판기업종,PC,1,0,0,0,1,0,0,0,0
"파워링크",자동판매기,모바일,1,0,0,0,37,0,0,0,0
"파워링크",자동판매기렌탈,PC,2,1,77,77,8.5,1,0,0,0
"파워링크",자동판매기렌탈,모바일,3,0,0,0,12,0,0,0,0
"파워링크",자동판매기무인판매기,PC,1,0,0,0,1,0,0,0,0
"파워링크",자동판매기사업,PC,1,0,0,0,3,0,0,0,0
"파워링크",자동판매기사용법,모바일,2,0,0,0,2,0,0,0,0
"파워링크",자동판매기업,PC,1,0,0,0,1,0,0,0,0
"파워링크",자동판매기운영,모바일,2,0,0,0,3,0,0,0,0
"파워링크",자동판매기자판기,PC,1,1,"1,067","1,067",2,4,55,0,0
"파워링크",자동판매기자판기,모바일,1,0,0,0,1,0,0,0,0
"파워링크",자동판매기제조사,PC,1,0,0,0,2,0,0,0,0
"파워링크",자동판매기중고매입,모바일,1,0,0,0,1,0,0,0,0
"파워링크",자동판매기창업,PC,1,0,0,0,1,0,0,0,0
"파워링크",자동판매기판매업,PC,1,0,0,0,1,0,0,0,0
"파워링크",자판기,PC,17,2,99,198,54.5,1,0,0,0
"파워링크",자판기,모바일,3,0,0,0,41.3,0,0,0,0
"파워링크",자판기.,PC,1,0,0,0,2,0,0,0,0
"파워링크",자판기.임대,모바일,1,0,0,0,1,0,0,0,0
"파워링크",자판기10만원,모바일,2,0,0,0,1.5,0,0,0,0
"파워링크",자판기6340,PC,1,0,0,0,3,0,0,0,0
"파워링크",자판기AS,PC,3,0,0,0,3.7,0,0,0,0
"파워링크",자판기AS,모바일,4,0,0,0,3.5,0,0,0,0
"파워링크",자판기AS업체,PC,1,0,0,0,1,0,0,0,0
"파워링크",자판기가게,모바일,1,1,396,396,1,1,0,0,0
"파워링크",자판기가맹,PC,1,0,0,0,3,0,0,0,0
"파워링크",자판기가필요한곳,PC,2,1,77,77,2,0,0,0,0
"파워링크",자판기개조,모바일,1,0,0,0,2,0,0,0,0
"파워링크",자판기공간임대,PC,3,0,0,0,1,0,0,0,0
"파워링크",자판기공장,PC,2,0,0,0,3,0,0,0,0
"파워링크",자판기공장,모바일,2,0,0,0,2.5,0,0,0,0
"파워링크",자판기관리,PC,17,1,363,363,6.5,1,0,0,0
"파워링크",자판기관리,모바일,4,0,0,0,4,0,0,0,0
"파워링크",자판기관리매입,PC,1,0,0,0,3,0,0,0,0
"파워링크",자판기관리업,모바일,2,0,0,0,1.5,0,0,0,0
"파워링크",자판기관리업체,PC,1,0,0,0,10,0,0,0,0
"파워링크",자판기구매,PC,11,0,0,0,6.5,0,0,0,0
"파워링크",자판기구매비용,모바일,2,0,0,0,1,0,0,0,0
"파워링크",자판기구입,PC,2,0,0,0,9.5,0,0,0,0
"파워링크",자판기기계대여,모바일,1,0,0,0,2,0,0,0,0
"파워링크",자판기기계임대,모바일,1,0,0,0,2,0,0,0,0
"파워링크",자판기기계판매점,모바일,1,1,869,869,1,4,64,0,0
"파워링크",자판기단기대여,PC,1,0,0,0,2,0,0,0,0
"파워링크",자판기단기임대,PC,1,0,0,0,3,0,0,0,0
"파워링크",자판기대리운영,PC,1,0,0,0,1,0,0,0,0
"파워링크",자판기대리점,PC,1,0,0,0,1,0,0,0,0
"파워링크",자판기대리점,모바일,2,0,0,0,1.5,0,0,0,0
"파워링크",자판기대여,PC,78,5,"1,681","8,404",4.8,1.6,6.8,0,0
"파워링크",자판기대여,모바일,33,3,"1,683","5,049",3.7,1.75,13,0,0
"파워링크",자판기대여가격,PC,6,0,0,0,3.3,0,0,0,0
"파워링크",자판기대여가격,모바일,11,2,990,"1,980",1.4,1,0,0,0
"파워링크",자판기대여관리,모바일,1,1,924,924,1,1,0,0,0
"파워링크",자판기대여방법,모바일,2,1,"1,111","1,111",2,1,0,0,0
"파워링크",자판기대여비,PC,1,0,0,0,1,0,0,0,0
"파워링크",자판기대여비용,PC,8,1,847,847,3.6,3,8,0,0
"파워링크",자판기대여비용,모바일,3,1,748,748,2,1,0,0,0
"파워링크",자판기대여사업,PC,2,0,0,0,1,0,0,0,0
"파워링크",자판기대여사업,모바일,3,0,0,0,1.7,0,0,0,0
"파워링크",자판기대행,모바일,1,0,0,0,3,0,0,0,0
"파워링크",자판기도매,모바일,1,0,0,0,4,0,0,0,0
"파워링크",자판기도매업체,PC,1,0,0,0,1,0,0,0,0
"파워링크",자판기렌탈,PC,165,13,"1,980","25,740",4.6,2.17,89.17,0,0
"파워링크",자판기렌탈,모바일,145,3,"2,204","6,611",4.3,1.25,6.25,0,0
"파워링크",자판기렌탈가격,PC,1,0,0,0,4,0,0,0,0
"파워링크",자판기렌탈가격,모바일,1,0,0,0,2,0,0,0,0
"파워링크",자판기렌탈과위탁운영차이,PC,1,0,0,0,1,0,0,0,0
"파워링크",자판기렌탈관리,PC,3,1,"1,023","1,023",2,4,"1,268",0,0
"파워링크",자판기렌탈료,PC,1,0,0,0,2,0,0,0,0
"파워링크",자판기렌탈비용,PC,4,0,0,0,2.8,0,0,0,0
"파워링크",자판기렌탈비용,모바일,2,0,0,0,3.5,0,0,0,0
"파워링크",자판기렌탈수익,모바일,4,0,0,0,1.5,0,0,0,0
"파워링크",자판기렌탈업체,PC,4,1,902,902,2,4,24,0,0
"파워링크",자판기렌탈업체,모바일,3,2,781,"1,562",3.3,1,0,0,0
"파워링크",자판기렌탈임대,모바일,2,0,0,0,2,0,0,0,0
"파워링크",자판기렌트,PC,3,0,0,0,2,0,0,0,0
"파워링크",자판기렌트,모바일,1,0,0,0,2,0,0,0,0
"파워링크",자판기만25년중고,모바일,1,0,0,0,2,0,0,0,0
"파워링크",자판기만드는공장,모바일,1,0,0,0,1,0,0,0,0
"파워링크",자판기만드는비용,PC,1,0,0,0,1,0,0,0,0
"파워링크",자판기만드는업체,PC,1,0,0,0,1,0,0,0,0
"파워링크",자판기만드는회사,모바일,1,1,825,825,1,1,0,0,0
"파워링크",자판기매입,PC,16,0,0,0,8.7,0,0,0,0
"파워링크",자판기매입,모바일,3,0,0,0,5,0,0,0,0
"파워링크",자판기매입업체,모바일,1,0,0,0,2,0,0,0,0
"파워링크",자판기매장,PC,7,2,468,935,1.1,1,0,0,0
"파워링크",자판기매장,모바일,2,1,594,594,2,1,0,0,0
"파워링크",자판기매장창업,모바일,1,0,0,0,2,0,0,0,0
"파워링크",자판기멀티자판기,PC,1,0,0,0,1,0,0,0,0
"파워링크",자판기멀티자판기,모바일,1,0,0,0,1,0,0,0,0
"파워링크",자판기무상임대,PC,3,0,0,0,7,0,0,0,0
"파워링크",자판기무인매장,모바일,1,0,0,0,1,0,0,0,0
"파워링크",자판기무인창업,PC,1,0,0,0,2,0,0,0,0
"파워링크",자판기물품,PC,2,0,0,0,2,0,0,0,0
"파워링크",자판기물품종류,PC,1,0,0,0,1,0,0,0,0
"파워링크",자판기벤딩,모바일,1,0,0,0,3,0,0,0,0
"파워링크",자판기부업,PC,17,0,0,0,7.2,0,0,0,0
"파워링크",자판기부업,모바일,4,0,0,0,11.8,0,0,0,0
"파워링크",자판기비용,PC,1,0,0,0,5,0,0,0,0
"파워링크",자판기비용,모바일,3,0,0,0,2.7,0,0,0,0
"파워링크",자판기비품,PC,1,0,0,0,1,0,0,0,0
"파워링크",자판기사업,PC,6,0,0,0,35.2,0,0,0,0
"파워링크",자판기사업,모바일,2,0,0,0,37,0,0,0,0
"파워링크",자판기사업방법,PC,1,0,0,0,1,0,0,0,0
"파워링크",자판기사업비용,PC,1,0,0,0,2,0,0,0,0
"파워링크",자판기사업수익,PC,11,0,0,0,1.8,0,0,0,0
"파워링크",자판기사업수익,모바일,33,0,0,0,1.9,0,0,0,0
"파워링크",자판기사업업체,PC,1,0,0,0,3,0,0,0,0
"파워링크",자판기사업위탁업체,모바일,1,1,924,924,1,1.5,13.5,0,0
"파워링크",자판기사업위탁운영,모바일,2,0,0,0,2,0,0,0,0
"파워링크",자판기사업종류,PC,1,0,0,0,1,0,0,0,0
"파워링크",자판기사업지원,모바일,1,0,0,0,2,0,0,0,0
"파워링크",자판기사업창업,PC,1,0,0,0,6,0,0,0,0
"파워링크",자판기사업창업,모바일,3,0,0,0,3.3,0,0,0,0
"파워링크",자판기사업필요,모바일,1,0,0,0,1,0,0,0,0
"파워링크",자판기사업현실,모바일,2,0,0,0,2,0,0,0,0
"파워링크",자판기사용료,PC,1,0,0,0,1,0,0,0,0
"파워링크",자판기상담,모바일,1,0,0,0,4,0,0,0,0
"파워링크",자판기서민갑부,모바일,3,0,0,0,1.3,0,0,0,0
"파워링크",자판기설치,PC,47,2,"1,634","3,267",3.9,2.5,74.75,0,0
"파워링크",자판기설치,모바일,32,2,"1,793","3,586",3.2,1,0,0,0
"파워링크",자판기설치비,모바일,1,0,0,0,2,0,0,0,0
"파워링크",자판기설치사업,PC,1,0,0,0,1,0,0,0,0
"파워링크",자판기설치사업,모바일,2,0,0,0,1,0,0,0,0
"파워링크",자판기설치수익,PC,2,0,0,0,1.5,0,0,0,0
"파워링크",자판기설치업종,PC,1,0,0,0,1,0,0,0,0
"파워링크",자판기설치업체,PC,8,0,0,0,7,0,0,0,0
"파워링크",자판기설치업체,모바일,3,2,941,"1,881",1.3,1,0,0,0
"파워링크",자판기설치위탁,모바일,1,0,0,0,3,0,0,0,0
"파워링크",자판기설치장소,PC,7,0,0,0,2.7,0,0,0,0
"파워링크",자판기설치장소,모바일,3,0,0,0,1.7,0,0,0,0
"파워링크",자판기설치하려면,모바일,1,0,0,0,1,0,0,0,0
"파워링크",자판기센터,PC,2,0,0,0,1.5,0,0,0,0
"파워링크",자판기소자본창업,모바일,1,0,0,0,1,0,0,0,0
"파워링크",자판기수거,PC,1,0,0,0,8,0,0,0,0
"파워링크",자판기수리,PC,44,0,0,0,5.7,0,0,0,0
"파워링크",자판기수리,모바일,25,0,0,0,2.6,0,0,0,0
"파워링크",자판기수리점,모바일,1,0,0,0,1,0,0,0,0
"파워링크",자판기수익,PC,9,0,0,0,2.9,0,0,0,0
"파워링크",자판기수익,모바일,11,0,0,0,3.5,0,0,0,0
"파워링크",자판기수익사업,모바일,1,0,0,0,3,0,0,0,0
"파워링크",자판기스페이스,PC,1,0,0,0,1,0,0,0,0
"파워링크",자판기업종,PC,1,0,0,0,2,0,0,0,0
"파워링크",자판기업종,모바일,2,0,0,0,1,0,0,0,0
"파워링크",자판기업체,PC,33,4,"1,328","5,313",3.8,2.6,16,0,0
"파워링크",자판기업체,모바일,18,1,"1,056","1,056",3.8,1,0,0,0
"파워링크",자판기운영,PC,16,0,0,0,9.1,0,0,0,0
"파워링크",자판기운영비용,PC,2,0,0,0,1,0,0,0,0
"파워링크",자판기운영사업,PC,1,0,0,0,1,0,0,0,0
"파워링크",자판기원두커피,PC,1,0,0,0,1,0,0,0,0
"파워링크",자판기위탁,PC,57,3,"1,566","4,697",4.5,2,145.5,0,0
"파워링크",자판기위탁관리,PC,1,0,0,0,5,0,0,0,0
"파워링크",자판기위탁대여,모바일,1,0,0,0,2,0,0,0,0
"파워링크",자판기위탁업체,PC,1,0,0,0,10,0,0,0,0
"파워링크",자판기위탁운영,PC,58,6,"2,955","17,732",2.9,0,0,0,0
"파워링크",자판기위탁운영임대차,모바일,1,0,0,0,1,0,0,0,0
"파워링크",자판기위탁창업,PC,2,1,825,825,14.5,2,96,0,0
"파워링크",자판기위탁투자,PC,1,0,0,0,2,0,0,0,0
"파워링크",자판기유통,모바일,1,0,0,0,4,0,0,0,0
"파워링크",자판기음료가격,PC,1,0,0,0,5,0,0,0,0
"파워링크",자판기음료도매,PC,1,0,0,0,1,0,0,0,0
"파워링크",자판기음료만들기,PC,1,0,0,0,2,0,0,0,0
"파워링크",자판기음료수수익,PC,1,0,0,0,1,0,0,0,0
"파워링크",자판기음료수창업,PC,1,0,0,0,2,0,0,0,0
"파워링크",자판기음료업체,모바일,1,0,0,0,3,0,0,0,0
"파워링크",자판기음료의종류,모바일,1,0,0,0,3,0,0,0,0
"파워링크",자판기음료임대,모바일,1,0,0,0,1,0,0,0,0
"파워링크",자판기이동비용,PC,1,0,0,0,2,0,0,0,0
"파워링크",자판기이동설치,모바일,1,0,0,0,4,0,0,0,0
"파워링크",자판기임대,PC,58,0,0,0,5.4,0,0,0,0
"파워링크",자판기임대,모바일,38,3,"2,171","6,512",4.7,1.25,5.25,0,0
"파워링크",자판기임대구매,PC,2,0,0,0,2,0,0,0,0
"파워링크",자판기임대료,PC,6,1,792,792,1.3,1,0,0,0
"파워링크",자판기임대료,모바일,5,0,0,0,1,0,0,0,0
"파워링크",자판기임대사업,PC,1,0,0,0,3,0,0,0,0
"파워링크",자판기임대사업,모바일,3,0,0,0,2,0,0,0,0
"파워링크",자판기임대수익,PC,1,0,0,0,1,0,0,0,0
"파워링크",자판기자동판매기,PC,2,0,0,0,1,0,0,0,0
"파워링크",자판기자동판매기,모바일,1,0,0,0,2,0,0,0,0
"파워링크",자판기자리,PC,2,0,0,0,1,0,0,0,0
"파워링크",자판기자리비용,모바일,1,0,0,0,1,0,0,0,0
"파워링크",자판기자리임대,PC,3,0,0,0,3.3,0,0,0,0
"파워링크",자판기자리임대,모바일,1,0,0,0,1,0,0,0,0
"파워링크",자판기장소임대,모바일,1,0,0,0,1,0,0,0,0
"파워링크",자판기전문샵,모바일,1,0,0,0,1,0,0,0,0
"파워링크",자판기점포,모바일,1,0,0,0,2,0,0,0,0
"파워링크",자판기제작공장,PC,2,2,380,759,2.5,2,51,0,0
"파워링크",자판기제작비용,PC,5,1,671,671,2.4,0,0,0,0
"파워링크",자판기제작업체,PC,19,7,690,"4,829",5.1,2.67,17.83,0,0
"파워링크",자판기제작업체,모바일,12,3,664,"1,991",3.3,1,0,0,0
"파워링크",자판기제작회사,모바일,2,0,0,0,1,0,0,0,0
"파워링크",자판기제조,PC,9,1,715,715,4.8,0,0,0,0
"파워링크",자판기제조사,모바일,1,0,0,0,4,0,0,0,0
"파워링크",자판기제조업,PC,3,0,0,0,1.7,0,0,0,0
"파워링크",자판기제조업체,PC,3,1,682,682,5.3,0,0,0,0
"파워링크",자판기제조업체,모바일,1,0,0,0,3,0,0,0,0
"파워링크",자판기제조회사,모바일,1,0,0,0,1,0,0,0,0
"파워링크",자판기주식회사,PC,1,0,0,0,1,0,0,0,0
"파워링크",자판기중고가격,PC,2,0,0,0,2,0,0,0,0
"파워링크",자판기중고렌탈,모바일,1,0,0,0,1,0,0,0,0
"파워링크",자판기중고매입,PC,5,0,0,0,2.6,0,0,0,0
"파워링크",자판기중고매입,모바일,10,2,"1,078","2,156",4.1,1,0,0,0
"파워링크",자판기지원사업,PC,3,0,0,0,2,0,0,0,0
"파워링크",자판기창업,PC,5,1,99,99,36,1,0,0,0
"파워링크",자판기창업,모바일,126,1,99,99,3.2,1,0,0,0
"파워링크",자판기창업비용,PC,4,0,0,0,2.3,0,0,0,0
"파워링크",자판기창업비용,모바일,11,1,"1,133","1,133",1.6,1,0,0,0
"파워링크",자판기창업프랜차이즈,모바일,2,0,0,0,1,0,0,0,0
"파워링크",자판기창업후기,모바일,1,0,0,0,1,0,0,0,0
"파워링크",자판기총판,모바일,1,0,0,0,1,0,0,0,0
"파워링크",자판기카드설치,모바일,2,1,968,968,1,1,0,0,0
"파워링크",자판기카페사업자,모바일,2,0,0,0,1.5,0,0,0,0
"파워링크",자판기커피도매,PC,1,0,0,0,3,0,0,0,0
"파워링크",자판기커피렌탈,PC,1,0,0,0,9,0,0,0,0
"파워링크",자판기판매,PC,14,0,0,0,5.4,0,0,0,0
"파워링크",자판기판매,모바일,6,0,0,0,4.2,0,0,0,0
"파워링크",자판기판매기중고음료수,모바일,1,0,0,0,3,0,0,0,0
"파워링크",자판기판매점,PC,1,0,0,0,2,0,0,0,0
"파워링크",자판기판매점,모바일,1,0,0,0,1,0,0,0,0
"파워링크",자판기판매점중고,모바일,1,0,0,0,1,0,0,0,0
"파워링크",자판기팝니다,모바일,1,0,0,0,1,0,0,0,0
"파워링크",자판기편의점,PC,2,0,0,0,7.5,0,0,0,0
"파워링크",자판기하프밴딩,PC,2,1,77,77,1.5,0,0,0,0
"파워링크",자판기현황,모바일,1,0,0,0,1,0,0,0,0
"파워링크",자판기회사,PC,9,0,0,0,5.2,0,0,0,0
"파워링크",자판기회사,모바일,7,1,759,759,4,1.5,0.5,0,0
"파워링크",장난감자판기대여,PC,1,1,297,297,1,5,130,0,0
"파워링크",장난감자판기렌탈,PC,1,0,0,0,1,0,0,0,0
"파워링크",장난감자판기사업,PC,1,0,0,0,3,0,0,0,0
"파워링크",장례식장자판기,PC,6,2,72,143,1.3,3,17,0,0
"파워링크",전자담배자판기,PC,191,3,587,"1,760",7.7,3.33,50.33,0,0
"파워링크",전자담배자판기,모바일,8,0,0,0,7.8,0,0,0,0
"파워링크",제작자판기,PC,1,0,0,0,1,0,0,0,0
"파워링크",주류판매자판기,PC,1,0,0,0,2,0,0,0,0
"파워링크",주식회사스페이스,PC,4,0,0,0,1,0,0,0,0
"파워링크",중고거래자판기,모바일,1,0,0,0,2,0,0,0,0
"파워링크",중고라면자판기,PC,3,0,0,0,2.3,0,0,0,0
"파워링크",중고멀티스페이스,모바일,1,0,0,0,1,0,0,0,0
"파워링크",중고멀티자판기,PC,15,0,0,0,6.3,0,0,0,0
"파워링크",중고멀티자판기,모바일,3,0,0,0,7.3,0,0,0,0
"파워링크",중고무인자판기,모바일,1,0,0,0,1,0,0,0,0
"파워링크",중고물품자판기,모바일,1,0,0,0,1,0,0,0,0
"파워링크",중고생수자판기,모바일,1,0,0,0,1,0,0,0,0
"파워링크",중고술자판기,PC,1,0,0,0,3,0,0,0,0
"파워링크",중고스마트자판기,모바일,1,0,0,0,1,0,0,0,0
"파워링크",중고아이스크림자판기,모바일,1,0,0,0,2,0,0,0,0
"파워링크",중고용품자판기,PC,1,0,0,0,2,0,0,0,0
"파워링크",중고음료수자판기,PC,1,0,0,0,9,0,0,0,0
"파워링크",중고음료수자판기,모바일,1,0,0,0,6,0,0,0,0
"파워링크",중고음료자동판매기,PC,2,0,0,0,5.5,0,0,0,0
"파워링크",중고음료자판기,PC,1,0,0,0,3,0,0,0,0
"파워링크",중고자동자판기,모바일,1,0,0,0,1,0,0,0,0
"파워링크",중고자판기,PC,4,0,0,0,20.5,0,0,0,0
"파워링크",중고자판기,모바일,1,0,0,0,29,0,0,0,0
"파워링크",중고자판기AS,모바일,1,1,968,968,2,2,108,0,0
"파워링크",중고자판기구매,PC,3,0,0,0,6,0,0,0,0
"파워링크",중고자판기구입,모바일,1,0,0,0,2,0,0,0,0
"파워링크",중고자판기렌탈,PC,2,0,0,0,5,0,0,0,0
"파워링크",중고자판기렌탈,모바일,2,0,0,0,2.5,0,0,0,0
"파워링크",중고자판기매입,모바일,2,0,0,0,13.5,0,0,0,0
"파워링크",중고자판기매장,PC,1,0,0,0,2,0,0,0,0
"파워링크",중고자판기사업,PC,1,0,0,0,2,0,0,0,0
"파워링크",중고자판기업체,PC,1,0,0,0,3,0,0,0,0
"파워링크",중고자판기임대,모바일,1,0,0,0,1,0,0,0,0
"파워링크",중고자판기판매점,모바일,1,0,0,0,1,0,0,0,0
"파워링크",중고캔음료자판기,PC,2,0,0,0,9,0,0,0,0
"파워링크",중고캔자판기,PC,6,0,0,0,7,0,0,0,0
"파워링크",중고캔자판기,모바일,2,0,0,0,2.5,0,0,0,0
"파워링크",중고품자판기,모바일,1,0,0,0,1,0,0,0,0
"파워링크",진흥자판기,PC,1,0,0,0,1,0,0,0,0
"파워링크",진흥자판기,모바일,3,0,0,0,1,0,0,0,0
"파워링크",찜질방자판기,PC,2,0,0,0,9.5,0,0,0,0
"파워링크",찜질방자판기,모바일,1,0,0,0,1,0,0,0,0
"파워링크",천안자판기,PC,16,0,0,0,8.9,0,0,0,0
"파워링크",천안자판기,모바일,4,0,0,0,11,0,0,0,0
"파워링크",치과자판기,PC,2,0,0,0,1.5,0,0,0,0
"파워링크",치과자판기,모바일,2,0,0,0,1.5,0,0,0,0
"파워링크",카페1인머신,모바일,1,0,0,0,1,0,0,0,0
"파워링크",카페24무인카페,모바일,1,0,0,0,3,0,0,0,0
"파워링크",카페24창업한달,모바일,1,0,0,0,2,0,0,0,0
"파워링크",카페머신브랜드,PC,1,0,0,0,2,0,0,0,0
"파워링크",카페머신사용,모바일,1,0,0,0,2,0,0,0,0
"파워링크",카페무인,모바일,2,0,0,0,4,0,0,0,0
"파워링크",카페아이스머신,모바일,2,0,0,0,1,0,0,0,0
"파워링크",카페얼음머신,모바일,1,0,0,0,3,0,0,0,0
"파워링크",카페인건비운영,PC,1,0,0,0,2,0,0,0,0
"파워링크",카페자판기,PC,9,1,770,770,1.4,1,0,0,0
"파워링크",카페자판기,모바일,26,2,787,"1,573",2.8,1,0,0,0
"파워링크",카페자판기렌탈,모바일,1,0,0,0,1,0,0,0,0
"파워링크",카페자판기설치,모바일,1,0,0,0,1,0,0,0,0
"파워링크",카페자판기임대,모바일,1,0,0,0,1,0,0,0,0
"파워링크",카페자판기제작,모바일,4,1,737,737,2,1,0,0,0
"파워링크",카페정점,PC,1,0,0,0,1,0,0,0,0
"파워링크",카페정점,모바일,9,0,0,0,1,0,0,0,0
"파워링크",카페커피기계자판기렌탈,모바일,1,0,0,0,3,0,0,0,0
"파워링크",카페하프,PC,1,0,0,0,2,0,0,0,0
"파워링크",카페하프,모바일,2,0,0,0,1.5,0,0,0,0
"파워링크",캔수거자판기,모바일,3,0,0,0,1,0,0,0,0
"파워링크",캔음료자판기렌탈,모바일,1,0,0,0,3,0,0,0,0
"파워링크",캔자판기구매,모바일,2,0,0,0,3,0,0,0,0
"파워링크",캔자판기대여,PC,1,0,0,0,4,0,0,0,0
"파워링크",캔자판기렌탈,PC,5,0,0,0,6,0,0,0,0
"파워링크",캔자판기렌탈,모바일,1,0,0,0,1,0,0,0,0
"파워링크",캔자판기렌탈업체,PC,1,0,0,0,3,0,0,0,0
"파워링크",캔자판기사업,모바일,1,0,0,0,2,0,0,0,0
"파워링크",캔자판기설치,모바일,2,0,0,0,1,0,0,0,0
"파워링크",캔자판기음료구입,PC,1,0,0,0,3,0,0,0,0
"파워링크",캔자판기임대,PC,3,2,776,"1,551",8,2.5,32.5,0,0
"파워링크",캔자판기임대,모바일,1,0,0,0,1,0,0,0,0
"파워링크",캔자판기중고,PC,1,0,0,0,7,0,0,0,0
"파워링크",캔자판기중고,모바일,1,0,0,0,2,0,0,0,0
"파워링크",캔페트음료수자판기,PC,1,0,0,0,3,0,0,0,0
"파워링크",캔페트자판기,PC,3,1,"1,012","1,012",5.3,3,14,0,0
"파워링크",커피무인머신중고,모바일,1,0,0,0,1,0,0,0,0
"파워링크",커피무인자판기중고,모바일,2,1,770,770,2,1,0,0,0
"파워링크",커피숍자판기임대,PC,1,1,"1,067","1,067",2,1,0,0,0
"파워링크",커피자판기단기렌탈,모바일,1,0,0,0,2,0,0,0,0
"파워링크",케이크자판기,PC,2,0,0,0,1,0,0,0,0
"파워링크",케이크자판기,모바일,6,0,0,0,2.5,0,0,0,0
"파워링크",코인빨래방가격,모바일,7,0,0,0,5.4,0,0,0,0
"파워링크",키오스크자동판매기,모바일,1,0,0,0,1,0,0,0,0
"파워링크",키트자판기,모바일,1,0,0,0,1,0,0,0,0
"파워링크",타임무인카페,모바일,1,0,0,0,3,0,0,0,0
"파워링크",터치빈,PC,1,0,0,0,3,0,0,0,0
"파워링크",터치빈,모바일,37,1,77,77,3.4,2.5,70.5,0,0
"파워링크",티셔츠제작자판기,PC,1,0,0,0,3,0,0,0,0
"파워링크",티타임A1,PC,2,0,0,0,9.5,0,0,0,0
"파워링크",티타임A1무인카페커피머신중고매입업체,PC,1,0,0,0,2,0,0,0,0
"파워링크",펜션자판기,PC,2,0,0,0,2.5,0,0,0,0
"파워링크",펜션자판기,모바일,1,0,0,0,1,0,0,0,0
"파워링크",편의점무인시스템,모바일,1,0,0,0,3,0,0,0,0
"파워링크",평택자판기,PC,8,0,0,0,13,0,0,0,0
"파워링크",평택자판기,모바일,9,0,0,0,13.7,0,0,0,0
"파워링크",하이밴딩,PC,12,4,61,242,1.8,0,0,0,0
"파워링크",하이밴딩,모바일,10,1,77,77,1.8,0,0,0,0
"파워링크",하이밴딩자판기,PC,3,2,77,154,1,0,0,0,0
"파워링크",하이밴딩자판기,모바일,1,0,0,0,1,0,0,0,0
"파워링크",하이벤딩,PC,1,1,77,77,1,0,0,0,0
"파워링크",하이벤딩,모바일,2,0,0,0,1,0,0,0,0
"파워링크",하이벤딩위탁운영,모바일,1,0,0,0,1,0,0,0,0
"파워링크",하이벤딩자판기,PC,10,5,77,385,1,0,0,0,0
"파워링크",하이벤딩자판기,모바일,9,4,77,308,1,0,0,0,0
"파워링크",하프머신,모바일,1,0,0,0,1,0,0,0,0
"파워링크",하프밴딩자판기,PC,1,0,0,0,1,0,0,0,0
"파워링크",하프밴딩자판기,모바일,1,0,0,0,1,0,0,0,0
"파워링크",하프스페이스,PC,532,36,61,"2,178",1.8,2.59,60.48,0,0
"파워링크",하프스페이스,모바일,997,44,65,"2,871",1.8,1.67,21.05,0,0
"파워링크",하프스페이스:,PC,3,1,55,55,2,3,133,0,0
"파워링크",하프스페이스렌탈자판기AS,PC,1,0,0,0,1,0,0,0,0
"파워링크",하프스페이스무인커피,모바일,2,0,0,0,1.5,0,0,0,0
"파워링크",하프스페이스자판기,PC,5,0,0,0,1.8,0,0,0,0
"파워링크",하프스페이스자판기,모바일,24,2,66,132,1.5,0,0,0,0
"파워링크",하프스페이스자판기AS,PC,1,0,0,0,1,0,0,0,0
"파워링크",하프스페이스카페,PC,2,1,77,77,1,0,0,0,0
"파워링크",하프자판기,모바일,1,1,77,77,1,1,0,0,0
"파워링크",하프카페,PC,16,1,55,55,1.7,2,8,0,0
"파워링크",하프카페,모바일,291,1,77,77,2.8,1,0,0,0
"파워링크",학교간식자판기,모바일,1,0,0,0,3,0,0,0,0
"파워링크",학교자판기설치,모바일,3,0,0,0,2.3,0,0,0,0
"파워링크",학원무인자판기,PC,1,0,0,0,1,0,0,0,0
"파워링크",학원자판기,PC,10,0,0,0,6.8,0,0,0,0
"파워링크",학원자판기,모바일,3,1,88,88,4.7,0,0,0,0
"파워링크",한스밴딩자판기,PC,1,1,77,77,1,0,0,0,0
"파워링크",한스벤딩,PC,2,2,77,154,1,0,0,0,0
"파워링크",행사용자판기,PC,3,0,0,0,2,0,0,0,0
"파워링크",행크무인카페창업,모바일,1,0,0,0,1,0,0,0,0
"파워링크",헬스자판기,PC,1,0,0,0,1,0,0,0,0
"파워링크",헬스자판기,모바일,2,0,0,0,1,0,0,0,0
"파워링크",헬스장멀티자판기,PC,1,0,0,0,1,0,0,0,0
"파워링크",헬스장무인자판기,모바일,1,0,0,0,1,0,0,0,0
"파워링크",헬스장자판기,PC,47,0,0,0,8.9,0,0,0,0
"파워링크",헬스장자판기중고,PC,1,0,0,0,3,0,0,0,0
"파워링크",헬스장중고자판기,PC,1,0,0,0,3,0,0,0,0
"파워링크",호텔비품자판기,PC,2,0,0,0,5.5,0,0,0,0
"파워링크",호텔자판기,PC,19,0,0,0,4.9,0,0,0,0
"파워링크",화장품자판기,PC,17,1,297,297,4.4,3,182,0,0
"파워링크",화장품자판기,모바일,11,0,0,0,3.4,0,0,0,0
"파워링크",회사내자판기설치,PC,1,0,0,0,2,0,0,0,0
"파워링크",회사무인카페,PC,1,0,0,0,6,0,0,0,0
"파워링크",회사무인카페,모바일,4,0,0,0,3.5,0,0,0,0
"파워링크",회사자판기,PC,10,3,"1,910","5,731",3.8,3,29,1,100
"파워링크",회사자판기,모바일,1,0,0,0,3,0,0,0,0
"파워링크",회사자판기설치,PC,1,0,0,0,6,0,0,0,0
"쇼핑검색",-,PC,"4,386",24,136,"3,256",4.8,1.11,6.11,0,0
"쇼핑검색",-,모바일,"562,326",489,145,"70,796",9.7,1.14,9.49,0,0
"쇼핑검색",1구자판기,PC,2,0,0,0,1,0,0,0,0
"쇼핑검색",1구자판기최저가,모바일,2,0,0,0,1.5,0,0,0,0
"쇼핑검색",1리터커피무인창업,모바일,1,0,0,0,1,0,0,0,0
"쇼핑검색",1위무인카페,PC,6,0,0,0,7.3,0,0,0,0
"쇼핑검색",24시무인창업,모바일,3,0,0,0,2.7,0,0,0,0
"쇼핑검색",25년주방모델,PC,1,0,0,0,1,0,0,0,0
"쇼핑검색",2층무인창업,PC,1,0,0,0,2,0,0,0,0
"쇼핑검색",2층무인창업,모바일,3,0,0,0,1.7,0,0,0,0
"쇼핑검색",301BL,PC,3,2,72,143,1.3,1,0,0,0
"쇼핑검색",301BL,모바일,23,0,0,0,3.3,0,0,0,0
"쇼핑검색",301자판기,모바일,6,0,0,0,1.3,0,0,0,0
"쇼핑검색",30칸음료자판기,PC,1,0,0,0,2,0,0,0,0
"쇼핑검색",482롯데자판기블랙,PC,1,0,0,0,2,0,0,0,0
"쇼핑검색",483.멀티자판기,모바일,3,0,0,0,5.3,0,0,0,0
"쇼핑검색",483SRLC,PC,3,0,0,0,2,0,0,0,0
"쇼핑검색",483SRLC중고,PC,1,0,0,0,1,0,0,0,0
"쇼핑검색",50대차어무인창업,모바일,1,0,0,0,2,0,0,0,0
"쇼핑검색",50대창업무인,모바일,1,0,0,0,2,0,0,0,0
"쇼핑검색",562BL,모바일,8,0,0,0,2.8,0,0,0,0
"쇼핑검색",562자판기,모바일,1,0,0,0,3,0,0,0,0
"쇼핑검색",6340KAD,PC,10,0,0,0,3.8,0,0,0,0
"쇼핑검색",6340KAD,모바일,34,1,88,88,4.4,1,0,0,0
"쇼핑검색",6341KAD,PC,15,0,0,0,1.3,0,0,0,0
"쇼핑검색",6341KAD,모바일,2,0,0,0,1,0,0,0,0
"쇼핑검색",BL메이커,모바일,3,0,0,0,6,0,0,0,0
"쇼핑검색",BUNCH커피스페이스,PC,2,0,0,0,1.5,0,0,0,0
"쇼핑검색",CAFE25자판기,PC,2,0,0,0,1,0,0,0,0
"쇼핑검색",COFFEEBAR무인자판기,모바일,4,0,0,0,7,0,0,0,0
"쇼핑검색",COFFEEBAR자판기,PC,2,0,0,0,5.5,0,0,0,0
"쇼핑검색",COFFEEBAR자판기,모바일,20,1,77,77,6.3,1,0,0,0
"쇼핑검색",EMT미수신롯데LVM6340KAD,PC,1,0,0,0,2,0,0,0,0
"쇼핑검색",HUMPBREW,PC,2,0,0,0,2.5,0,0,0,0
"쇼핑검색",KIOSKCOFFEE,PC,4,0,0,0,1,0,0,0,0
"쇼핑검색",LOTTE음료자판기,모바일,3,0,0,0,3,0,0,0,0
"쇼핑검색",LVC-522,모바일,1,0,0,0,2,0,0,0,0
"쇼핑검색",LVM,모바일,3,0,0,0,7.7,0,0,0,0
"쇼핑검색",LVM-482,PC,6,2,143,286,1,1,0,0,0
"쇼핑검색",LVM-482,모바일,16,0,0,0,1,0,0,0,0
"쇼핑검색",LVM-482MRL,PC,2,0,0,0,1,0,0,0,0
"쇼핑검색",LVM-482MRL,모바일,3,0,0,0,1,0,0,0,0
"쇼핑검색",LVM-482SAL,PC,1,0,0,0,1,0,0,0,0
"쇼핑검색",LVM-482메뉴얼,모바일,1,0,0,0,1,0,0,0,0
"쇼핑검색",LVM-482현금,모바일,1,0,0,0,1,0,0,0,0
"쇼핑검색",LVM-483,PC,7,0,0,0,1.7,0,0,0,0
"쇼핑검색",LVM-483,모바일,11,0,0,0,3.5,0,0,0,0
"쇼핑검색",LVM-483MRLL,모바일,1,0,0,0,3,0,0,0,0
"쇼핑검색",LVM-483MRLS,PC,1,0,0,0,2,0,0,0,0
"쇼핑검색",LVM-483MRLSC,모바일,1,0,0,0,3,0,0,0,0
"쇼핑검색",LVM-483SRL,PC,40,1,187,187,1.7,1,0,0,0
"쇼핑검색",LVM-483SRL,모바일,9,0,0,0,1.8,0,0,0,0
"쇼핑검색",LVM-483SRLC,PC,5,1,154,154,2.8,1,0,0,0
"쇼핑검색",LVM-483SRLCS,PC,1,0,0,0,2,0,0,0,0
"쇼핑검색",LVM-483SRL설치,PC,3,0,0,0,2,0,0,0,0
"쇼핑검색",LVM-483SRL실외설치,PC,1,0,0,0,2,0,0,0,0
"쇼핑검색",LVM-483SRL중고,PC,1,0,0,0,1,0,0,0,0
"쇼핑검색",LVM-483SRL판매가,PC,1,0,0,0,1,0,0,0,0
"쇼핑검색",LVM-483슬림,PC,2,0,0,0,4,0,0,0,0
"쇼핑검색",LVM-483중고,PC,1,0,0,0,1,0,0,0,0
"쇼핑검색",LVM-6340KAD,PC,24,1,88,88,3.3,1,0,0,0
"쇼핑검색",LVM-6340KAD,모바일,22,0,0,0,3.1,0,0,0,0
"쇼핑검색",LVM-6341,PC,1,0,0,0,4,0,0,0,0
"쇼핑검색",LVM-6341,모바일,2,1,55,55,2.5,2,3,0,0
"쇼핑검색",LVM-6341KAD,PC,7,0,0,0,1.3,0,0,0,0
"쇼핑검색",LVM-6341KAD,모바일,1,0,0,0,1,0,0,0,0
"쇼핑검색",LVM482,PC,14,0,0,0,1,0,0,0,0
"쇼핑검색",LVM482,모바일,2,0,0,0,1,0,0,0,0
"쇼핑검색",LVM482LFT,모바일,1,0,0,0,1,0,0,0,0
"쇼핑검색",LVM482SRLC,PC,2,0,0,0,1,0,0,0,0
"쇼핑검색",LVM482모델,PC,1,0,0,0,1,0,0,0,0
"쇼핑검색",LVM482자판기,모바일,2,0,0,0,1,0,0,0,0
"쇼핑검색",LVM483,PC,8,0,0,0,2.8,0,0,0,0
"쇼핑검색",LVM483,모바일,10,1,110,110,3.8,1,0,0,0
"쇼핑검색",LVM483LRLL,PC,1,0,0,0,2,0,0,0,0
"쇼핑검색",LVM483MRL,모바일,1,0,0,0,3,0,0,0,0
"쇼핑검색",LVM483MRLL,PC,1,0,0,0,2,0,0,0,0
"쇼핑검색",LVM483NRLSC,PC,1,0,0,0,2,0,0,0,0
"쇼핑검색",LVM483SRL,PC,3,0,0,0,2,0,0,0,0
"쇼핑검색",LVM483SRL,모바일,2,1,187,187,2,1,0,0,0
"쇼핑검색",LVM483SRLC,PC,10,0,0,0,2.2,0,0,0,0
"쇼핑검색",LVM483SRLC,모바일,8,1,66,66,2.5,1,0,0,0
"쇼핑검색",LVM6340,PC,2,0,0,0,1.5,0,0,0,0
"쇼핑검색",LVM6340,모바일,2,0,0,0,5,0,0,0,0
"쇼핑검색",LVM6340KAD,PC,14,0,0,0,1.8,0,0,0,0
"쇼핑검색",LVM6340KAD,모바일,14,0,0,0,2.7,1,0,0,0
"쇼핑검색",LVM6340KB렌탈,PC,2,0,0,0,3,0,0,0,0
"쇼핑검색",LVM6340메뉴,모바일,1,0,0,0,1,0,0,0,0
"쇼핑검색",LVM6341,PC,3,0,0,0,1,0,0,0,0
"쇼핑검색",LVM6341KAD,PC,3,0,0,0,1,0,0,0,0
"쇼핑검색",LVM모델,PC,2,0,0,0,1,0,0,0,0
"쇼핑검색",LVM설치여부확인,PC,1,0,0,0,1,0,0,0,0
"쇼핑검색",LVM커피머신,모바일,3,0,0,0,6.7,0,0,0,0
"쇼핑검색",LVM커피머신하프스페이스,모바일,6,0,0,0,1.3,0,0,0,0
"쇼핑검색",SIRENCOFFEESRL,PC,2,0,0,0,2,0,0,0,0
"쇼핑검색",SPACE301,PC,3,0,0,0,1.3,0,0,0,0
"쇼핑검색",가전렌탈사업창업,모바일,2,0,0,0,1.5,0,0,0,0
"쇼핑검색",가정용자판기,PC,1,0,0,0,5,0,0,0,0
"쇼핑검색",가정용자판기,모바일,1,0,0,0,4,0,0,0,0
"쇼핑검색",간식자판기,PC,5,0,0,0,4.8,0,0,0,0
"쇼핑검색",간식자판기,모바일,5,0,0,0,4.6,0,0,0,0
"쇼핑검색",간식자판기매출,모바일,2,0,0,0,2.5,0,0,0,0
"쇼핑검색",강주은커피,모바일,2,0,0,0,7,0,0,0,0
"쇼핑검색",경남멀티자판기,PC,1,0,0,0,2,0,0,0,0
"쇼핑검색",곰커피멀티자판기,모바일,1,0,0,0,2,0,0,0,0
"쇼핑검색",공공청사내자판기설치,PC,1,0,0,0,2,0,0,0,0
"쇼핑검색",과자자판기,PC,3,0,0,0,2.7,0,0,0,0
"쇼핑검색",과자자판기,모바일,2,0,0,0,5.5,0,0,0,0
"쇼핑검색",과자자판기가격,모바일,1,0,0,0,2,0,0,0,0
"쇼핑검색",관리소커피자판기설치,PC,1,0,0,0,1,0,0,0,0
"쇼핑검색",광안리음료자판기,모바일,12,1,187,187,5.6,1,0,0,0
"쇼핑검색",광주광역시음료수자판기임대,PC,2,0,0,0,3.5,0,0,0,0
"쇼핑검색",광주광역시중고자판기,PC,1,0,0,0,1,0,0,0,0
"쇼핑검색",광주음료자판기,PC,1,0,0,0,4,0,0,0,0
"쇼핑검색",광주음료자판기임대,PC,2,0,0,0,3.5,0,0,0,0
"쇼핑검색",광주커피자판기수리,모바일,1,0,0,0,2,0,0,0,0
"쇼핑검색",광진구중고자판기매입,모바일,1,0,0,0,1,0,0,0,0
"쇼핑검색",교내자판기설치사례,PC,1,0,0,0,2,0,0,0,0
"쇼핑검색",군산멀티자판기,PC,1,0,0,0,2,0,0,0,0
"쇼핑검색",금자판기창업,모바일,1,0,0,0,2,0,0,0,0
"쇼핑검색",금화자동자판기,PC,1,0,0,0,2,0,0,0,0
"쇼핑검색",기업멀티자판기,모바일,1,0,0,0,2,0,0,0,0
"쇼핑검색",길목에설치하면좋은자판기,모바일,1,0,0,0,2,0,0,0,0
"쇼핑검색",김포아파트과자음료자판기렌탈,PC,1,0,0,0,4,0,0,0,0
"쇼핑검색",김해음료자판기대여,PC,1,0,0,0,4,0,0,0,0
"쇼핑검색",꽃자판기,모바일,2,0,0,0,1,0,0,0,0
"쇼핑검색",남양주중고자판기,모바일,1,0,0,0,1,0,0,0,0
"쇼핑검색",냉온자판기,모바일,3,0,0,0,5,0,0,0,0
"쇼핑검색",냉장멀티자판기,PC,2,0,0,0,2,0,0,0,0
"쇼핑검색",네이버스마트자판기,모바일,2,0,0,0,1,0,0,0,0
"쇼핑검색",네이버중고커피,모바일,1,0,0,0,1,0,0,0,0
"쇼핑검색",노란색자판기,PC,2,0,0,0,1.5,0,0,0,0
"쇼핑검색",노란색커피메이커,모바일,1,0,0,0,1,0,0,0,0
"쇼핑검색",노란자판기,모바일,2,0,0,0,1.5,0,0,0,0
"쇼핑검색",다양한카페제품,모바일,1,0,0,0,1,0,0,0,0
"쇼핑검색",닭가슴살자판기,모바일,2,0,0,0,3.5,0,0,0,0
"쇼핑검색",대도로무인창업,모바일,1,0,0,0,2,0,0,0,0
"쇼핑검색",대전음료자판기회사,PC,2,0,0,0,1.5,0,0,0,0
"쇼핑검색",대전중고자판기,모바일,1,0,0,0,1,0,0,0,0
"쇼핑검색",동구전자VEN502,모바일,1,0,0,0,2,0,0,0,0
"쇼핑검색",동구전자자판기부속,모바일,1,0,0,0,3,0,0,0,0
"쇼핑검색",동구커피메이커,모바일,1,0,0,0,9,0,0,0,0
"쇼핑검색",동구커피자판기,모바일,1,0,0,0,13,0,0,0,0
"쇼핑검색",동아오츠카자판기설치,PC,1,0,0,0,1,0,0,0,0
"쇼핑검색",동아오츠카주식회사자판기,PC,2,0,0,0,1.5,0,0,0,0
"쇼핑검색",동아오츠카주식회사자판기,모바일,2,0,0,0,1.5,0,0,0,0
"쇼핑검색",드림자판기,PC,2,0,0,0,3.5,0,0,0,0
"쇼핑검색",라면자판기,PC,1,0,0,0,1,0,0,0,0
"쇼핑검색",라면자판기,모바일,0,1,132,132,0,1,0,0,0
"쇼핑검색",레트로음료자판기,PC,2,0,0,0,5.5,0,0,0,0
"쇼핑검색",렌탈사업창업,PC,2,0,0,0,1.5,0,0,0,0
"쇼핑검색",렌탈업체창업,모바일,1,0,0,0,3,0,0,0,0
"쇼핑검색",렌탈회사창업,모바일,1,0,0,0,2,0,0,0,0
"쇼핑검색",로벤멀티자판기,모바일,1,0,0,0,3,0,0,0,0
"쇼핑검색",로봇커피,PC,1,0,0,0,5,0,0,0,0
"쇼핑검색",로봇커피머신,모바일,1,0,0,0,3,0,0,0,0
"쇼핑검색",로봇커피머신가격,PC,1,0,0,0,3,0,0,0,0
"쇼핑검색",로봇커피자판기,모바일,2,0,0,0,2.5,0,0,0,0
"쇼핑검색",롯데20자판기밴딩머신,모바일,1,0,0,0,1,0,0,0,0
"쇼핑검색",롯데482,모바일,2,0,0,0,1,0,0,0,0
"쇼핑검색",롯데483SRLC,모바일,1,0,0,0,2,0,0,0,0
"쇼핑검색",롯데LVM-482,모바일,3,0,0,0,1,0,0,0,0
"쇼핑검색",롯데LVM483SRLC,PC,2,0,0,0,1,0,0,0,0
"쇼핑검색",롯데LVM6340KAD,PC,7,0,0,0,2.7,0,0,0,0
"쇼핑검색",롯데LVM6340KAD,모바일,14,0,0,0,5,0,0,0,0
"쇼핑검색",롯데LVM6341,PC,2,0,0,0,1.5,0,0,0,0
"쇼핑검색",롯데LVM6341KAD,PC,5,0,0,0,1,0,0,0,0
"쇼핑검색",롯데LVM6341KAD,모바일,7,0,0,0,1.6,0,0,0,0
"쇼핑검색",롯데LVM슬림형커피자판기,모바일,1,0,0,0,2,0,0,0,0
"쇼핑검색",롯데기공,PC,7,0,0,0,5.3,0,0,0,0
"쇼핑검색",롯데기공,모바일,6,0,0,0,5.2,0,0,0,0
"쇼핑검색",롯데기공482,모바일,9,0,0,0,1,0,0,0,0
"쇼핑검색",롯데기공483,PC,5,0,0,0,2.6,0,0,0,0
"쇼핑검색",롯데기공483,모바일,4,0,0,0,4.3,0,0,0,0
"쇼핑검색",롯데기공483MRLCS,PC,1,0,0,0,2,0,0,0,0
"쇼핑검색",롯데기공483MRLL,PC,2,0,0,0,3,0,0,0,0
"쇼핑검색",롯데기공483슬림형,PC,1,0,0,0,2,0,0,0,0
"쇼핑검색",롯데기공483자판기,PC,3,0,0,0,5.3,0,0,0,0
"쇼핑검색",롯데기공483중고,PC,1,0,0,0,1,0,0,0,0
"쇼핑검색",롯데기공562,모바일,4,0,0,0,1,0,0,0,0
"쇼핑검색",롯데기공562BL,PC,2,0,0,0,1,0,0,0,0
"쇼핑검색",롯데기공6340,PC,2,0,0,0,1.5,0,0,0,0
"쇼핑검색",롯데기공6340,모바일,2,0,0,0,1.5,0,0,0,0
"쇼핑검색",롯데기공6340KAD,모바일,2,1,88,88,1.5,1,0,0,0
"쇼핑검색",롯데기공6341,PC,1,0,0,0,1,0,0,0,0
"쇼핑검색",롯데기공LVM-482,PC,2,0,0,0,1,0,0,0,0
"쇼핑검색",롯데기공LVM-483,PC,2,0,0,0,1.5,0,0,0,0
"쇼핑검색",롯데기공광주광역시자판기,모바일,1,0,0,0,2,0,0,0,0
"쇼핑검색",롯데기공구매,모바일,2,0,0,0,1.5,0,0,0,0
"쇼핑검색",롯데기공멀티자판기,PC,11,0,0,0,1.5,0,0,0,0
"쇼핑검색",롯데기공멀티자판기,모바일,4,0,0,0,3.3,0,0,0,0
"쇼핑검색",롯데기공멀티자판기481,PC,2,0,0,0,2,0,0,0,0
"쇼핑검색",롯데기공멀티자판기가격표,모바일,1,0,0,0,2,0,0,0,0
"쇼핑검색",롯데기공멀티자판기고장,PC,1,0,0,0,2,0,0,0,0
"쇼핑검색",롯데기공멀티자판기매입,모바일,2,1,187,187,2,2.5,32.5,0,0
"쇼핑검색",롯데기공멀티자판기숫자가격표,모바일,1,0,0,0,2,0,0,0,0
"쇼핑검색",롯데기공멀티자판기실외용,PC,7,0,0,0,2.4,0,0,0,0
"쇼핑검색",롯데기공멀티자판기중고,모바일,1,0,0,0,1,0,0,0,0
"쇼핑검색",롯데기공무인,모바일,2,0,0,0,1.5,0,0,0,0
"쇼핑검색",롯데기공무인원두자판기,PC,1,0,0,0,1,0,0,0,0
"쇼핑검색",롯데기공무인자판기,모바일,3,0,0,0,1,0,0,0,0
"쇼핑검색",롯데기공무인카페머신,PC,2,0,0,0,1,0,0,0,0
"쇼핑검색",롯데기공무인커피,모바일,1,0,0,0,1,0,0,0,0
"쇼핑검색",롯데기공무인커피머신,PC,9,0,0,0,2,0,0,0,0
"쇼핑검색",롯데기공벤딩머신,PC,2,0,0,0,1.5,0,0,0,0
"쇼핑검색",롯데기공얼음커피자판기,모바일,3,0,0,0,4.7,0,0,0,0
"쇼핑검색",롯데기공원두자판기,모바일,1,0,0,0,1,0,0,0,0
"쇼핑검색",롯데기공원두자판기\,PC,1,0,0,0,1,0,0,0,0
"쇼핑검색",롯데기공원두커피자판기,모바일,1,0,0,0,1,0,0,0,0
"쇼핑검색",롯데기공원두커피자판기6144,모바일,1,0,0,0,2,0,0,0,0
"쇼핑검색",롯데기공음료자판기,PC,5,0,0,0,1,0,0,0,0
"쇼핑검색",롯데기공음료자판기,모바일,2,0,0,0,1,0,0,0,0
"쇼핑검색",롯데기공음료자판기LVC-442,모바일,6,0,0,0,5,0,0,0,0
"쇼핑검색",롯데기공음료자판기LVC442,모바일,12,0,0,0,4.5,0,0,0,0
"쇼핑검색",롯데기공자판기,PC,36,2,182,363,2.1,1,0,0,0
"쇼핑검색",롯데기공자판기,모바일,85,1,187,187,3,1,0,0,0
"쇼핑검색",롯데기공자판기AS,모바일,5,1,198,198,1.8,1,0,0,0
"쇼핑검색",롯데기공자판기새상품가격,모바일,3,0,0,0,3.7,0,0,0,0
"쇼핑검색",롯데기공자판기중고,PC,1,0,0,0,1,0,0,0,0
"쇼핑검색",롯데기공자판기홈페이지,PC,1,0,0,0,2,0,0,0,0
"쇼핑검색",롯데기공중고자판기,모바일,1,0,0,0,1,0,0,0,0
"쇼핑검색",롯데기공커피,모바일,20,0,0,0,4.5,0,0,0,0
"쇼핑검색",롯데기공커피머신,PC,27,0,0,0,3.9,0,0,0,0
"쇼핑검색",롯데기공커피머신,모바일,6,0,0,0,5,0,0,0,0
"쇼핑검색",롯데기공커피머신6341,모바일,6,0,0,0,1,0,0,0,0
"쇼핑검색",롯데기공커피자판기,모바일,7,0,0,0,4.7,0,0,0,0
"쇼핑검색",롯데멀티483,PC,2,0,0,0,4.5,0,0,0,0
"쇼핑검색",롯데멀티483,모바일,7,0,0,0,5.4,0,0,0,0
"쇼핑검색",롯데멀티자판기,PC,34,1,176,176,3.6,1,0,0,0
"쇼핑검색",롯데멀티자판기,모바일,23,2,187,374,4.1,1,0,0,0
"쇼핑검색",롯데멀티자판기483,PC,3,0,0,0,4.7,0,0,0,0
"쇼핑검색",롯데멀티자판기LVM-482,모바일,1,0,0,0,1,0,0,0,0
"쇼핑검색",롯데멀티자판기LVM-482고객센터,모바일,1,0,0,0,2,0,0,0,0
"쇼핑검색",롯데멀티자판기LVM483,PC,3,0,0,0,3.7,0,0,0,0
"쇼핑검색",롯데멀티자판기고객센터,모바일,1,0,0,0,2,0,0,0,0
"쇼핑검색",롯데멀티자판기제원,모바일,1,1,198,198,2,1,0,0,0
"쇼핑검색",롯데멀티자판기중고,PC,2,0,0,0,1,0,0,0,0
"쇼핑검색",롯데멀티자판기중고,모바일,4,0,0,0,1.5,0,0,0,0
"쇼핑검색",롯데멀티자판기직렬,모바일,4,0,0,0,3.5,0,0,0,0
"쇼핑검색",롯데무인자판기,모바일,4,0,0,0,2,0,0,0,0
"쇼핑검색",롯데무인카페,PC,12,1,77,77,4.5,1,0,0,0
"쇼핑검색",롯데무인카페,모바일,4,1,88,88,6.5,1,0,0,0
"쇼핑검색",롯데무인카페6340KAD,모바일,4,0,0,0,3.5,0,0,0,0
"쇼핑검색",롯데무인카페머신,PC,12,0,0,0,5.2,0,0,0,0
"쇼핑검색",롯데무인카페머신,모바일,1,0,0,0,1,0,0,0,0
"쇼핑검색",롯데무인카페자판기,PC,4,0,0,0,5.5,0,0,0,0
"쇼핑검색",롯데무인카페자판기,모바일,8,0,0,0,6.5,0,0,0,0
"쇼핑검색",롯데무인카페커피자판기,PC,3,0,0,0,3,0,0,0,0
"쇼핑검색",롯데무인커피머신,PC,5,0,0,0,7.4,0,0,0,0
"쇼핑검색",롯데무인커피머신,모바일,3,0,0,0,7.7,0,0,0,0
"쇼핑검색",롯데신제품,PC,16,0,0,0,1,0,0,0,0
"쇼핑검색",롯데신제품,모바일,7,0,0,0,1,0,0,0,0
"쇼핑검색",롯데알미늄음료자판기,PC,2,0,0,0,5,0,0,0,0
"쇼핑검색",롯데원두커피자판기,PC,1,0,0,0,1,0,0,0,0
"쇼핑검색",롯데음료자판기,PC,2,0,0,0,2,0,0,0,0
"쇼핑검색",롯데음료자판기,모바일,19,1,77,77,2.6,1,0,0,0
"쇼핑검색",롯데자판기,PC,7,0,0,0,9.4,0,0,0,0
"쇼핑검색",롯데자판기,모바일,17,0,0,0,6.5,0,0,0,0
"쇼핑검색",롯데자판기482,PC,2,0,0,0,1,0,0,0,0
"쇼핑검색",롯데자판기482,모바일,3,0,0,0,6.3,0,0,0,0
"쇼핑검색",롯데자판기562,모바일,1,0,0,0,1,0,0,0,0
"쇼핑검색",롯데자판기구입,PC,8,1,88,88,12.5,3,100,0,0
"쇼핑검색",롯데자판기설치,PC,1,0,0,0,1,0,0,0,0
"쇼핑검색",롯데자판기음료걸렸을때,모바일,1,0,0,0,2,0,0,0,0
"쇼핑검색",롯데자판기재료통,모바일,8,0,0,0,8.9,0,0,0,0
"쇼핑검색",롯데자판기중고,PC,1,0,0,0,1,0,0,0,0
"쇼핑검색",롯데자판기중고,모바일,1,0,0,0,1,0,0,0,0
"쇼핑검색",롯데제품신제품,PC,2,0,0,0,1,0,0,0,0
"쇼핑검색",롯데중고,PC,9,0,0,0,1,0,0,0,0
"쇼핑검색",롯데중고,모바일,3,0,0,0,1,0,0,0,0
"쇼핑검색",롯데중고자판기,PC,1,0,0,0,1,0,0,0,0
"쇼핑검색",롯데커피자판기,PC,6,0,0,0,11.7,0,0,0,0
"쇼핑검색",롯데커피자판기,모바일,7,0,0,0,5.1,0,0,0,0
"쇼핑검색",롯데커피자판기롯데기공,PC,1,0,0,0,1,0,0,0,0
"쇼핑검색",롯데커피자판기업소용A/S,모바일,1,0,0,0,8,0,0,0,0
"쇼핑검색",롯데커피자판기원본키구매,모바일,1,0,0,0,2,0,0,0,0
"쇼핑검색",롯데커피자판기중고,PC,1,0,0,0,1,0,0,0,0
"쇼핑검색",마산무인커피창업,PC,1,0,0,0,2,0,0,0,0
"쇼핑검색",마포나루스페이스음료자판기,모바일,2,0,0,0,1.5,0,0,0,0
"쇼핑검색",맥주자판기,PC,1,0,0,0,4,0,0,0,0
"쇼핑검색",맥주자판기,모바일,1,0,0,0,8,0,0,0,0
"쇼핑검색",멀티음료자판기,PC,2,0,0,0,1,0,0,0,0
"쇼핑검색",멀티자판기,PC,199,6,189,"1,133",3.3,1.43,1,0,0
"쇼핑검색",멀티자판기,모바일,111,6,171,"1,023",4,1.38,21.38,0,0
"쇼핑검색",멀티자판기',PC,1,0,0,0,2,0,0,0,0
"쇼핑검색",멀티자판기4059,PC,3,0,0,0,4.7,0,0,0,0
"쇼핑검색",멀티자판기482,PC,2,0,0,0,1,0,0,0,0
"쇼핑검색",멀티자판기483,모바일,2,0,0,0,1.5,0,0,0,0
"쇼핑검색",멀티자판기가격,PC,2,0,0,0,1.5,0,0,0,0
"쇼핑검색",멀티자판기가격,모바일,3,0,0,0,3.7,0,0,0,0
"쇼핑검색",멀티자판기구매,모바일,3,0,0,0,4.7,0,0,0,0
"쇼핑검색",멀티자판기대여,모바일,1,0,0,0,3,0,0,0,0
"쇼핑검색",멀티자판기렌탈,PC,1,0,0,0,2,0,0,0,0
"쇼핑검색",멀티자판기렌탈반납,PC,1,0,0,0,2,0,0,0,0
"쇼핑검색",멀티자판기렌탈부산,PC,2,0,0,0,3,0,0,0,0
"쇼핑검색",멀티자판기렌탈사업자,PC,2,0,0,0,4.5,0,0,0,0
"쇼핑검색",멀티자판기롯데,PC,8,0,0,0,4.1,0,0,0,0
"쇼핑검색",멀티자판기매매,PC,1,0,0,0,2,0,0,0,0
"쇼핑검색",멀티자판기매입,PC,1,0,0,0,1,0,0,0,0
"쇼핑검색",멀티자판기매입,모바일,1,0,0,0,2,0,0,0,0
"쇼핑검색",멀티자판기멀티자판기,모바일,1,0,0,0,3,0,0,0,0
"쇼핑검색",멀티자판기무게,PC,1,0,0,0,2,0,0,0,0
"쇼핑검색",멀티자판기무게,모바일,1,0,0,0,2,0,0,0,0
"쇼핑검색",멀티자판기비용,모바일,4,0,0,0,4,0,0,0,0
"쇼핑검색",멀티자판기사이즈,PC,4,1,165,165,4,4,22,0,0
"쇼핑검색",멀티자판기음료,모바일,1,0,0,0,1,0,0,0,0
"쇼핑검색",멀티자판기임대,PC,2,0,0,0,1.5,0,0,0,0
"쇼핑검색",멀티자판기장단점,모바일,2,0,0,0,2.5,0,0,0,0
"쇼핑검색",멀티자판기전기료,PC,1,0,0,0,2,0,0,0,0
"쇼핑검색",멀티자판기전기세,PC,1,0,0,0,2,0,0,0,0
"쇼핑검색",멀티자판기제작,PC,1,0,0,0,2,0,0,0,0
"쇼핑검색",멀티자판기중고,모바일,2,0,0,0,3,0,0,0,0
"쇼핑검색",멀티자판기중고매입,모바일,1,0,0,0,2,0,0,0,0
"쇼핑검색",멀티자판기창업,모바일,2,0,0,0,2,0,0,0,0
"쇼핑검색",멀티자판기판매,PC,7,0,0,0,2.4,0,0,0,0
"쇼핑검색",멀티커피창업,모바일,8,0,0,0,1,0,0,0,0
"쇼핑검색",멀티커피창업연락처,모바일,2,0,0,0,1,0,0,0,0
"쇼핑검색",메이커스페이스,모바일,1,0,0,0,44,0,0,0,0
"쇼핑검색",메이커스페이스란,PC,1,0,0,0,1,0,0,0,0
"쇼핑검색",메이커스페이스란,모바일,1,0,0,0,1,0,0,0,0
"쇼핑검색",메이커스페이스사업,PC,27,0,0,0,1.3,0,0,0,0
"쇼핑검색",메이커스페이스사업,모바일,9,0,0,0,1.3,0,0,0,0
"쇼핑검색",메이커스페이스창업하려면,PC,3,0,0,0,1.3,0,0,0,0
"쇼핑검색",메이커창업,PC,1,0,0,0,2,0,0,0,0
"쇼핑검색",무인25,PC,2,0,0,0,1,0,0,0,0
"쇼핑검색",무인간식자판기,모바일,3,0,0,0,6.7,0,0,0,0
"쇼핑검색",무인과자점창업,PC,2,0,0,0,1.5,0,0,0,0
"쇼핑검색",무인도시락,모바일,1,0,0,0,3,0,0,0,0
"쇼핑검색",무인디저트자판기,모바일,2,0,0,0,8,0,0,0,0
"쇼핑검색",무인라면자판기,PC,1,0,0,0,1,0,0,0,0
"쇼핑검색",무인라면집창업,모바일,2,0,0,0,2,0,0,0,0
"쇼핑검색",무인매장음료자판기,PC,1,0,0,0,2,0,0,0,0
"쇼핑검색",무인매장창업자판기,PC,1,0,0,0,2,0,0,0,0
"쇼핑검색",무인매점창업,PC,5,1,220,220,3,1,0,0,0
"쇼핑검색",무인멀티,모바일,1,0,0,0,2,0,0,0,0
"쇼핑검색",무인멀티자판기,PC,1,0,0,0,2,0,0,0,0
"쇼핑검색",무인멀티자판기,모바일,2,0,0,0,2,0,0,0,0
"쇼핑검색",무인멀티자판기머신,모바일,7,0,0,0,3.4,0,0,0,0
"쇼핑검색",무인멀티자판기임대,PC,1,0,0,0,2,0,0,0,0
"쇼핑검색",무인북카페창업,모바일,2,0,0,0,2,0,0,0,0
"쇼핑검색",무인분식점창업,모바일,1,0,0,0,1,0,0,0,0
"쇼핑검색",무인빵집창업,모바일,4,0,0,0,3.3,0,0,0,0
"쇼핑검색",무인샵창업추천,PC,1,0,0,0,2,0,0,0,0
"쇼핑검색",무인스마트벤딩,PC,1,0,0,0,1,0,0,0,0
"쇼핑검색",무인스페이스,모바일,3,0,0,0,1.3,0,0,0,0
"쇼핑검색",무인아이스크림점창업,PC,2,0,0,0,1,0,0,0,0
"쇼핑검색",무인아이스크림점창업,모바일,2,0,0,0,2,0,0,0,0
"쇼핑검색",무인원두커피자판기,PC,3,0,0,0,7,0,0,0,0
"쇼핑검색",무인원두커피자판기,모바일,2,0,0,0,12,0,0,0,0
"쇼핑검색",무인원두커피자판기동전,모바일,1,0,0,0,10,0,0,0,0
"쇼핑검색",무인음료,모바일,6,0,0,0,4,0,0,0,0
"쇼핑검색",무인음료머신,모바일,14,0,0,0,6.1,1,0,0,0
"쇼핑검색",무인음료수,모바일,2,0,0,0,5.5,0,0,0,0
"쇼핑검색",무인음료수자판기,PC,6,0,0,0,4.5,0,0,0,0
"쇼핑검색",무인음료수자판기,모바일,3,1,77,77,4.3,1,0,0,0
"쇼핑검색",무인음료자판기,PC,3,0,0,0,4,0,0,0,0
"쇼핑검색",무인음료자판기,모바일,10,0,0,0,2.7,0,0,0,0
"쇼핑검색",무인음료자판기임대,모바일,1,0,0,0,2,0,0,0,0
"쇼핑검색",무인자판기,PC,88,0,0,0,8.7,0,0,0,0
"쇼핑검색",무인자판기,모바일,84,1,198,198,4.9,0,0,0,0
"쇼핑검색",무인자판기렌탈,PC,1,0,0,0,4,0,0,0,0
"쇼핑검색",무인자판기사업,PC,2,0,0,0,2,0,0,0,0
"쇼핑검색",무인자판기사업,모바일,7,0,0,0,1.9,0,0,0,0
"쇼핑검색",무인자판기설치,PC,8,0,0,0,1,0,0,0,0
"쇼핑검색",무인자판기설치,모바일,13,0,0,0,1,0,0,0,0
"쇼핑검색",무인자판기설치를하고설치,모바일,1,0,0,0,1,0,0,0,0
"쇼핑검색",무인자판기설치신고,PC,1,0,0,0,1,0,0,0,0
"쇼핑검색",무인자판기설치장소,PC,1,0,0,0,1,0,0,0,0
"쇼핑검색",무인자판기외부,모바일,2,0,0,0,5,0,0,0,0
"쇼핑검색",무인자판기음료,PC,2,0,0,0,1.5,0,0,0,0
"쇼핑검색",무인자판기음료보충,PC,1,0,0,0,2,0,0,0,0
"쇼핑검색",무인자판기제품양도,PC,1,0,0,0,1,0,0,0,0
"쇼핑검색",무인자판기창업,PC,5,0,0,0,1,0,0,0,0
"쇼핑검색",무인자판기창업,모바일,5,0,0,0,1.6,0,0,0,0
"쇼핑검색",무인자판기창업비용,PC,3,0,0,0,2,0,0,0,0
"쇼핑검색",무인자판기창업비용,모바일,4,0,0,0,2.8,0,0,0,0
"쇼핑검색",무인정육점창업,PC,1,0,0,0,2,0,0,0,0
"쇼핑검색",무인창업,PC,350,2,215,429,1.8,1,0,0,0
"쇼핑검색",무인창업,모바일,684,3,202,605,1.9,1,0,0,0
"쇼핑검색",무인창업2층,PC,1,0,0,0,2,0,0,0,0
"쇼핑검색",무인창업2층,모바일,1,0,0,0,2,0,0,0,0
"쇼핑검색",무인창업ㅡ,모바일,1,0,0,0,1,0,0,0,0
"쇼핑검색",무인창업도그,모바일,1,0,0,0,2,0,0,0,0
"쇼핑검색",무인창업문의,PC,1,0,0,0,2,0,0,0,0
"쇼핑검색",무인창업복합,PC,1,0,0,0,2,0,0,0,0
"쇼핑검색",무인창업빵아빵아,PC,9,0,0,0,1.8,0,0,0,0
"쇼핑검색",무인창업빵아빵아,모바일,60,0,0,0,1.6,0,0,0,0
"쇼핑검색",무인창업사업자,모바일,1,0,0,0,2,0,0,0,0
"쇼핑검색",무인창업샵인샵,PC,1,0,0,0,2,0,0,0,0
"쇼핑검색",무인창업설명,PC,1,0,0,0,2,0,0,0,0
"쇼핑검색",무인창업소자본,모바일,1,0,0,0,2,0,0,0,0
"쇼핑검색",무인창업아이디어,PC,3,0,0,0,2.7,0,0,0,0
"쇼핑검색",무인창업자판기,PC,9,0,0,0,1.3,0,0,0,0
"쇼핑검색",무인창업추천,PC,4,0,0,0,1.5,0,0,0,0
"쇼핑검색",무인창업추천,모바일,1,0,0,0,1,0,0,0,0
"쇼핑검색",무인창업커피,PC,3,0,0,0,1.7,0,0,0,0
"쇼핑검색",무인창업커피머신,모바일,7,0,0,0,2.9,0,0,0,0
"쇼핑검색",무인카페,PC,11,0,0,0,4.9,0,0,0,0
"쇼핑검색",무인카페,모바일,38,1,154,154,5.4,1,0,0,0
"쇼핑검색",무인카페기계,PC,2,0,0,0,4.5,0,0,0,0
"쇼핑검색",무인카페기계,모바일,4,0,0,0,5.3,0,0,0,0
"쇼핑검색",무인카페기계메일빈,모바일,1,0,0,0,4,0,0,0,0
"쇼핑검색",무인카페기계오류,모바일,1,0,0,0,4,0,0,0,0
"쇼핑검색",무인카페라면자판기,모바일,4,0,0,0,2,0,0,0,0
"쇼핑검색",무인카페렌탈,모바일,4,1,165,165,4,1,0,0,0
"쇼핑검색",무인카페리터25,모바일,1,0,0,0,1,0,0,0,0
"쇼핑검색",무인카페머신,PC,17,0,0,0,12.3,0,0,0,0
"쇼핑검색",무인카페머신,모바일,13,0,0,0,5.2,1,0,0,0
"쇼핑검색",무인카페머신가격,모바일,4,0,0,0,7.3,0,0,0,0
"쇼핑검색",무인카페벤딩머신,PC,2,0,0,0,1,0,0,0,0
"쇼핑검색",무인카페설치,PC,1,0,0,0,1,0,0,0,0
"쇼핑검색",무인카페설치,모바일,3,0,0,0,1,0,0,0,0
"쇼핑검색",무인카페설치업체,PC,1,0,0,0,1,0,0,0,0
"쇼핑검색",무인카페설치요청,PC,2,0,0,0,1,0,0,0,0
"쇼핑검색",무인카페원두자판기,모바일,4,0,0,0,7,0,0,0,0
"쇼핑검색",무인카페자판기,PC,2,0,0,0,2.5,0,0,0,0
"쇼핑검색",무인카페자판기,모바일,4,0,0,0,14.8,1,0,0,0
"쇼핑검색",무인카페중고설치업체,PC,1,0,0,0,1,0,0,0,0
"쇼핑검색",무인카페카페창업,PC,1,0,0,0,2,0,0,0,0
"쇼핑검색",무인카페커피머신,PC,20,0,0,0,6.4,0,0,0,0
"쇼핑검색",무인카페커피머신,모바일,115,0,0,0,6.5,1.33,0.33,0,0
"쇼핑검색",무인카페커피머신가격,모바일,2,0,0,0,6.5,0,0,0,0
"쇼핑검색",무인카페커피머신렌탈,모바일,3,0,0,0,2,0,0,0,0
"쇼핑검색",무인카페티타임커피,모바일,1,0,0,0,6,0,0,0,0
"쇼핑검색",무인커피기계,모바일,1,0,0,0,2,0,0,0,0
"쇼핑검색",무인커피라면창업,PC,2,0,0,0,1.5,0,0,0,0
"쇼핑검색",무인커피머신,PC,37,0,0,0,14.6,0,0,0,0
"쇼핑검색",무인커피머신,모바일,58,0,0,0,14.5,0,0,0,0
"쇼핑검색",무인커피머신기,모바일,1,0,0,0,1,0,0,0,0
"쇼핑검색",무인커피머신렌탈200잔,모바일,1,0,0,0,4,0,0,0,0
"쇼핑검색",무인커피머신아파트설치,모바일,1,0,0,0,2,0,0,0,0
"쇼핑검색",무인커피머신창업,모바일,1,0,0,0,1,0,0,0,0
"쇼핑검색",무인커피머신커피바,모바일,4,0,0,0,6.5,0,0,0,0
"쇼핑검색",무인커피머신회사설치,모바일,2,0,0,0,1.5,0,0,0,0
"쇼핑검색",무인커피복고풍,모바일,3,0,0,0,2.3,0,0,0,0
"쇼핑검색",무인커피음료자판기,모바일,1,0,0,0,1,0,0,0,0
"쇼핑검색",무인커피자판기,PC,33,0,0,0,14.8,0,0,0,0
"쇼핑검색",무인커피자판기,모바일,18,0,0,0,10.6,0,0,0,0
"쇼핑검색",무인커피자판기창업,모바일,4,0,0,0,1.5,0,0,0,0
"쇼핑검색",무인커피자판기추천,모바일,1,0,0,0,14,0,0,0,0
"쇼핑검색",무인커피자판기회사,모바일,1,0,0,0,1,0,0,0,0
"쇼핑검색",무인커피창업비용,PC,8,1,209,209,1.5,1,0,0,0
"쇼핑검색",무인커피창업비용,모바일,27,0,0,0,2.8,0,0,0,0
"쇼핑검색",무인커피창업비용비교,모바일,1,0,0,0,2,0,0,0,0
"쇼핑검색",무인판매점창업,PC,3,0,0,0,1.7,0,0,0,0
"쇼핑검색",무인판매점창업,모바일,7,0,0,0,1.9,0,0,0,0
"쇼핑검색",무인판매점창업비용,PC,1,0,0,0,2,0,0,0,0
"쇼핑검색",무인판매점창업비용,모바일,1,0,0,0,2,0,0,0,0
"쇼핑검색",무인회사,모바일,1,0,0,0,2,0,0,0,0
"쇼핑검색",물자판기,PC,4,0,0,0,5.5,0,0,0,0
"쇼핑검색",물자판기,모바일,12,0,0,0,6.8,0,0,0,0
"쇼핑검색",미니자판기,모바일,1,0,0,0,5,0,0,0,0
"쇼핑검색",미니커피자판기무상임대,PC,1,0,0,0,3,0,0,0,0
"쇼핑검색",믹스커피머신,모바일,1,0,0,0,1,0,0,0,0
"쇼핑검색",믹스커피자판기,모바일,3,0,0,0,5.3,0,0,0,0
"쇼핑검색",믹스커피자판기대여,PC,1,0,0,0,4,0,0,0,0
"쇼핑검색",밴딩머신BARISTA,모바일,1,0,0,0,9,0,0,0,0
"쇼핑검색",밴딩머신자판기,PC,1,0,0,0,1,0,0,0,0
"쇼핑검색",밴딩자판기,모바일,1,0,0,0,1,0,0,0,0
"쇼핑검색",벤딩머신커피원가,모바일,1,0,0,0,2,0,0,0,0
"쇼핑검색",벤딩자판기,모바일,2,0,0,0,1.5,0,0,0,0
"쇼핑검색",봉지커피자판기,모바일,2,0,0,0,6,0,0,0,0
"쇼핑검색",부산경남멀티자판기,PC,1,0,0,0,2,0,0,0,0
"쇼핑검색",부산멀티자판기,모바일,3,1,165,165,5.3,1,0,0,0
"쇼핑검색",부산음료자판기,모바일,1,0,0,0,1,0,0,0,0
"쇼핑검색",부산자판기중고,모바일,1,0,0,0,1,0,0,0,0
"쇼핑검색",부산자판기중고파는곳,모바일,1,0,0,0,1,0,0,0,0
"쇼핑검색",부산중고머신전시장,PC,1,0,0,0,1,0,0,0,0
"쇼핑검색",부산중고자판기매매,모바일,1,0,0,0,1,0,0,0,0
"쇼핑검색",부천중고자판기,모바일,1,0,0,0,1,0,0,0,0
"쇼핑검색",사무실원두자판기,PC,3,0,0,0,17,0,0,0,0
"쇼핑검색",상품자판기,PC,2,0,0,0,44,0,0,0,0
"쇼핑검색",샐러드자판기,모바일,1,0,0,0,3,0,0,0,0
"쇼핑검색",생수자판기,PC,1,0,0,0,6,0,0,0,0
"쇼핑검색",생수자판기,모바일,43,1,165,165,6.1,1,0,0,0
"쇼핑검색",성인용풍중고자판기,모바일,1,0,0,0,1,0,0,0,0
"쇼핑검색",세종시중고자판기,PC,2,0,0,0,1,0,0,0,0
"쇼핑검색",세종음료자판기임대,모바일,1,0,0,0,3,0,0,0,0
"쇼핑검색",세차장멀티자판기,PC,1,0,0,0,2,0,0,0,0
"쇼핑검색",세차장멀티자판기,모바일,7,0,0,0,4.4,0,0,0,0
"쇼핑검색",센텀시티롯데키오스크,모바일,1,0,0,0,1,0,0,0,0
"쇼핑검색",소규모무인창업,PC,1,0,0,0,2,0,0,0,0
"쇼핑검색",소규모무인창업,모바일,1,0,0,0,1,0,0,0,0
"쇼핑검색",소상공인음료자판기,모바일,6,0,0,0,7.2,0,0,0,0
"쇼핑검색",소자본무인창업,PC,3,0,0,0,4.7,0,0,0,0
"쇼핑검색",소자본무인창업추천,모바일,2,0,0,0,2,0,0,0,0
"쇼핑검색",소형무인창업,모바일,4,0,0,0,2.5,0,0,0,0
"쇼핑검색",스마트24무인카페,모바일,1,0,0,0,2,0,0,0,0
"쇼핑검색",스마트무인자판기,PC,4,0,0,0,1.5,0,0,0,0
"쇼핑검색",스마트밴딩자판기무게,모바일,1,0,0,0,1,0,0,0,0
"쇼핑검색",스마트자판기,PC,18,0,0,0,6.7,0,0,0,0
"쇼핑검색",스마트자판기,모바일,5,1,99,99,6.2,1,0,0,0
"쇼핑검색",스마트자판기CNT,PC,3,0,0,0,5,0,0,0,0
"쇼핑검색",스마트자판기DYDO,PC,3,0,0,0,5,0,0,0,0
"쇼핑검색",스마트카페,PC,6,0,0,0,6,0,0,0,0
"쇼핑검색",스마트커피메뉴,모바일,1,0,0,0,1,0,0,0,0
"쇼핑검색",스페이스301,PC,3,0,0,0,1.3,0,0,0,0
"쇼핑검색",스페이스301,모바일,3,0,0,0,1.3,0,0,0,0
"쇼핑검색",스페이스483,PC,3,0,0,0,1.3,0,0,0,0
"쇼핑검색",스페이스메이커,PC,1,0,0,0,1,0,0,0,0
"쇼핑검색",슬림자판기,PC,3,0,0,0,9,0,0,0,0
"쇼핑검색",슬림자판기,모바일,13,0,0,0,8.6,0,0,0,0
"쇼핑검색",시설비로자판기설치,PC,2,0,0,0,1,0,0,0,0
"쇼핑검색",시청자판기설치,PC,1,0,0,0,1,0,0,0,0
"쇼핑검색",식당음료자판기,모바일,6,0,0,0,8.5,0,0,0,0
"쇼핑검색",식당창업음료회사,모바일,4,0,0,0,1.5,0,0,0,0
"쇼핑검색",식당커피자판기,PC,1,0,0,0,5,0,0,0,0
"쇼핑검색",식당커피자판기무상임대,PC,1,0,0,0,4,0,0,0,0
"쇼핑검색",식품자판기,모바일,2,0,0,0,8.5,0,0,0,0
"쇼핑검색",식혜디스펜서,모바일,1,0,0,0,9,0,0,0,0
"쇼핑검색",신품음료자판기,모바일,15,1,143,143,5.2,1,0,0,0
"쇼핑검색",아메리카노자판기,모바일,1,0,0,0,14,0,0,0,0
"쇼핑검색",아이스크림자판기,PC,5,0,0,0,2.2,0,0,0,0
"쇼핑검색",아이스크림자판기,모바일,6,2,121,242,3,1,0,0,0
"쇼핑검색",아포스페이스자판기,PC,4,0,0,0,1.5,0,0,0,0
"쇼핑검색",안산시자판기회사,모바일,10,1,165,165,1.5,2,31.5,0,0
"쇼핑검색",안산중고자판기,모바일,3,0,0,0,1,0,0,0,0
"쇼핑검색",안산중고자판기판매점,모바일,1,0,0,0,1,0,0,0,0
"쇼핑검색",애완용동물간식자판기,모바일,1,0,0,0,3,0,0,0,0
"쇼핑검색",야외음료자판기,모바일,3,0,0,0,5,0,0,0,0
"쇼핑검색",야외음료자판기창업,모바일,2,0,0,0,1.5,0,0,0,0
"쇼핑검색",야외자판기,모바일,3,0,0,0,4,0,0,0,0
"쇼핑검색",얼음음료자판기,모바일,9,0,0,0,5.7,0,0,0,0
"쇼핑검색",얼음컵자판기,PC,2,0,0,0,2.5,0,0,0,0
"쇼핑검색",업소용1구커피자판기,모바일,5,0,0,0,4,0,0,0,0
"쇼핑검색",업소용믹스커피머신,모바일,1,0,0,0,1,0,0,0,0
"쇼핑검색",업소용커피자판기,모바일,3,0,0,0,7.3,0,0,0,0
"쇼핑검색",에스원무인패키지,PC,1,0,0,0,1,0,0,0,0
"쇼핑검색",엘씨트레이딩,모바일,2,0,0,0,7.5,0,0,0,0
"쇼핑검색",엘지무인카페머신,PC,2,1,143,143,1.5,1,0,0,0
"쇼핑검색",열림밴딩커피자판기,모바일,1,0,0,0,1,0,0,0,0
"쇼핑검색",옐로우무인,모바일,2,0,0,0,1.5,0,0,0,0
"쇼핑검색",요즘뜨는무인창업,모바일,4,0,0,0,3.3,0,0,0,0
"쇼핑검색",용품자판기,모바일,2,0,0,0,3,0,0,0,0
"쇼핑검색",울산자판기,모바일,5,0,0,0,5.4,0,0,0,0
"쇼핑검색",울산자판기판매,PC,1,0,0,0,2,0,0,0,0
"쇼핑검색",울산중고자판기,모바일,2,0,0,0,1,0,0,0,0
"쇼핑검색",울산캔자판기렌탈,모바일,2,0,0,0,3.5,0,0,0,0
"쇼핑검색",원두자판기,PC,4,0,0,0,9.8,0,0,0,0
"쇼핑검색",원두자판기,모바일,8,0,0,0,13.3,0,0,0,0
"쇼핑검색",원두자판기구매,PC,3,0,0,0,14,0,0,0,0
"쇼핑검색",원두커피자판기,PC,5,0,0,0,17.2,0,0,0,0
"쇼핑검색",원두커피자판기,모바일,2,0,0,0,3.5,0,0,0,0
"쇼핑검색",원주음료대여,모바일,1,0,0,0,3,0,0,0,0
"쇼핑검색",원주자판기대여,PC,2,0,0,0,2.5,0,0,0,0
"쇼핑검색",위례상가자판기설치,모바일,1,0,0,0,3,0,0,0,0
"쇼핑검색",유로이끄레마,PC,1,0,0,0,4,0,0,0,0
"쇼핑검색",음료\자판기,PC,2,0,0,0,1.5,0,0,0,0
"쇼핑검색",음료간식자판기,모바일,2,0,0,0,1.5,0,0,0,0
"쇼핑검색",음료머신,모바일,3,0,0,0,5.7,0,0,0,0
"쇼핑검색",음료멀티자판기,모바일,1,0,0,0,1,0,0,0,0
"쇼핑검색",음료멀티자판기수명,PC,2,0,0,0,1.5,0,0,0,0
"쇼핑검색",음료복합자판기,모바일,7,0,0,0,5.9,0,0,0,0
"쇼핑검색",음료소형자판기,모바일,3,0,0,0,6,0,0,0,0
"쇼핑검색",음료수자판기,PC,17,0,0,0,2.4,0,0,0,0
"쇼핑검색",음료수자판기,모바일,49,2,55,110,1.3,1,0,0,0
"쇼핑검색",음료수자판기가격,PC,2,1,66,66,3,1,0,0,0
"쇼핑검색",음료수자판기가격,모바일,1,0,0,0,7,0,0,0,0
"쇼핑검색",음료수자판기사업,모바일,3,0,0,0,3.7,0,0,0,0
"쇼핑검색",음료수자판기용량,모바일,2,0,0,0,4.5,0,0,0,0
"쇼핑검색",음료수자판기임대,모바일,1,0,0,0,1,0,0,0,0
"쇼핑검색",음료자동자판기,모바일,1,0,0,0,4,0,0,0,0
"쇼핑검색",음료자판기,PC,132,0,0,0,3.6,1,0,0,0
"쇼핑검색",음료자판기,모바일,167,7,134,935,3.7,1.09,3.73,0,0
"쇼핑검색",음료자판기12칸,모바일,3,0,0,0,6,0,0,0,0
"쇼핑검색",음료자판기PCB,PC,1,0,0,0,1,0,0,0,0
"쇼핑검색",음료자판기PCB,모바일,3,0,0,0,5,0,0,0,0
"쇼핑검색",음료자판기PDF,PC,1,0,0,0,2,0,0,0,0
"쇼핑검색",음료자판기가격,PC,1,0,0,0,1,0,0,0,0
"쇼핑검색",음료자판기가격,모바일,6,0,0,0,4.5,0,0,0,0
"쇼핑검색",음료자판기구매,모바일,9,0,0,0,6,0,0,0,0
"쇼핑검색",음료자판기구입,모바일,3,0,0,0,5.7,0,0,0,0
"쇼핑검색",음료자판기렌탈,모바일,4,0,0,0,6.3,0,0,0,0
"쇼핑검색",음료자판기렌트사업,모바일,2,0,0,0,1.5,0,0,0,0
"쇼핑검색",음료자판기불편,모바일,1,0,0,0,2,0,0,0,0
"쇼핑검색",음료자판기사업,모바일,7,0,0,0,1.4,0,0,0,0
"쇼핑검색",음료자판기수익,모바일,9,0,0,0,4,0,0,0,0
"쇼핑검색",음료자판기수익사업,모바일,1,0,0,0,2,0,0,0,0
"쇼핑검색",음료자판기식중독,모바일,4,0,0,0,2,0,0,0,0
"쇼핑검색",음료자판기업체,모바일,1,0,0,0,2,0,0,0,0
"쇼핑검색",음료자판기위탁,PC,3,0,0,0,5,0,0,0,0
"쇼핑검색",음료자판기임대,PC,2,0,0,0,3.5,0,0,0,0
"쇼핑검색",음료자판기전력,PC,2,0,0,0,7.5,0,0,0,0
"쇼핑검색",음료자판기중고,모바일,1,0,0,0,4,0,0,0,0
"쇼핑검색",음료자판기창업,PC,2,0,0,0,1.5,0,0,0,0
"쇼핑검색",음료자판기창업,모바일,12,1,165,165,1.8,1,0,0,0
"쇼핑검색",음료자판기창업비용,모바일,1,0,0,0,2,0,0,0,0
"쇼핑검색",음료자판기판매,PC,2,0,0,0,1.5,0,0,0,0
"쇼핑검색",음료자판기판매,모바일,12,0,0,0,4.4,0,0,0,0
"쇼핑검색",음료자판기팝업,PC,1,0,0,0,2,0,0,0,0
"쇼핑검색",음료자판기폐기,모바일,1,0,0,0,2,0,0,0,0
"쇼핑검색",음료자판기허가,모바일,1,0,0,0,2,0,0,0,0
"쇼핑검색",음료자판기호루,PC,4,0,0,0,5.5,0,0,0,0
"쇼핑검색",음료자판기혼합,모바일,1,0,0,0,2,0,0,0,0
"쇼핑검색",음료자판기회사,모바일,1,0,0,0,1,0,0,0,0
"쇼핑검색",음료자판기회사설치,모바일,4,0,0,0,1.5,0,0,0,0
"쇼핑검색",음료제조자판기,PC,1,0,0,0,6,0,0,0,0
"쇼핑검색",음료제조자판기,모바일,3,0,0,0,7.7,0,0,0,0
"쇼핑검색",음료창업,PC,2,0,0,0,1,0,0,0,0
"쇼핑검색",음료커피자판기,모바일,5,0,0,0,4.2,0,0,0,0
"쇼핑검색",음료판매사업,모바일,1,0,0,0,2,0,0,0,0
"쇼핑검색",음료회사창업,모바일,3,0,0,0,1.3,0,0,0,0
"쇼핑검색",이림802,PC,1,0,0,0,1,0,0,0,0
"쇼핑검색",이림자판기,PC,1,0,0,0,1,0,0,0,0
"쇼핑검색",인기자판기,모바일,3,0,0,0,11.3,0,0,0,0
"쇼핑검색",인천간석동중고자판기,모바일,1,0,0,0,1,0,0,0,0
"쇼핑검색",인천계양구자판기설치,PC,2,0,0,0,2,0,0,0,0
"쇼핑검색",인천자판기설치,PC,2,0,0,0,2,0,0,0,0
"쇼핑검색",인천자판기중고,모바일,7,0,0,0,1,0,0,0,0
"쇼핑검색",인천중고자판기매장,모바일,2,0,0,0,2,0,0,0,0
"쇼핑검색",인천중고자판기판매점,모바일,1,0,0,0,1,0,0,0,0
"쇼핑검색",일산멀티자판기중고매장,PC,3,0,0,0,1,0,0,0,0
"쇼핑검색",일체형무인원두커피자판기,모바일,2,0,0,0,9,0,0,0,0
"쇼핑검색",일체형무인커피자판기대여,모바일,3,0,0,0,4.7,0,0,0,0
"쇼핑검색",자동자판기,모바일,2,0,0,0,4.5,0,0,0,0
"쇼핑검색",자판기,PC,364,4,99,396,6.8,1,0,0,0
"쇼핑검색",자판기,모바일,317,6,112,671,3.4,1,0,0,0
"쇼핑검색",자판기.중고,모바일,2,0,0,0,1,0,0,0,0
"쇼핑검색",자판기.회사,모바일,3,0,0,0,1.3,0,0,0,0
"쇼핑검색",자판기482,PC,2,0,0,0,1,0,0,0,0
"쇼핑검색",자판기483,모바일,1,0,0,0,2,0,0,0,0
"쇼핑검색",자판기LVC-522BS,PC,2,0,0,0,3,0,0,0,0
"쇼핑검색",자판기LVM-483,PC,2,0,0,0,1,0,0,0,0
"쇼핑검색",자판기LVM483,모바일,1,0,0,0,2,0,0,0,0
"쇼핑검색",자판기가격,PC,2,0,0,0,3.5,0,0,0,0
"쇼핑검색",자판기가격,모바일,1,0,0,0,2,0,0,0,0
"쇼핑검색",자판기구매,모바일,3,1,165,165,10.7,1,0,0,0
"쇼핑검색",자판기급수펌프,모바일,1,0,0,0,6,0,0,0,0
"쇼핑검색",자판기대여,PC,4,0,0,0,2.8,0,0,0,0
"쇼핑검색",자판기대여,모바일,2,0,0,0,2,0,0,0,0
"쇼핑검색",자판기대여가격,PC,1,0,0,0,4,0,0,0,0
"쇼핑검색",자판기대여비용,PC,2,0,0,0,2.5,0,0,0,0
"쇼핑검색",자판기렌탈,PC,4,0,0,0,1.8,0,0,0,0
"쇼핑검색",자판기렌탈,모바일,6,0,0,0,5,0,0,0,0
"쇼핑검색",자판기렌탈창업,PC,1,0,0,0,2,0,0,0,0
"쇼핑검색",자판기멀티자판기,PC,1,0,0,0,2,0,0,0,0
"쇼핑검색",자판기멀티자판기,모바일,1,0,0,0,2,0,0,0,0
"쇼핑검색",자판기무인창업,모바일,2,0,0,0,1,0,0,0,0
"쇼핑검색",자판기무인창업박람회,PC,1,0,0,0,2,0,0,0,0
"쇼핑검색",자판기벤딩,PC,2,0,0,0,1.5,0,0,0,0
"쇼핑검색",자판기벤딩,모바일,1,0,0,0,1,0,0,0,0
"쇼핑검색",자판기사업,PC,273,1,165,165,1.2,1,0,0,0
"쇼핑검색",자판기사업,모바일,553,1,176,176,1.4,1,0,0,0
"쇼핑검색",자판기사업창업,PC,2,0,0,0,1,0,0,0,0
"쇼핑검색",자판기사업창업,모바일,5,0,0,0,1,0,0,0,0
"쇼핑검색",자판기사업추천,PC,1,0,0,0,1,0,0,0,0
"쇼핑검색",자판기사업추천,모바일,1,0,0,0,1,0,0,0,0
"쇼핑검색",자판기설치,PC,28,0,0,0,1.5,0,0,0,0
"쇼핑검색",자판기설치,모바일,23,0,0,0,1.7,0,0,0,0
"쇼핑검색",자판기설치면적,PC,1,0,0,0,1,0,0,0,0
"쇼핑검색",자판기설치문의,PC,1,0,0,0,2,0,0,0,0
"쇼핑검색",자판기설치반대이유,PC,1,0,0,0,1,0,0,0,0
"쇼핑검색",자판기설치방법,PC,1,0,0,0,2,0,0,0,0
"쇼핑검색",자판기설치비용,PC,4,0,0,0,2,0,0,0,0
"쇼핑검색",자판기설치비용,모바일,6,0,0,0,1.8,0,0,0,0
"쇼핑검색",자판기설치사업,PC,2,0,0,0,2,0,0,0,0
"쇼핑검색",자판기설치사업,모바일,3,0,0,0,2,0,0,0,0
"쇼핑검색",자판기설치업체,PC,1,0,0,0,2,0,0,0,0
"쇼핑검색",자판기설치업체,모바일,2,0,0,0,1.5,0,0,0,0
"쇼핑검색",자판기설치예산과목,PC,1,0,0,0,1,0,0,0,0
"쇼핑검색",자판기설치장소,PC,4,0,0,0,1.8,0,0,0,0
"쇼핑검색",자판기설치장소,모바일,1,0,0,0,2,0,0,0,0
"쇼핑검색",자판기설치절차,PC,2,0,0,0,1,0,0,0,0
"쇼핑검색",자판기설치조건,PC,1,0,0,0,2,0,0,0,0
"쇼핑검색",자판기소액창업,PC,1,0,0,0,2,0,0,0,0
"쇼핑검색",자판기스페이스,PC,3,0,0,0,1.3,0,0,0,0
"쇼핑검색",자판기스페이스끼우기,모바일,2,0,0,0,1.5,0,0,0,0
"쇼핑검색",자판기에서물샐때,모바일,1,0,0,0,2,0,0,0,0
"쇼핑검색",자판기운영업여러곳에자판기설치,PC,1,0,0,0,1,0,0,0,0
"쇼핑검색",자판기음료,모바일,5,0,0,0,1.8,0,0,0,0
"쇼핑검색",자판기음료판매업체,PC,6,0,0,0,3.5,0,0,0,0
"쇼핑검색",자판기임대,PC,4,0,0,0,2.5,0,0,0,0
"쇼핑검색",자판기중고,모바일,3,1,187,187,4,1,0,0,0
"쇼핑검색",자판기중고가격,PC,3,0,0,0,1,0,0,0,0
"쇼핑검색",자판기중고구매,PC,1,0,0,0,1,0,0,0,0
"쇼핑검색",자판기중고대전,PC,2,0,0,0,1,0,0,0,0
"쇼핑검색",자판기중고매입,PC,5,0,0,0,1,0,0,0,0
"쇼핑검색",자판기중고매입,모바일,13,0,0,0,1,0,0,0,0
"쇼핑검색",자판기중고사가는곳,모바일,2,0,0,0,1,0,0,0,0
"쇼핑검색",자판기중고파는곳,모바일,1,0,0,0,1,0,0,0,0
"쇼핑검색",자판기창업,PC,48,2,204,407,1.1,1,0,0,0
"쇼핑검색",자판기창업,모바일,73,0,0,0,2.1,0,0,0,0
"쇼핑검색",자판기창업비용,모바일,7,0,0,0,2,0,0,0,0
"쇼핑검색",자판기창업수익률,모바일,1,0,0,0,2,0,0,0,0
"쇼핑검색",자판기창업후기,모바일,1,0,0,0,2,0,0,0,0
"쇼핑검색",자판기커피머신,PC,6,0,0,0,10.5,0,0,0,0
"쇼핑검색",자판기커피머신중고,모바일,1,0,0,0,1,0,0,0,0
"쇼핑검색",자판기커피설치,PC,1,0,0,0,1,0,0,0,0
"쇼핑검색",자판기코인,모바일,1,0,0,0,9,0,0,0,0
"쇼핑검색",자판기판매점중고,모바일,3,1,187,187,2,1,0,0,0
"쇼핑검색",자판기펌프,모바일,1,0,0,0,9,0,0,0,0
"쇼핑검색",자판기하프밴딩,PC,1,0,0,0,1,0,0,0,0
"쇼핑검색",자판기회사박재용,모바일,1,0,0,0,2,0,0,0,0
"쇼핑검색",자판기회사설치,모바일,2,0,0,0,1,0,0,0,0
"쇼핑검색",자판기회사전화번호,모바일,2,0,0,0,1.5,0,0,0,0
"쇼핑검색",저가무인창업,모바일,1,0,0,0,1,0,0,0,0
"쇼핑검색",전북중고자판기,모바일,1,0,0,0,1,0,0,0,0
"쇼핑검색",전주자판기설치,PC,1,0,0,0,1,0,0,0,0
"쇼핑검색",전주중고자판기,모바일,1,0,0,0,1,0,0,0,0
"쇼핑검색",전주중고자판기매입,PC,2,0,0,0,1,0,0,0,0
"쇼핑검색",제천중고자판기,모바일,1,0,0,0,1,0,0,0,0
"쇼핑검색",종로구자판기설치,PC,1,0,0,0,2,0,0,0,0
"쇼핑검색",종합자판기,PC,1,1,198,198,4,1,0,0,0
"쇼핑검색",종합자판기구매,PC,3,0,0,0,4.7,0,0,0,0
"쇼핑검색",주식회사멀티키친,PC,1,0,0,0,1,0,0,0,0
"쇼핑검색",주식회사멀티키친,모바일,2,0,0,0,1.5,0,0,0,0
"쇼핑검색",주식회사비엘(BL코퍼레이,PC,2,0,0,0,1.5,0,0,0,0
"쇼핑검색",주식회사스페이스닷,PC,2,0,0,0,1.5,0,0,0,0
"쇼핑검색",주식회사스페이스닷,모바일,1,0,0,0,1,0,0,0,0
"쇼핑검색",주식회사스페이스프로,PC,10,0,0,0,1.8,0,0,0,0
"쇼핑검색",주식회사하프스페이스,PC,12,0,0,0,1.3,0,0,0,0
"쇼핑검색",중고가전커피자판기,모바일,1,0,0,0,1,0,0,0,0
"쇼핑검색",중고롯데기공멀티자판기,PC,1,0,0,0,1,0,0,0,0
"쇼핑검색",중고롯데기공자판기,모바일,1,0,0,0,1,0,0,0,0
"쇼핑검색",중고롯데멀티자판기,모바일,3,0,0,0,1.3,0,0,0,0
"쇼핑검색",중고멀티스페이스,모바일,1,0,0,0,1,0,0,0,0
"쇼핑검색",중고멀티자판기,모바일,2,0,0,0,3.5,0,0,0,0
"쇼핑검색",중고멀티자판기판매,모바일,1,0,0,0,1,0,0,0,0
"쇼핑검색",중고멀티자판기판매점,모바일,2,0,0,0,1,0,0,0,0
"쇼핑검색",중고무인커피,모바일,1,0,0,0,7,0,0,0,0
"쇼핑검색",중고술자판기,모바일,1,0,0,0,3,0,0,0,0
"쇼핑검색",중고음료자판기,PC,3,0,0,0,3.3,0,0,0,0
"쇼핑검색",중고자판기,PC,2,0,0,0,4.5,0,0,0,0
"쇼핑검색",중고자판기\,PC,1,0,0,0,1,0,0,0,0
"쇼핑검색",중고자판기가격,PC,6,0,0,0,1,0,0,0,0
"쇼핑검색",중고자판기가격,모바일,25,1,55,55,1.2,1,0,0,0
"쇼핑검색",중고자판기광주,PC,1,0,0,0,1,0,0,0,0
"쇼핑검색",중고자판기광주,모바일,1,0,0,0,1,0,0,0,0
"쇼핑검색",중고자판기구매,PC,3,0,0,0,1,0,0,0,0
"쇼핑검색",중고자판기매입,PC,6,0,0,0,1,0,0,0,0
"쇼핑검색",중고자판기매입,모바일,17,1,55,55,1.2,1,0,0,0
"쇼핑검색",중고자판기매입업체,모바일,3,0,0,0,1,0,0,0,0
"쇼핑검색",중고자판기의모든것,모바일,1,0,0,0,1,0,0,0,0
"쇼핑검색",중고자판기저렴하게파는곳,PC,1,0,0,0,1,0,0,0,0
"쇼핑검색",중고자판기커피머신,모바일,2,0,0,0,1,0,0,0,0
"쇼핑검색",중고자판기파주,모바일,1,0,0,0,1,0,0,0,0
"쇼핑검색",중고자판기판매,PC,7,0,0,0,1,0,0,0,0
"쇼핑검색",중고자판기판매,모바일,9,0,0,0,1,0,0,0,0
"쇼핑검색",중고자판기판매점,모바일,1,0,0,0,1,0,0,0,0
"쇼핑검색",중고자판기한국유통,모바일,1,0,0,0,1,0,0,0,0
"쇼핑검색",중고커피,모바일,4,0,0,0,1,0,0,0,0
"쇼핑검색",중고커피머신자판기,모바일,1,0,0,0,1,0,0,0,0
"쇼핑검색",중고커피자판기메이커,모바일,1,0,0,0,1,0,0,0,0
"쇼핑검색",중앙벤딩자판기,PC,3,0,0,0,3.7,0,0,0,0
"쇼핑검색",창업무인,모바일,4,0,0,0,2,0,0,0,0
"쇼핑검색",창업스페이스,모바일,3,0,0,0,1.3,0,0,0,0
"쇼핑검색",창업회사,PC,3,0,0,0,5,0,0,0,0
"쇼핑검색",천안무인자판기설치,PC,1,0,0,0,1,0,0,0,0
"쇼핑검색",천안아산무인창업,PC,1,0,0,0,1,0,0,0,0
"쇼핑검색",철물점무인창업,PC,1,0,0,0,2,0,0,0,0
"쇼핑검색",청주멀티자판기,PC,1,0,0,0,2,0,0,0,0
"쇼핑검색",청주멀티자판기위탁,PC,3,0,0,0,2,0,0,0,0
"쇼핑검색",초량캔음료자판기,PC,2,0,0,0,3,0,0,0,0
"쇼핑검색",최신무인창업,PC,1,0,0,0,1,0,0,0,0
"쇼핑검색",추출음료자판기,모바일,6,0,0,0,6.8,0,0,0,0
"쇼핑검색",카드사용멀티자판기,모바일,1,0,0,0,4,0,0,0,0
"쇼핑검색",카페25주식회사,PC,1,0,0,0,2,0,0,0,0
"쇼핑검색",카페25주식회사,모바일,2,0,0,0,1,0,0,0,0
"쇼핑검색",카페BAR무인,모바일,3,0,0,0,5,0,0,0,0
"쇼핑검색",카페기공,PC,1,0,0,0,1,0,0,0,0
"쇼핑검색",카페신제품,PC,1,0,0,0,6,0,0,0,0
"쇼핑검색",카페자판기,PC,1,0,0,0,5,0,0,0,0
"쇼핑검색",카페자판기,모바일,3,0,0,0,6.7,0,0,0,0
"쇼핑검색",카페자판기설치,모바일,1,0,0,0,1,0,0,0,0
"쇼핑검색",카페키오스크,PC,2,0,0,0,16.5,0,0,0,0
"쇼핑검색",캔자판기,PC,2,0,0,0,3,0,0,0,0
"쇼핑검색",캔자판기용량,모바일,2,0,0,0,3,0,0,0,0
"쇼핑검색",캔페트,PC,1,0,0,0,2,0,0,0,0
"쇼핑검색",캔페트,모바일,1,0,0,0,2,0,0,0,0
"쇼핑검색",커피.자판기중고,모바일,1,0,0,0,1,0,0,0,0
"쇼핑검색",커피AI자판기,PC,1,0,0,0,5,0,0,0,0
"쇼핑검색",커피기기렌탈업체,PC,1,0,0,0,4,0,0,0,0
"쇼핑검색",커피머신자판기중고,PC,1,0,0,0,1,0,0,0,0
"쇼핑검색",커피머신키오스크,PC,2,0,0,0,1,0,0,0,0
"쇼핑검색",커피메이커,PC,28,0,0,0,35.8,0,0,0,0
"쇼핑검색",커피메이커,모바일,1,0,0,0,16,0,0,0,0
"쇼핑검색",커피미니자판기렌탈,PC,1,0,0,0,3,0,0,0,0
"쇼핑검색",커피믹스자판기,모바일,1,0,0,0,15,0,0,0,0
"쇼핑검색",커피벤딩머신,PC,2,0,0,0,1,0,0,0,0
"쇼핑검색",커피벤딩머신,모바일,2,0,0,0,1,0,0,0,0
"쇼핑검색",커피스페이스롯데기공,PC,3,0,0,0,1.3,0,0,0,0
"쇼핑검색",커피음료겸용자판기,모바일,9,1,110,110,6,1,0,0,0
"쇼핑검색",커피음료멀티자판기,모바일,1,0,0,0,1,0,0,0,0
"쇼핑검색",커피음료수자판기,PC,1,0,0,0,3,0,0,0,0
"쇼핑검색",커피음료자판기,PC,5,0,0,0,1.4,0,0,0,0
"쇼핑검색",커피음료자판기,모바일,9,0,0,0,3.3,0,0,0,0
"쇼핑검색",커피자동판매기,모바일,2,0,0,0,10.5,0,0,0,0
"쇼핑검색",커피자판기,PC,142,2,187,374,11.7,1,0,0,0
"쇼핑검색",커피자판기,모바일,281,2,182,363,6.7,1.75,10.75,0,0
"쇼핑검색",커피자판기1구,PC,5,0,0,0,1.4,0,0,0,0
"쇼핑검색",커피자판기1구,모바일,7,0,0,0,6.7,0,0,0,0
"쇼핑검색",커피자판기1구믹스,모바일,2,0,0,0,6,0,0,0,0
"쇼핑검색",커피자판기BARISTA,모바일,3,0,0,0,3.7,0,0,0,0
"쇼핑검색",커피자판기가격,모바일,1,0,0,0,2,0,0,0,0
"쇼핑검색",커피자판기구매,모바일,3,0,0,0,8.7,0,0,0,0
"쇼핑검색",커피자판기렌탈,PC,3,0,0,0,3.3,0,0,0,0
"쇼핑검색",커피자판기렌탈,모바일,1,0,0,0,3,0,0,0,0
"쇼핑검색",커피자판기무상임대,PC,3,0,0,0,3,0,0,0,0
"쇼핑검색",커피자판기물통,모바일,1,0,0,0,7,0,0,0,0
"쇼핑검색",커피자판기부속,모바일,1,0,0,0,2,0,0,0,0
"쇼핑검색",커피자판기사업,모바일,3,0,0,0,1.7,0,0,0,0
"쇼핑검색",커피자판기설치,PC,6,0,0,0,1.5,0,0,0,0
"쇼핑검색",커피자판기설치규정,PC,1,0,0,0,1,0,0,0,0
"쇼핑검색",커피자판기설치조건,모바일,2,0,0,0,2,0,0,0,0
"쇼핑검색",커피자판기신모델,PC,1,0,0,0,1,0,0,0,0
"쇼핑검색",커피자판기원두스마트벤딩머신,PC,3,0,0,0,5,0,0,0,0
"쇼핑검색",커피자판기임대,PC,3,0,0,0,2.3,0,0,0,0
"쇼핑검색",커피자판기창업,PC,2,0,0,0,1.5,0,0,0,0
"쇼핑검색",커피자판기회사,PC,9,0,0,0,1.3,0,0,0,0
"쇼핑검색",커피중고,PC,7,0,0,0,1,0,0,0,0
"쇼핑검색",커피중고,모바일,9,0,0,0,1,0,0,0,0
"쇼핑검색",커피중고구매,PC,1,0,0,0,1,0,0,0,0
"쇼핑검색",커피중고자판기,모바일,1,0,0,0,3,0,0,0,0
"쇼핑검색",커피타임무인카페,모바일,1,0,0,0,6,0,0,0,0
"쇼핑검색",커피판매기,모바일,4,0,0,0,5.5,0,0,0,0
"쇼핑검색",커피회사모델,모바일,2,0,0,0,1,0,0,0,0
"쇼핑검색",컵자판기,PC,4,0,0,0,8,0,0,0,0
"쇼핑검색",쿠팡중고메밀반축기,모바일,1,0,0,0,10,0,0,0,0
"쇼핑검색",큐병원음료자판기,모바일,1,0,0,0,2,0,0,0,0
"쇼핑검색",크리스피자판기창업,모바일,1,0,0,0,2,0,0,0,0
"쇼핑검색",키오스크커피자판기,PC,2,0,0,0,1,0,0,0,0
"쇼핑검색",키오스크커피자판기,모바일,1,0,0,0,1,0,0,0,0
"쇼핑검색",티타임C20,모바일,2,0,0,0,8.5,0,0,0,0
"쇼핑검색",티타임자판기,모바일,2,0,0,0,9.5,0,0,0,0
"쇼핑검색",파란자판기,PC,1,0,0,0,2,0,0,0,0
"쇼핑검색",파주중고자판기,PC,1,0,0,0,1,0,0,0,0
"쇼핑검색",파주중고자판기,모바일,1,0,0,0,1,0,0,0,0
"쇼핑검색",페트병자판기창업,모바일,1,0,0,0,1,0,0,0,0
"쇼핑검색",평택중고자판기,모바일,1,0,0,0,1,0,0,0,0
"쇼핑검색",프리미엄자판기창업,모바일,2,0,0,0,1.5,0,0,0,0
"쇼핑검색",하이브스낵자판기,PC,2,0,0,0,3.5,0,0,0,0
"쇼핑검색",하프밴딩자판기,PC,3,0,0,0,1.3,0,0,0,0
"쇼핑검색",하프스페이스AS,PC,1,0,0,0,2,0,0,0,0
"쇼핑검색",하프스페이스롯데기공,PC,3,0,0,0,1.3,0,0,0,0
"쇼핑검색",하프스페이스롯데커피자판기,PC,3,0,0,0,1.3,0,0,0,0
"쇼핑검색",하프스페이스무인커피,모바일,11,1,77,77,4.9,1,0,0,0
"쇼핑검색",하프스페이스자판기,모바일,3,0,0,0,1.3,0,0,0,0
"쇼핑검색",하프스페이스자판기AS,PC,2,0,0,0,1.5,0,0,0,0
"쇼핑검색",하프자판기,모바일,3,0,0,0,1.3,0,0,0,0
"쇼핑검색",하프카페커피자판기,PC,3,0,0,0,1.3,0,0,0,0
"쇼핑검색",학교자판기,모바일,1,0,0,0,3,0,0,0,0
"쇼핑검색",학생회자판기설치,모바일,1,0,0,0,1,0,0,0,0
"쇼핑검색",학원용간식자판기,모바일,1,0,0,0,3,0,0,0,0
"쇼핑검색",한일자판기,모바일,2,0,0,0,3.5,0,0,0,0
"쇼핑검색",핫한무인창업,모바일,1,0,0,0,2,0,0,0,0
"쇼핑검색",헬스장멀티자판기,PC,1,0,0,0,2,0,0,0,0
"쇼핑검색",헬스장음료자판기,모바일,5,1,165,165,3,1,0,0,0
"쇼핑검색",화순자판기중고매입,모바일,1,0,0,0,1,0,0,0,0
"쇼핑검색",회사기부자판기,모바일,2,0,0,0,1.5,0,0,0,0
"쇼핑검색",회사기부형음료수자판기,모바일,2,0,0,0,1.5,0,0,0,0
"쇼핑검색",회사내자판기설치,PC,1,0,0,0,1,0,0,0,0
"쇼핑검색",회사다니면서무인카페,PC,1,0,0,0,2,0,0,0,0
"쇼핑검색",회사롯데커피자판기,PC,1,0,0,0,1,0,0,0,0
"쇼핑검색",회사무인자판기가격,PC,3,0,0,0,1.3,0,0,0,0
"쇼핑검색",회사무인커피,PC,1,0,0,0,1,0,0,0,0
"쇼핑검색",회사무인커피수익,PC,2,0,0,0,1.5,0,0,0,0
"쇼핑검색",회사복지무인카페,PC,1,0,0,0,2,0,0,0,0
"쇼핑검색",회사손님접대용음료자판기,PC,2,0,0,0,1.5,0,0,0,0
"쇼핑검색",회사음료수자판기,PC,1,0,0,0,1,0,0,0,0
"쇼핑검색",회사음료수자판기,모바일,1,0,0,0,1,0,0,0,0
"쇼핑검색",회사음료자판기,PC,4,0,0,0,1.3,0,0,0,0
"쇼핑검색",회사음료자판기결제,모바일,2,0,0,0,1.5,0,0,0,0
"쇼핑검색",회사음료자판기설치,모바일,2,0,0,0,1.5,0,0,0,0
"쇼핑검색",회사음료자판기운영권,PC,2,0,0,0,1.5,0,0,0,0
"쇼핑검색",회사자판기가격,모바일,2,0,0,0,1,0,0,0,0
"쇼핑검색",회사자판기비용,PC,2,0,0,0,1.5,0,0,0,0
"쇼핑검색",회사자판기설치,PC,5,0,0,0,1,0,0,0,0
"쇼핑검색",회사자판기수익,PC,2,0,0,0,1.5,0,0,0,0
"쇼핑검색",회사자판기업종추가,PC,2,0,0,0,1.5,0,0,0,0
"쇼핑검색",회사자판기음료수가격,모바일,6,0,0,0,1.3,0,0,0,0
"쇼핑검색",회사커피자판기,PC,4,0,0,0,1.5,0,0,0,0
"쇼핑검색",회사커피자판기,모바일,26,1,165,165,5,1,0,0,0
"쇼핑검색",회사커피자판기설치신고,PC,1,0,0,0,1,0,0,0,0
"쇼핑검색",회사탕비실간식자판기,PC,2,0,0,0,1.5,0,0,0,0
