"파워링크보고서(2025.06.01.~2025.06.30.),spaisland:naver"
"캠페인유형",캠페인,광고그룹,키워드,PC/모바일 매체,노출수,클릭수,"평균클릭비용(VAT포함,원)","총비용(VAT포함,원)",평균노출순위,방문당 평균페이지뷰,방문당 평균체류시간(초),전환수,전환매출액(원)
"파워링크",스파아일랜드,01. 스파아일랜드 M,-,모바일,"8,461",331,172,"56,815",1.3,0,0,0,0
"파워링크",스파아일랜드,01. 스파아일랜드 M,24시간목욕탕,모바일,321,1,209,209,1.2,0,0,0,0
"파워링크",스파아일랜드,01. 스파아일랜드 M,24시간사우나,모바일,"1,475",0,0,0,1.2,0,0,0,0
"파워링크",스파아일랜드,01. 스파아일랜드 M,24시간찜질방,모바일,"1,862",9,82,737,1.8,0,0,0,0
"파워링크",스파아일랜드,01. 스파아일랜드 M,24시간한증막,모바일,12,0,0,0,1.2,0,0,0,0
"파워링크",스파아일랜드,01. 스파아일랜드 M,24시목욕탕,모바일,"1,050",0,0,0,1,0,0,0,0
"파워링크",스파아일랜드,01. 스파아일랜드 M,24시사우나,모바일,"8,078",16,212,"3,399",1.1,0,0,0,0
"파워링크",스파아일랜드,01. 스파아일랜드 M,24시찜질방,모바일,"7,901",163,467,"76,109",1.1,0,0,0,0
"파워링크",스파아일랜드,01. 스파아일랜드 M,24시한증막,모바일,72,0,0,0,1,0,0,0,0
"파워링크",스파아일랜드,01. 스파아일랜드 M,BTS찜질방,모바일,2,0,0,0,1,0,0,0,0
"파워링크",스파아일랜드,01. 스파아일랜드 M,M스파,모바일,373,0,0,0,1,0,0,0,0
"파워링크",스파아일랜드,01. 스파아일랜드 M,가든파이브사우나,모바일,55,2,77,154,1,0,0,0,0
"파워링크",스파아일랜드,01. 스파아일랜드 M,가든파이브찜질방,모바일,880,2,248,495,1,0,0,0,0
"파워링크",스파아일랜드,01. 스파아일랜드 M,가볼만한곳,모바일,68,0,0,0,8.4,0,0,0,0
"파워링크",스파아일랜드,01. 스파아일랜드 M,강남24시사우나,모바일,"1,885",1,88,88,1,0,0,0,0
"파워링크",스파아일랜드,01. 스파아일랜드 M,강서구사우나,모바일,498,8,92,737,1.5,0,0,0,0
"파워링크",스파아일랜드,01. 스파아일랜드 M,강서구찜질방,모바일,602,3,84,253,2,0,0,0,0
"파워링크",스파아일랜드,01. 스파아일랜드 M,겨울실내데이트,모바일,59,0,0,0,1.9,0,0,0,0
"파워링크",스파아일랜드,01. 스파아일랜드 M,경기24시찜질방추천,모바일,1,0,0,0,1,0,0,0,0
"파워링크",스파아일랜드,01. 스파아일랜드 M,경기가볼만한곳,모바일,209,6,341,"2,046",13.9,0,0,0,0
"파워링크",스파아일랜드,01. 스파아일랜드 M,경기놀이방찜질방,모바일,3,0,0,0,1,0,0,0,0
"파워링크",스파아일랜드,01. 스파아일랜드 M,경기도24시목욕탕,모바일,1,0,0,0,1,0,0,0,0
"파워링크",스파아일랜드,01. 스파아일랜드 M,경기도24시사우나,모바일,27,2,226,451,1.2,0,0,0,0
"파워링크",스파아일랜드,01. 스파아일랜드 M,경기도24시찜질방,모바일,96,5,103,517,1,0,0,0,0
"파워링크",스파아일랜드,01. 스파아일랜드 M,경기도24시찜질방추천,모바일,80,1,77,77,1.4,0,0,0,0
"파워링크",스파아일랜드,01. 스파아일랜드 M,경기도가볼만한곳,모바일,"83,806","1,158",792,"917,521",2.3,0,0,0,0
"파워링크",스파아일랜드,01. 스파아일랜드 M,경기도나들이,모바일,"1,611",12,559,"6,710",2.2,0,0,0,0
"파워링크",스파아일랜드,01. 스파아일랜드 M,경기도놀이방찜질방,모바일,11,0,0,0,1,0,0,0,0
"파워링크",스파아일랜드,01. 스파아일랜드 M,경기도대형사우나,모바일,45,2,666,"1,331",1,0,0,0,0
"파워링크",스파아일랜드,01. 스파아일랜드 M,경기도대형찜질방,모바일,621,3,187,561,1,0,0,0,0
"파워링크",스파아일랜드,01. 스파아일랜드 M,경기도데이트,모바일,"2,727",37,509,"18,821",1.7,0,0,0,0
"파워링크",스파아일랜드,01. 스파아일랜드 M,경기도데이트코스,모바일,444,6,435,"2,607",2,0,0,0,0
"파워링크",스파아일랜드,01. 스파아일랜드 M,경기도목욕탕추천,모바일,7,0,0,0,2,0,0,0,0
"파워링크",스파아일랜드,01. 스파아일랜드 M,경기도사우나,모바일,269,14,263,"3,685",1.2,0,0,0,0
"파워링크",스파아일랜드,01. 스파아일랜드 M,경기도사우나추천,모바일,47,2,220,440,1,0,0,0,0
"파워링크",스파아일랜드,01. 스파아일랜드 M,경기도실내놀거리,모바일,72,0,0,0,1.8,0,0,0,0
"파워링크",스파아일랜드,01. 스파아일랜드 M,경기도실내데이트,모바일,"3,757",28,432,"12,100",1.2,0,0,0,0
"파워링크",스파아일랜드,01. 스파아일랜드 M,경기도아기찜질방,모바일,2,0,0,0,1,0,0,0,0
"파워링크",스파아일랜드,01. 스파아일랜드 M,경기도아이와가볼만한곳,모바일,"5,517",66,"1,538","101,530",1.5,0,0,0,0
"파워링크",스파아일랜드,01. 스파아일랜드 M,경기도찜질방,모바일,"2,411",32,176,"5,621",1.1,0,0,0,0
"파워링크",스파아일랜드,01. 스파아일랜드 M,경기도찜질방추천,모바일,"1,823",87,211,"18,337",1.2,0,0,0,0
"파워링크",스파아일랜드,01. 스파아일랜드 M,경기도키즈찜질방,모바일,120,0,0,0,1,0,0,0,0
"파워링크",스파아일랜드,01. 스파아일랜드 M,경기도키즈찜질방추천,모바일,30,1,77,77,1,0,0,0,0
"파워링크",스파아일랜드,01. 스파아일랜드 M,경기도한증막추천,모바일,1,0,0,0,2,0,0,0,0
"파워링크",스파아일랜드,01. 스파아일랜드 M,경기키즈찜질방,모바일,16,1,77,77,1,0,0,0,0
"파워링크",스파아일랜드,01. 스파아일랜드 M,고급사우나,모바일,110,0,0,0,1.7,0,0,0,0
"파워링크",스파아일랜드,01. 스파아일랜드 M,고봉산,모바일,513,0,0,0,1.1,0,0,0,0
"파워링크",스파아일랜드,01. 스파아일랜드 M,고봉산찜질방,모바일,13,0,0,0,1,0,0,0,0
"파워링크",스파아일랜드,01. 스파아일랜드 M,고봉산한증막,모바일,39,1,77,77,1,0,0,0,0
"파워링크",스파아일랜드,01. 스파아일랜드 M,고양가볼만한곳,모바일,196,1,330,330,2.7,0,0,0,0
"파워링크",스파아일랜드,01. 스파아일랜드 M,고양놀거리,모바일,"1,148",1,220,220,1.1,0,0,0,0
"파워링크",스파아일랜드,01. 스파아일랜드 M,고양놀이방찜질방,모바일,8,0,0,0,1.5,0,0,0,0
"파워링크",스파아일랜드,01. 스파아일랜드 M,고양목욕탕,모바일,35,0,0,0,2.5,0,0,0,0
"파워링크",스파아일랜드,01. 스파아일랜드 M,고양스타필드사우나,모바일,486,23,70,"1,606",1,0,0,0,0
"파워링크",스파아일랜드,01. 스파아일랜드 M,고양스타필드찜질방,모바일,"3,102",73,459,"33,484",2.5,0,0,0,0
"파워링크",스파아일랜드,01. 스파아일랜드 M,고양스파아일랜드,모바일,147,1,77,77,1,0,0,0,0
"파워링크",스파아일랜드,01. 스파아일랜드 M,고양시,모바일,379,3,246,737,1.3,0,0,0,0
"파워링크",스파아일랜드,01. 스파아일랜드 M,고양시24시사우나,모바일,52,1,77,77,1.4,0,0,0,0
"파워링크",스파아일랜드,01. 스파아일랜드 M,고양시24시찜질방,모바일,90,0,0,0,1.2,0,0,0,0
"파워링크",스파아일랜드,01. 스파아일랜드 M,고양시24시찜질방추천,모바일,1,0,0,0,2,0,0,0,0
"파워링크",스파아일랜드,01. 스파아일랜드 M,고양시가볼만한곳,모바일,"2,754",55,551,"30,283",2.6,0,0,0,0
"파워링크",스파아일랜드,01. 스파아일랜드 M,고양시놀이방찜질방,모바일,3,0,0,0,2,0,0,0,0
"파워링크",스파아일랜드,01. 스파아일랜드 M,고양시대형사우나,모바일,5,1,77,77,1.4,0,0,0,0
"파워링크",스파아일랜드,01. 스파아일랜드 M,고양시대형찜질방,모바일,29,2,77,154,1.6,0,0,0,0
"파워링크",스파아일랜드,01. 스파아일랜드 M,고양시데이트코스,모바일,1,0,0,0,1,0,0,0,0
"파워링크",스파아일랜드,01. 스파아일랜드 M,고양시목욕탕,모바일,53,1,77,77,1,0,0,0,0
"파워링크",스파아일랜드,01. 스파아일랜드 M,고양시목욕탕추천,모바일,10,0,0,0,1.4,0,0,0,0
"파워링크",스파아일랜드,01. 스파아일랜드 M,고양시불한증막,모바일,12,0,0,0,1,0,0,0,0
"파워링크",스파아일랜드,01. 스파아일랜드 M,고양시사우나,모바일,170,1,209,209,1.5,0,0,0,0
"파워링크",스파아일랜드,01. 스파아일랜드 M,고양시사우나추천,모바일,26,1,77,77,1.5,0,0,0,0
"파워링크",스파아일랜드,01. 스파아일랜드 M,고양시실내놀거리,모바일,12,0,0,0,1,0,0,0,0
"파워링크",스파아일랜드,01. 스파아일랜드 M,고양시실내데이트,모바일,94,0,0,0,1.9,0,0,0,0
"파워링크",스파아일랜드,01. 스파아일랜드 M,고양시원당찜질방,모바일,4,0,0,0,1,0,0,0,0
"파워링크",스파아일랜드,01. 스파아일랜드 M,고양시찜질방,모바일,"1,101",7,288,"2,013",1.1,0,0,0,0
"파워링크",스파아일랜드,01. 스파아일랜드 M,고양시찜질방추천,모바일,17,0,0,0,2,0,0,0,0
"파워링크",스파아일랜드,01. 스파아일랜드 M,고양시키즈찜질방,모바일,10,0,0,0,1.6,0,0,0,0
"파워링크",스파아일랜드,01. 스파아일랜드 M,고양시한증막,모바일,32,0,0,0,1.3,0,0,0,0
"파워링크",스파아일랜드,01. 스파아일랜드 M,고양실내놀거리,모바일,22,0,0,0,1.8,0,0,0,0
"파워링크",스파아일랜드,01. 스파아일랜드 M,고양실내데이트,모바일,90,0,0,0,1.8,0,0,0,0
"파워링크",스파아일랜드,01. 스파아일랜드 M,고양아기찜질방,모바일,1,1,330,330,1,0,0,0,0
"파워링크",스파아일랜드,01. 스파아일랜드 M,고양원당찜질방,모바일,4,1,77,77,1,0,0,0,0
"파워링크",스파아일랜드,01. 스파아일랜드 M,고양찜질방,모바일,106,2,715,"1,430",1,0,0,0,0
"파워링크",스파아일랜드,01. 스파아일랜드 M,고양키즈찜질방,모바일,27,0,0,0,2,0,0,0,0
"파워링크",스파아일랜드,01. 스파아일랜드 M,고양터미널,모바일,122,0,0,0,1.4,0,0,0,0
"파워링크",스파아일랜드,01. 스파아일랜드 M,고양터미널찜질방,모바일,1,0,0,0,1,0,0,0,0
"파워링크",스파아일랜드,01. 스파아일랜드 M,고양한증막,모바일,6,0,0,0,2.7,0,0,0,0
"파워링크",스파아일랜드,01. 스파아일랜드 M,군인찜질방,모바일,25,0,0,0,1,0,0,0,0
"파워링크",스파아일랜드,01. 스파아일랜드 M,근처24시목욕탕,모바일,487,1,77,77,1.2,0,0,0,0
"파워링크",스파아일랜드,01. 스파아일랜드 M,근처24시사우나,모바일,"2,043",8,77,616,1.3,0,0,0,0
"파워링크",스파아일랜드,01. 스파아일랜드 M,근처24시찜질방,모바일,"1,013",5,99,495,1,0,0,0,0
"파워링크",스파아일랜드,01. 스파아일랜드 M,근처24시한증막,모바일,2,0,0,0,1,0,0,0,0
"파워링크",스파아일랜드,01. 스파아일랜드 M,근처목욕탕,모바일,"9,802",2,204,407,1.2,0,0,0,0
"파워링크",스파아일랜드,01. 스파아일랜드 M,근처불한증막,모바일,34,0,0,0,1,0,0,0,0
"파워링크",스파아일랜드,01. 스파아일랜드 M,근처사우나,모바일,"18,699",7,369,"2,585",1.4,0,0,0,0
"파워링크",스파아일랜드,01. 스파아일랜드 M,근처찜질방,모바일,"10,167",7,190,"1,331",1,0,0,0,0
"파워링크",스파아일랜드,01. 스파아일랜드 M,근처한증막,모바일,114,1,77,77,1,0,0,0,0
"파워링크",스파아일랜드,01. 스파아일랜드 M,금촌24시사우나,모바일,17,1,77,77,1,0,0,0,0
"파워링크",스파아일랜드,01. 스파아일랜드 M,금촌24시찜질방,모바일,4,0,0,0,1,0,0,0,0
"파워링크",스파아일랜드,01. 스파아일랜드 M,금촌동사우나,모바일,11,0,0,0,1,0,0,0,0
"파워링크",스파아일랜드,01. 스파아일랜드 M,금촌목욕탕,모바일,31,0,0,0,1,0,0,0,0
"파워링크",스파아일랜드,01. 스파아일랜드 M,금촌사우나,모바일,264,2,77,154,1,0,0,0,0
"파워링크",스파아일랜드,01. 스파아일랜드 M,금촌역목욕탕,모바일,12,0,0,0,1,0,0,0,0
"파워링크",스파아일랜드,01. 스파아일랜드 M,금촌역사우나,모바일,17,0,0,0,1,0,0,0,0
"파워링크",스파아일랜드,01. 스파아일랜드 M,금촌역찜질방,모바일,43,0,0,0,1,0,0,0,0
"파워링크",스파아일랜드,01. 스파아일랜드 M,금촌찜질방,모바일,280,1,77,77,1,0,0,0,0
"파워링크",스파아일랜드,01. 스파아일랜드 M,금촌찜질방추천,모바일,4,0,0,0,1,0,0,0,0
"파워링크",스파아일랜드,01. 스파아일랜드 M,김포24시목욕탕,모바일,2,0,0,0,1,0,0,0,0
"파워링크",스파아일랜드,01. 스파아일랜드 M,김포24시사우나,모바일,81,0,0,0,1,0,0,0,0
"파워링크",스파아일랜드,01. 스파아일랜드 M,김포24시찜질방,모바일,119,0,0,0,1.1,0,0,0,0
"파워링크",스파아일랜드,01. 스파아일랜드 M,김포24시찜질방추천,모바일,2,0,0,0,1,0,0,0,0
"파워링크",스파아일랜드,01. 스파아일랜드 M,김포24시한증막,모바일,3,1,77,77,1,0,0,0,0
"파워링크",스파아일랜드,01. 스파아일랜드 M,김포가볼만한곳,모바일,79,4,278,"1,111",13.6,0,0,0,0
"파워링크",스파아일랜드,01. 스파아일랜드 M,김포가족찜질방,모바일,5,0,0,0,1,0,0,0,0
"파워링크",스파아일랜드,01. 스파아일랜드 M,김포공항근처목욕탕,모바일,12,0,0,0,1.3,0,0,0,0
"파워링크",스파아일랜드,01. 스파아일랜드 M,김포공항근처사우나,모바일,68,1,77,77,1,0,0,0,0
"파워링크",스파아일랜드,01. 스파아일랜드 M,김포공항근처찜질방,모바일,"1,000",28,78,"2,178",1.6,0,0,0,0
"파워링크",스파아일랜드,01. 스파아일랜드 M,김포놀이방찜질방,모바일,19,1,77,77,1,0,0,0,0
"파워링크",스파아일랜드,01. 스파아일랜드 M,김포대형사우나,모바일,79,7,77,539,1,0,0,0,0
"파워링크",스파아일랜드,01. 스파아일랜드 M,김포대형찜질방,모바일,80,1,77,77,1,0,0,0,0
"파워링크",스파아일랜드,01. 스파아일랜드 M,김포데이트추천,모바일,102,0,0,0,1.2,0,0,0,0
"파워링크",스파아일랜드,01. 스파아일랜드 M,김포데이트코스,모바일,208,1,209,209,2.3,0,0,0,0
"파워링크",스파아일랜드,01. 스파아일랜드 M,김포목욕탕,모바일,132,0,0,0,1,0,0,0,0
"파워링크",스파아일랜드,01. 스파아일랜드 M,김포사우나,모바일,"1,233",5,106,528,1.1,0,0,0,0
"파워링크",스파아일랜드,01. 스파아일랜드 M,김포스파,모바일,348,2,94,187,1.5,0,0,0,0
"파워링크",스파아일랜드,01. 스파아일랜드 M,김포시24시사우나,모바일,2,0,0,0,1.5,0,0,0,0
"파워링크",스파아일랜드,01. 스파아일랜드 M,김포시24시찜질방,모바일,3,0,0,0,1,0,0,0,0
"파워링크",스파아일랜드,01. 스파아일랜드 M,김포시목욕탕,모바일,9,0,0,0,1.2,0,0,0,0
"파워링크",스파아일랜드,01. 스파아일랜드 M,김포시목욕탕추천,모바일,1,0,0,0,1,0,0,0,0
"파워링크",스파아일랜드,01. 스파아일랜드 M,김포시사우나,모바일,25,2,187,374,1,0,0,0,0
"파워링크",스파아일랜드,01. 스파아일랜드 M,김포시사우나추천,모바일,6,0,0,0,2,0,0,0,0
"파워링크",스파아일랜드,01. 스파아일랜드 M,김포시설좋은사우나,모바일,12,0,0,0,1.1,0,0,0,0
"파워링크",스파아일랜드,01. 스파아일랜드 M,김포시설좋은찜질방,모바일,6,0,0,0,1,0,0,0,0
"파워링크",스파아일랜드,01. 스파아일랜드 M,김포시찜질방,모바일,13,0,0,0,1.1,0,0,0,0
"파워링크",스파아일랜드,01. 스파아일랜드 M,김포시찜질방추천,모바일,1,0,0,0,1,0,0,0,0
"파워링크",스파아일랜드,01. 스파아일랜드 M,김포실내데이트,모바일,311,3,125,374,2,0,0,0,0
"파워링크",스파아일랜드,01. 스파아일랜드 M,김포아기찜질방,모바일,5,0,0,0,1,0,0,0,0
"파워링크",스파아일랜드,01. 스파아일랜드 M,김포이색찜질방,모바일,7,0,0,0,1,0,0,0,0
"파워링크",스파아일랜드,01. 스파아일랜드 M,김포찜질방,모바일,"2,736",22,173,"3,795",1,0,0,0,0
"파워링크",스파아일랜드,01. 스파아일랜드 M,김포키즈찜질방,모바일,52,0,0,0,1,0,0,0,0
"파워링크",스파아일랜드,01. 스파아일랜드 M,김포한증막,모바일,8,0,0,0,1,0,0,0,0
"파워링크",스파아일랜드,01. 스파아일랜드 M,내근처24시목욕탕,모바일,12,0,0,0,1.2,0,0,0,0
"파워링크",스파아일랜드,01. 스파아일랜드 M,내근처24시사우나,모바일,192,9,82,737,1,0,0,0,0
"파워링크",스파아일랜드,01. 스파아일랜드 M,내근처24시찜질방,모바일,508,12,376,"4,510",1,0,0,0,0
"파워링크",스파아일랜드,01. 스파아일랜드 M,내근처24시한증막,모바일,1,0,0,0,1,0,0,0,0
"파워링크",스파아일랜드,01. 스파아일랜드 M,내근처목욕탕,모바일,"1,866",1,77,77,1,0,0,0,0
"파워링크",스파아일랜드,01. 스파아일랜드 M,내근처사우나,모바일,"1,952",38,266,"10,109",1,0,0,0,0
"파워링크",스파아일랜드,01. 스파아일랜드 M,내근처찜질방,모바일,"1,304",4,209,836,1,0,0,0,0
"파워링크",스파아일랜드,01. 스파아일랜드 M,내근처한증막,모바일,10,0,0,0,1,0,0,0,0
"파워링크",스파아일랜드,01. 스파아일랜드 M,뉴진스찜질방,모바일,28,0,0,0,1.1,0,0,0,0
"파워링크",스파아일랜드,01. 스파아일랜드 M,달려라석진찜질방,모바일,18,6,77,462,1,0,0,0,0
"파워링크",스파아일랜드,01. 스파아일랜드 M,대형찜질방,모바일,"4,495",22,83,"1,826",1.4,0,0,0,0
"파워링크",스파아일랜드,01. 스파아일랜드 M,대화동,모바일,16,0,0,0,1.1,0,0,0,0
"파워링크",스파아일랜드,01. 스파아일랜드 M,대화동사우나,모바일,41,0,0,0,1,0,0,0,0
"파워링크",스파아일랜드,01. 스파아일랜드 M,대화동찜질방,모바일,20,1,77,77,1,0,0,0,0
"파워링크",스파아일랜드,01. 스파아일랜드 M,대화동한증막,모바일,1,0,0,0,1,0,0,0,0
"파워링크",스파아일랜드,01. 스파아일랜드 M,대화목욕탕,모바일,1,0,0,0,1,0,0,0,0
"파워링크",스파아일랜드,01. 스파아일랜드 M,대화사우나,모바일,3,0,0,0,1.7,0,0,0,0
"파워링크",스파아일랜드,01. 스파아일랜드 M,대화역,모바일,"1,183",5,251,"1,254",1.3,0,0,0,0
"파워링크",스파아일랜드,01. 스파아일랜드 M,대화역목욕탕,모바일,5,0,0,0,1,0,0,0,0
"파워링크",스파아일랜드,01. 스파아일랜드 M,대화역사우나,모바일,32,0,0,0,1.1,0,0,0,0
"파워링크",스파아일랜드,01. 스파아일랜드 M,대화역찜질방,모바일,72,1,77,77,1,0,0,0,0
"파워링크",스파아일랜드,01. 스파아일랜드 M,대화찜질방,모바일,20,0,0,0,1,0,0,0,0
"파워링크",스파아일랜드,01. 스파아일랜드 M,덕양구사우나,모바일,36,0,0,0,1.1,0,0,0,0
"파워링크",스파아일랜드,01. 스파아일랜드 M,덕양구찜질방,모바일,186,2,77,154,1.1,0,0,0,0
"파워링크",스파아일랜드,01. 스파아일랜드 M,덕이동목욕탕,모바일,22,0,0,0,1,0,0,0,0
"파워링크",스파아일랜드,01. 스파아일랜드 M,덕이동사우나,모바일,48,0,0,0,1,0,0,0,0
"파워링크",스파아일랜드,01. 스파아일랜드 M,덕이동찜질방,모바일,32,0,0,0,1,0,0,0,0
"파워링크",스파아일랜드,01. 스파아일랜드 M,데이트코스추천,모바일,47,0,0,0,2.2,0,0,0,0
"파워링크",스파아일랜드,01. 스파아일랜드 M,동궁목욕탕,모바일,1,0,0,0,1,0,0,0,0
"파워링크",스파아일랜드,01. 스파아일랜드 M,동궁사우나,모바일,11,0,0,0,1,0,0,0,0
"파워링크",스파아일랜드,01. 스파아일랜드 M,동궁찜질방,모바일,31,0,0,0,1,0,0,0,0
"파워링크",스파아일랜드,01. 스파아일랜드 M,땀잘나는찜질방,모바일,4,1,77,77,1,0,0,0,0
"파워링크",스파아일랜드,01. 스파아일랜드 M,뚱발,모바일,6,0,0,0,1.7,0,0,0,0
"파워링크",스파아일랜드,01. 스파아일랜드 M,뚱발목욕장,모바일,9,0,0,0,1,0,0,0,0
"파워링크",스파아일랜드,01. 스파아일랜드 M,라페스타놀거리,모바일,345,1,99,99,1,0,0,0,0
"파워링크",스파아일랜드,01. 스파아일랜드 M,라페스타목욕탕,모바일,8,0,0,0,1,0,0,0,0
"파워링크",스파아일랜드,01. 스파아일랜드 M,라페스타사우나,모바일,30,1,77,77,1,0,0,0,0
"파워링크",스파아일랜드,01. 스파아일랜드 M,라페스타찜질방,모바일,36,0,0,0,1,0,0,0,0
"파워링크",스파아일랜드,01. 스파아일랜드 M,마그넷찜질방,모바일,14,0,0,0,1,0,0,0,0
"파워링크",스파아일랜드,01. 스파아일랜드 M,목욕탕,모바일,"67,113",182,229,"41,602",2.4,0,0,0,0
"파워링크",스파아일랜드,01. 스파아일랜드 M,목욕탕숙박,모바일,4,0,0,0,2.3,0,0,0,0
"파워링크",스파아일랜드,01. 스파아일랜드 M,목욕탕좋은곳,모바일,15,0,0,0,1,0,0,0,0
"파워링크",스파아일랜드,01. 스파아일랜드 M,목욕탕추천,모바일,723,5,242,"1,210",1.2,0,0,0,0
"파워링크",스파아일랜드,01. 스파아일랜드 M,문산사우나,모바일,166,0,0,0,1.1,0,0,0,0
"파워링크",스파아일랜드,01. 스파아일랜드 M,문산찜질방,모바일,375,1,77,77,1,0,0,0,0
"파워링크",스파아일랜드,01. 스파아일랜드 M,문산파주찜질방,모바일,1,0,0,0,1,0,0,0,0
"파워링크",스파아일랜드,01. 스파아일랜드 M,백석24시사우나,모바일,4,1,77,77,1.8,0,0,0,0
"파워링크",스파아일랜드,01. 스파아일랜드 M,백석24시찜질방,모바일,1,0,0,0,2,0,0,0,0
"파워링크",스파아일랜드,01. 스파아일랜드 M,백석동목욕탕,모바일,53,0,0,0,1.8,0,0,0,0
"파워링크",스파아일랜드,01. 스파아일랜드 M,백석동사우나,모바일,83,0,0,0,1,0,0,0,0
"파워링크",스파아일랜드,01. 스파아일랜드 M,백석동찜질방,모바일,58,1,88,88,1.2,0,0,0,0
"파워링크",스파아일랜드,01. 스파아일랜드 M,백석목욕탕,모바일,44,1,77,77,1.5,0,0,0,0
"파워링크",스파아일랜드,01. 스파아일랜드 M,백석불한증막,모바일,2,0,0,0,1,0,0,0,0
"파워링크",스파아일랜드,01. 스파아일랜드 M,백석사우나,모바일,18,0,0,0,1,0,0,0,0
"파워링크",스파아일랜드,01. 스파아일랜드 M,백석역,모바일,475,3,110,330,1.2,0,0,0,0
"파워링크",스파아일랜드,01. 스파아일랜드 M,백석찜질방,모바일,97,1,88,88,1.1,0,0,0,0
"파워링크",스파아일랜드,01. 스파아일랜드 M,보넥도찜질방,모바일,4,0,0,0,1,0,0,0,0
"파워링크",스파아일랜드,01. 스파아일랜드 M,보이넥스트도어찜질방,모바일,27,12,77,924,1,0,0,0,0
"파워링크",스파아일랜드,01. 스파아일랜드 M,부천목욕탕,모바일,329,5,176,880,1.1,0,0,0,0
"파워링크",스파아일랜드,01. 스파아일랜드 M,부천목욕탕추천,모바일,33,0,0,0,1.5,0,0,0,0
"파워링크",스파아일랜드,01. 스파아일랜드 M,부천사우나,모바일,"1,523",5,132,660,1.5,0,0,0,0
"파워링크",스파아일랜드,01. 스파아일랜드 M,부천사우나추천,모바일,170,4,146,583,1,0,0,0,0
"파워링크",스파아일랜드,01. 스파아일랜드 M,부천찜질방,모바일,"4,706",136,71,"9,592",1.1,0,0,0,0
"파워링크",스파아일랜드,01. 스파아일랜드 M,부천찜질방추천,모바일,426,5,145,726,1,0,0,0,0
"파워링크",스파아일랜드,01. 스파아일랜드 M,부천한증막,모바일,35,0,0,0,1,0,0,0,0
"파워링크",스파아일랜드,01. 스파아일랜드 M,부천한증막추천,모바일,1,0,0,0,2,0,0,0,0
"파워링크",스파아일랜드,01. 스파아일랜드 M,북카페,모바일,"20,901",69,385,"26,565",2,0,0,0,0
"파워링크",스파아일랜드,01. 스파아일랜드 M,불한증막,모바일,"4,633",41,258,"10,560",1.9,0,0,0,0
"파워링크",스파아일랜드,01. 스파아일랜드 M,불한증막추천,모바일,3,0,0,0,1,0,0,0,0
"파워링크",스파아일랜드,01. 스파아일랜드 M,비오는날데이트,모바일,"13,050",128,868,"111,111",2.3,0,0,0,0
"파워링크",스파아일랜드,01. 스파아일랜드 M,비올때가볼만한곳,모바일,92,1,330,330,2,0,0,0,0
"파워링크",스파아일랜드,01. 스파아일랜드 M,사우나,모바일,"96,200",498,"1,367","680,537",2.1,0,0,0,0
"파워링크",스파아일랜드,01. 스파아일랜드 M,사우나마스크,모바일,42,0,0,0,3,0,0,0,0
"파워링크",스파아일랜드,01. 스파아일랜드 M,사우나숙박,모바일,39,0,0,0,1.3,0,0,0,0
"파워링크",스파아일랜드,01. 스파아일랜드 M,사우나좋은곳,모바일,52,1,154,154,1.1,0,0,0,0
"파워링크",스파아일랜드,01. 스파아일랜드 M,사우나찜질방,모바일,795,5,788,"3,938",1.4,0,0,0,0
"파워링크",스파아일랜드,01. 스파아일랜드 M,사우나추천,모바일,"1,353",46,723,"33,264",1.2,0,0,0,0
"파워링크",스파아일랜드,01. 스파아일랜드 M,상암동사우나,모바일,161,2,105,209,1,0,0,0,0
"파워링크",스파아일랜드,01. 스파아일랜드 M,상암동찜질방,모바일,118,1,77,77,1,0,0,0,0
"파워링크",스파아일랜드,01. 스파아일랜드 M,상암사우나,모바일,171,0,0,0,1,0,0,0,0
"파워링크",스파아일랜드,01. 스파아일랜드 M,상암찜질방,모바일,69,2,77,154,1,0,0,0,0
"파워링크",스파아일랜드,01. 스파아일랜드 M,서울근교가볼만한곳,모바일,"5,473",68,"1,511","102,751",1.3,0,0,0,0
"파워링크",스파아일랜드,01. 스파아일랜드 M,서울근교갈만한곳,모바일,"27,901",666,"1,243","827,761",1.5,0,0,0,0
"파워링크",스파아일랜드,01. 스파아일랜드 M,서울근교나들이,모바일,823,7,303,"2,123",2.9,0,0,0,0
"파워링크",스파아일랜드,01. 스파아일랜드 M,서울근교데이트코스,모바일,581,5,326,"1,628",2,0,0,0,0
"파워링크",스파아일랜드,01. 스파아일랜드 M,서울근교드라이브,모바일,458,2,363,726,3.3,0,0,0,0
"파워링크",스파아일랜드,01. 스파아일랜드 M,서울근교드라이브코스,모바일,"3,262",37,329,"12,177",1.7,0,0,0,0
"파워링크",스파아일랜드,01. 스파아일랜드 M,서울근교사우나,모바일,164,3,117,352,2.5,0,0,0,0
"파워링크",스파아일랜드,01. 스파아일랜드 M,서울근교온천,모바일,"2,881",62,225,"13,959",1.6,0,0,0,0
"파워링크",스파아일랜드,01. 스파아일랜드 M,서울근교찜질방,모바일,"3,006",29,99,"2,871",1.1,0,0,0,0
"파워링크",스파아일랜드,01. 스파아일랜드 M,서울근교찜질방추천,모바일,525,11,222,"2,442",1.1,0,0,0,0
"파워링크",스파아일랜드,01. 스파아일랜드 M,서울찜질방,모바일,"20,119",224,444,"99,495",1.9,0,0,0,0
"파워링크",스파아일랜드,01. 스파아일랜드 M,서울찜질방추천,모바일,"11,201",306,301,"92,125",2.1,0,0,0,0
"파워링크",스파아일랜드,01. 스파아일랜드 M,설문24시사우나,모바일,1,0,0,0,1,0,0,0,0
"파워링크",스파아일랜드,01. 스파아일랜드 M,설문동목욕탕,모바일,2,0,0,0,1,0,0,0,0
"파워링크",스파아일랜드,01. 스파아일랜드 M,설문동사우나,모바일,39,0,0,0,1,0,0,0,0
"파워링크",스파아일랜드,01. 스파아일랜드 M,설문동찜질방,모바일,69,0,0,0,1,0,0,0,0
"파워링크",스파아일랜드,01. 스파아일랜드 M,설문동한증막,모바일,1,0,0,0,1,0,0,0,0
"파워링크",스파아일랜드,01. 스파아일랜드 M,설문목욕탕,모바일,1,0,0,0,1,0,0,0,0
"파워링크",스파아일랜드,01. 스파아일랜드 M,설문사우나,모바일,3,0,0,0,1,0,0,0,0
"파워링크",스파아일랜드,01. 스파아일랜드 M,설문찜질방,모바일,34,0,0,0,1,0,0,0,0
"파워링크",스파아일랜드,01. 스파아일랜드 M,성석동24시사우나,모바일,1,0,0,0,1,0,0,0,0
"파워링크",스파아일랜드,01. 스파아일랜드 M,성석동사우나,모바일,22,0,0,0,1,0,0,0,0
"파워링크",스파아일랜드,01. 스파아일랜드 M,성석동찜질방,모바일,39,0,0,0,1,0,0,0,0
"파워링크",스파아일랜드,01. 스파아일랜드 M,센토,모바일,20,0,0,0,1.3,0,0,0,0
"파워링크",스파아일랜드,01. 스파아일랜드 M,센토목욕탕,모바일,7,1,77,77,1,0,0,0,0
"파워링크",스파아일랜드,01. 스파아일랜드 M,센토사우나,모바일,590,4,77,308,1,0,0,0,0
"파워링크",스파아일랜드,01. 스파아일랜드 M,센토찜질방,모바일,18,0,0,0,1,0,0,0,0
"파워링크",스파아일랜드,01. 스파아일랜드 M,수도권가볼만한곳,모바일,"5,160",115,"1,074","123,464",2.3,0,0,0,0
"파워링크",스파아일랜드,01. 스파아일랜드 M,수도권갈만한곳,모바일,109,0,0,0,1.8,0,0,0,0
"파워링크",스파아일랜드,01. 스파아일랜드 M,수도권데이트코스,모바일,16,0,0,0,1.2,0,0,0,0
"파워링크",스파아일랜드,01. 스파아일랜드 M,수도권실내놀거리,모바일,6,0,0,0,1,0,0,0,0
"파워링크",스파아일랜드,01. 스파아일랜드 M,수도권실내데이트,모바일,70,0,0,0,1,0,0,0,0
"파워링크",스파아일랜드,01. 스파아일랜드 M,스타필드사우나,모바일,263,0,0,0,1.6,0,0,0,0
"파워링크",스파아일랜드,01. 스파아일랜드 M,스파,모바일,"20,729",228,484,"110,385",2.1,0,0,0,0
"파워링크",스파아일랜드,01. 스파아일랜드 M,스파사우나,모바일,178,2,187,374,1.4,0,0,0,0
"파워링크",스파아일랜드,01. 스파아일랜드 M,스파아일랜드,모바일,"2,616",3,84,253,2,0,0,0,0
"파워링크",스파아일랜드,01. 스파아일랜드 M,스파아일랜드고양,모바일,617,2,77,154,1.1,0,0,0,0
"파워링크",스파아일랜드,01. 스파아일랜드 M,스파아일랜드일산,모바일,931,4,77,308,1.1,0,0,0,0
"파워링크",스파아일랜드,01. 스파아일랜드 M,스파찜질방,모바일,275,9,499,"4,488",1.1,0,0,0,0
"파워링크",스파아일랜드,01. 스파아일랜드 M,시설좋은목욕탕,모바일,24,0,0,0,1,0,0,0,0
"파워링크",스파아일랜드,01. 스파아일랜드 M,시설좋은사우나,모바일,76,9,363,"3,267",1,0,0,0,0
"파워링크",스파아일랜드,01. 스파아일랜드 M,시설좋은찜질방,모바일,385,5,257,"1,287",1.1,0,0,0,0
"파워링크",스파아일랜드,01. 스파아일랜드 M,시설좋은한증막,모바일,2,0,0,0,1,0,0,0,0
"파워링크",스파아일랜드,01. 스파아일랜드 M,시원한실내놀거리,모바일,4,0,0,0,1.5,0,0,0,0
"파워링크",스파아일랜드,01. 스파아일랜드 M,시원한실내데이트,모바일,52,2,83,165,1,0,0,0,0
"파워링크",스파아일랜드,01. 스파아일랜드 M,시원한찜질방,모바일,10,0,0,0,1.1,0,0,0,0
"파워링크",스파아일랜드,01. 스파아일랜드 M,식사동목욕탕,모바일,28,0,0,0,1,0,0,0,0
"파워링크",스파아일랜드,01. 스파아일랜드 M,식사동사우나,모바일,109,0,0,0,1,0,0,0,0
"파워링크",스파아일랜드,01. 스파아일랜드 M,식사동찜질방,모바일,65,0,0,0,1,0,0,0,0
"파워링크",스파아일랜드,01. 스파아일랜드 M,식사동한증막,모바일,5,1,77,77,1,0,0,0,0
"파워링크",스파아일랜드,01. 스파아일랜드 M,실내놀거리,모바일,"3,120",24,303,"7,282",2.1,0,0,0,0
"파워링크",스파아일랜드,01. 스파아일랜드 M,실내데이트,모바일,20,1,363,363,31.6,0,0,0,0
"파워링크",스파아일랜드,01. 스파아일랜드 M,실로암사우나,모바일,152,0,0,0,1,0,0,0,0
"파워링크",스파아일랜드,01. 스파아일랜드 M,실로암찜질방,모바일,12,1,77,77,1,0,0,0,0
"파워링크",스파아일랜드,01. 스파아일랜드 M,심학산24시찜질방,모바일,1,0,0,0,1,0,0,0,0
"파워링크",스파아일랜드,01. 스파아일랜드 M,심학산목욕탕,모바일,33,0,0,0,1,0,0,0,0
"파워링크",스파아일랜드,01. 스파아일랜드 M,심학산사우나,모바일,140,1,77,77,1.1,0,0,0,0
"파워링크",스파아일랜드,01. 스파아일랜드 M,심학산찜질방,모바일,252,12,74,891,1,0,0,0,0
"파워링크",스파아일랜드,01. 스파아일랜드 M,심학산한증막,모바일,3,0,0,0,1,0,0,0,0
"파워링크",스파아일랜드,01. 스파아일랜드 M,싸우나,모바일,"1,043",4,248,990,3.7,0,0,0,0
"파워링크",스파아일랜드,01. 스파아일랜드 M,씨메르사우나,모바일,139,0,0,0,3.2,0,0,0,0
"파워링크",스파아일랜드,01. 스파아일랜드 M,씨메르한증막,모바일,1,0,0,0,1,0,0,0,0
"파워링크",스파아일랜드,01. 스파아일랜드 M,아이들과가볼만한곳,모바일,"4,738",85,"2,204","187,341",1.4,0,0,0,0
"파워링크",스파아일랜드,01. 스파아일랜드 M,아이와가볼만한곳,모바일,25,1,363,363,24.8,0,0,0,0
"파워링크",스파아일랜드,01. 스파아일랜드 M,아이와갈만한곳,모바일,"3,089",24,"1,326","31,812",1.3,0,0,0,0
"파워링크",스파아일랜드,01. 스파아일랜드 M,아이와함께가볼만한곳,모바일,856,13,"1,049","13,640",1.2,0,0,0,0
"파워링크",스파아일랜드,01. 스파아일랜드 M,야간데이트,모바일,791,4,184,737,2.2,0,0,0,0
"파워링크",스파아일랜드,01. 스파아일랜드 M,야당동목욕탕,모바일,1,0,0,0,1,0,0,0,0
"파워링크",스파아일랜드,01. 스파아일랜드 M,야당동사우나,모바일,13,0,0,0,1,0,0,0,0
"파워링크",스파아일랜드,01. 스파아일랜드 M,야당동찜질방,모바일,19,0,0,0,1,0,0,0,0
"파워링크",스파아일랜드,01. 스파아일랜드 M,야당동한증막,모바일,2,0,0,0,1,0,0,0,0
"파워링크",스파아일랜드,01. 스파아일랜드 M,야당목욕탕,모바일,2,0,0,0,1,0,0,0,0
"파워링크",스파아일랜드,01. 스파아일랜드 M,야당사우나,모바일,161,0,0,0,1,0,0,0,0
"파워링크",스파아일랜드,01. 스파아일랜드 M,야당역목욕탕,모바일,5,0,0,0,1,0,0,0,0
"파워링크",스파아일랜드,01. 스파아일랜드 M,야당역사우나,모바일,95,1,132,132,1.3,0,0,0,0
"파워링크",스파아일랜드,01. 스파아일랜드 M,야당역찜질방,모바일,255,0,0,0,1,0,0,0,0
"파워링크",스파아일랜드,01. 스파아일랜드 M,야당찜질방,모바일,15,0,0,0,1,0,0,0,0
"파워링크",스파아일랜드,01. 스파아일랜드 M,에이스스파랜드,모바일,53,1,77,77,1,0,0,0,0
"파워링크",스파아일랜드,01. 스파아일랜드 M,엠블호텔,모바일,111,0,0,0,3.3,0,0,0,0
"파워링크",스파아일랜드,01. 스파아일랜드 M,엠스파,모바일,505,13,77,"1,001",1,0,0,0,0
"파워링크",스파아일랜드,01. 스파아일랜드 M,여름실내놀거리,모바일,555,1,77,77,1.3,0,0,0,0
"파워링크",스파아일랜드,01. 스파아일랜드 M,여름실내데이트,모바일,"2,431",7,332,"2,321",2,0,0,0,0
"파워링크",스파아일랜드,01. 스파아일랜드 M,와동동목욕탕,모바일,5,0,0,0,1,0,0,0,0
"파워링크",스파아일랜드,01. 스파아일랜드 M,와동동사우나,모바일,6,0,0,0,1,0,0,0,0
"파워링크",스파아일랜드,01. 스파아일랜드 M,와동동찜질방,모바일,7,0,0,0,1,0,0,0,0
"파워링크",스파아일랜드,01. 스파아일랜드 M,운정24시목욕탕,모바일,2,0,0,0,1,0,0,0,0
"파워링크",스파아일랜드,01. 스파아일랜드 M,운정24시사우나,모바일,14,2,77,154,1,0,0,0,0
"파워링크",스파아일랜드,01. 스파아일랜드 M,운정24시찜질방,모바일,11,0,0,0,1,0,0,0,0
"파워링크",스파아일랜드,01. 스파아일랜드 M,운정놀거리,모바일,4,0,0,0,1,0,0,0,0
"파워링크",스파아일랜드,01. 스파아일랜드 M,운정대형사우나,모바일,3,0,0,0,1,0,0,0,0
"파워링크",스파아일랜드,01. 스파아일랜드 M,운정목욕탕,모바일,113,0,0,0,1.2,0,0,0,0
"파워링크",스파아일랜드,01. 스파아일랜드 M,운정목욕탕추천,모바일,9,2,198,396,1,0,0,0,0
"파워링크",스파아일랜드,01. 스파아일랜드 M,운정사우나,모바일,53,1,121,121,1.1,0,0,0,0
"파워링크",스파아일랜드,01. 스파아일랜드 M,운정사우나추천,모바일,42,3,110,330,1.1,0,0,0,0
"파워링크",스파아일랜드,01. 스파아일랜드 M,운정스파,모바일,22,1,77,77,1.5,0,0,0,0
"파워링크",스파아일랜드,01. 스파아일랜드 M,운정스파랜드,모바일,5,0,0,0,1,0,0,0,0
"파워링크",스파아일랜드,01. 스파아일랜드 M,운정스파사우나,모바일,4,0,0,0,1,0,0,0,0
"파워링크",스파아일랜드,01. 스파아일랜드 M,운정역목욕탕,모바일,1,0,0,0,1,0,0,0,0
"파워링크",스파아일랜드,01. 스파아일랜드 M,운정역사우나,모바일,33,1,77,77,1,0,0,0,0
"파워링크",스파아일랜드,01. 스파아일랜드 M,운정역찜질방,모바일,23,1,132,132,1,0,0,0,0
"파워링크",스파아일랜드,01. 스파아일랜드 M,운정역한증막,모바일,1,0,0,0,2,0,0,0,0
"파워링크",스파아일랜드,01. 스파아일랜드 M,운정찜질방,모바일,379,0,0,0,1,0,0,0,0
"파워링크",스파아일랜드,01. 스파아일랜드 M,운정찜질방추천,모바일,48,4,77,308,1.1,0,0,0,0
"파워링크",스파아일랜드,01. 스파아일랜드 M,운정키즈찜질방,모바일,6,0,0,0,1,0,0,0,0
"파워링크",스파아일랜드,01. 스파아일랜드 M,운정탐라랜드,모바일,233,1,77,77,1,0,0,0,0
"파워링크",스파아일랜드,01. 스파아일랜드 M,운정탐라랜드사우나,모바일,32,2,77,154,1,0,0,0,0
"파워링크",스파아일랜드,01. 스파아일랜드 M,운정탐라사우나,모바일,15,0,0,0,1,0,0,0,0
"파워링크",스파아일랜드,01. 스파아일랜드 M,운정한증막,모바일,3,0,0,0,1,0,0,0,0
"파워링크",스파아일랜드,01. 스파아일랜드 M,원당24시사우나,모바일,14,0,0,0,1.1,0,0,0,0
"파워링크",스파아일랜드,01. 스파아일랜드 M,원당24시찜질방,모바일,30,0,0,0,1,0,0,0,0
"파워링크",스파아일랜드,01. 스파아일랜드 M,원당동목욕탕,모바일,7,0,0,0,1,0,0,0,0
"파워링크",스파아일랜드,01. 스파아일랜드 M,원당동사우나,모바일,19,0,0,0,1.5,0,0,0,0
"파워링크",스파아일랜드,01. 스파아일랜드 M,원당동찜질방,모바일,12,0,0,0,1.3,0,0,0,0
"파워링크",스파아일랜드,01. 스파아일랜드 M,원당목욕탕,모바일,7,0,0,0,2,0,0,0,0
"파워링크",스파아일랜드,01. 스파아일랜드 M,원당사우나,모바일,1,0,0,0,1,0,0,0,0
"파워링크",스파아일랜드,01. 스파아일랜드 M,원당사우나추천,모바일,1,0,0,0,2,0,0,0,0
"파워링크",스파아일랜드,01. 스파아일랜드 M,원당찜질방,모바일,99,1,165,165,1,0,0,0,0
"파워링크",스파아일랜드,01. 스파아일랜드 M,원마운트사우나,모바일,32,1,77,77,1.4,0,0,0,0
"파워링크",스파아일랜드,01. 스파아일랜드 M,원마운트찜질방,모바일,87,0,0,0,1.2,0,0,0,0
"파워링크",스파아일랜드,01. 스파아일랜드 M,웨돔,모바일,104,0,0,0,1.3,0,0,0,0
"파워링크",스파아일랜드,01. 스파아일랜드 M,웨돔놀거리,모바일,39,0,0,0,1,0,0,0,0
"파워링크",스파아일랜드,01. 스파아일랜드 M,웨돔사우나,모바일,5,0,0,0,1,0,0,0,0
"파워링크",스파아일랜드,01. 스파아일랜드 M,웨돔찜질방,모바일,9,0,0,0,1,0,0,0,0
"파워링크",스파아일랜드,01. 스파아일랜드 M,웨스턴돔사우나,모바일,2,0,0,0,1,0,0,0,0
"파워링크",스파아일랜드,01. 스파아일랜드 M,웨스턴돔찜질방,모바일,7,0,0,0,1,0,0,0,0
"파워링크",스파아일랜드,01. 스파아일랜드 M,유명한찜질방,모바일,141,0,0,0,1.9,0,0,0,0
"파워링크",스파아일랜드,01. 스파아일랜드 M,유명한찜질방추천,모바일,44,1,77,77,1,0,0,0,0
"파워링크",스파아일랜드,01. 스파아일랜드 M,이색데이트,모바일,"30,876",274,"1,605","439,802",1.2,0,0,0,0
"파워링크",스파아일랜드,01. 스파아일랜드 M,이색데이트찜질방,모바일,9,0,0,0,1,0,0,0,0
"파워링크",스파아일랜드,01. 스파아일랜드 M,이색찜질방,모바일,"1,908",19,142,"2,706",1,0,0,0,0
"파워링크",스파아일랜드,01. 스파아일랜드 M,인천데이트코스,모바일,8,0,0,0,9.3,0,0,0,0
"파워링크",스파아일랜드,01. 스파아일랜드 M,인천사우나,모바일,"1,898",6,301,"1,804",1.9,0,0,0,0
"파워링크",스파아일랜드,01. 스파아일랜드 M,인천실내놀거리,모바일,353,1,275,275,3.5,0,0,0,0
"파워링크",스파아일랜드,01. 스파아일랜드 M,인천실내데이트,모바일,75,1,253,253,7.4,0,0,0,0
"파워링크",스파아일랜드,01. 스파아일랜드 M,인천씨메르사우나,모바일,9,0,0,0,2.1,0,0,0,0
"파워링크",스파아일랜드,01. 스파아일랜드 M,인천씨메르찜질방,모바일,474,10,220,"2,200",1.9,0,0,0,0
"파워링크",스파아일랜드,01. 스파아일랜드 M,인천찜질방,모바일,"13,076",80,88,"7,062",2.1,0,0,0,0
"파워링크",스파아일랜드,01. 스파아일랜드 M,일산,모바일,373,3,458,"1,375",1.2,0,0,0,0
"파워링크",스파아일랜드,01. 스파아일랜드 M,일산24시간목욕탕,모바일,1,0,0,0,1,0,0,0,0
"파워링크",스파아일랜드,01. 스파아일랜드 M,일산24시간사우나,모바일,24,0,0,0,1,0,0,0,0
"파워링크",스파아일랜드,01. 스파아일랜드 M,일산24시간찜질방,모바일,13,1,77,77,1,0,0,0,0
"파워링크",스파아일랜드,01. 스파아일랜드 M,일산24시간한증막,모바일,1,0,0,0,1,0,0,0,0
"파워링크",스파아일랜드,01. 스파아일랜드 M,일산24시목욕탕,모바일,5,0,0,0,2,0,0,0,0
"파워링크",스파아일랜드,01. 스파아일랜드 M,일산24시사우나,모바일,156,5,77,385,1.3,0,0,0,0
"파워링크",스파아일랜드,01. 스파아일랜드 M,일산24시사우나추천,모바일,1,1,77,77,2,0,0,0,0
"파워링크",스파아일랜드,01. 스파아일랜드 M,일산24시찜질방,모바일,155,6,127,759,1,0,0,0,0
"파워링크",스파아일랜드,01. 스파아일랜드 M,일산24시찜질방추천,모바일,12,0,0,0,1,0,0,0,0
"파워링크",스파아일랜드,01. 스파아일랜드 M,일산24시한증막,모바일,1,0,0,0,2,0,0,0,0
"파워링크",스파아일랜드,01. 스파아일랜드 M,일산GTX,모바일,363,0,0,0,1.6,0,0,0,0
"파워링크",스파아일랜드,01. 스파아일랜드 M,일산가볼만한곳,모바일,"21,283",401,955,"382,778",2.1,0,0,0,0
"파워링크",스파아일랜드,01. 스파아일랜드 M,일산가족사우나,모바일,5,0,0,0,1.6,0,0,0,0
"파워링크",스파아일랜드,01. 스파아일랜드 M,일산가족찜질방,모바일,9,1,77,77,1.3,0,0,0,0
"파워링크",스파아일랜드,01. 스파아일랜드 M,일산고봉산,모바일,183,1,77,77,1,0,0,0,0
"파워링크",스파아일랜드,01. 스파아일랜드 M,일산고봉산한증막,모바일,6,0,0,0,1,0,0,0,0
"파워링크",스파아일랜드,01. 스파아일랜드 M,일산군인목욕탕,모바일,1,0,0,0,1,0,0,0,0
"파워링크",스파아일랜드,01. 스파아일랜드 M,일산군인사우나,모바일,1,0,0,0,2,0,0,0,0
"파워링크",스파아일랜드,01. 스파아일랜드 M,일산놀거리,모바일,"4,876",72,977,"70,323",1.3,0,0,0,0
"파워링크",스파아일랜드,01. 스파아일랜드 M,일산놀이방찜질방,모바일,37,4,77,308,1.5,0,0,0,0
"파워링크",스파아일랜드,01. 스파아일랜드 M,일산대형사우나,모바일,33,8,234,"1,870",1,0,0,0,0
"파워링크",스파아일랜드,01. 스파아일랜드 M,일산대형스파,모바일,8,1,341,341,2,0,0,0,0
"파워링크",스파아일랜드,01. 스파아일랜드 M,일산대형찜질방,모바일,70,7,531,"3,718",1,0,0,0,0
"파워링크",스파아일랜드,01. 스파아일랜드 M,일산덕이동사우나,모바일,4,0,0,0,1.3,0,0,0,0
"파워링크",스파아일랜드,01. 스파아일랜드 M,일산덕이동찜질방,모바일,4,0,0,0,1,0,0,0,0
"파워링크",스파아일랜드,01. 스파아일랜드 M,일산덕이동한증막,모바일,4,0,0,0,1,0,0,0,0
"파워링크",스파아일랜드,01. 스파아일랜드 M,일산데이트,모바일,"3,916",45,"1,614","72,644",1.1,0,0,0,0
"파워링크",스파아일랜드,01. 스파아일랜드 M,일산데이트추천,모바일,41,0,0,0,1.7,0,0,0,0
"파워링크",스파아일랜드,01. 스파아일랜드 M,일산데이트코스,모바일,"1,953",19,"1,659","31,526",1.2,0,0,0,0
"파워링크",스파아일랜드,01. 스파아일랜드 M,일산동구24시목욕탕,모바일,1,0,0,0,1,0,0,0,0
"파워링크",스파아일랜드,01. 스파아일랜드 M,일산동구24시사우나,모바일,1,0,0,0,1,0,0,0,0
"파워링크",스파아일랜드,01. 스파아일랜드 M,일산동구24시찜질방,모바일,4,0,0,0,1,0,0,0,0
"파워링크",스파아일랜드,01. 스파아일랜드 M,일산동구목욕탕,모바일,16,0,0,0,1.1,0,0,0,0
"파워링크",스파아일랜드,01. 스파아일랜드 M,일산동구목욕탕추천,모바일,1,0,0,0,1,0,0,0,0
"파워링크",스파아일랜드,01. 스파아일랜드 M,일산동구사우나,모바일,33,1,77,77,1,0,0,0,0
"파워링크",스파아일랜드,01. 스파아일랜드 M,일산동구찜질방,모바일,43,2,77,154,1,0,0,0,0
"파워링크",스파아일랜드,01. 스파아일랜드 M,일산동구찜질방추천,모바일,2,0,0,0,1,0,0,0,0
"파워링크",스파아일랜드,01. 스파아일랜드 M,일산동궁사우나,모바일,57,0,0,0,1,0,0,0,0
"파워링크",스파아일랜드,01. 스파아일랜드 M,일산동궁한증막,모바일,2,0,0,0,1,0,0,0,0
"파워링크",스파아일랜드,01. 스파아일랜드 M,일산라페스타놀거리,모바일,87,1,110,110,1.1,0,0,0,0
"파워링크",스파아일랜드,01. 스파아일랜드 M,일산라페스타목욕탕,모바일,1,0,0,0,1,0,0,0,0
"파워링크",스파아일랜드,01. 스파아일랜드 M,일산라페스타사우나,모바일,7,0,0,0,1,0,0,0,0
"파워링크",스파아일랜드,01. 스파아일랜드 M,일산라페스타찜질방,모바일,10,1,77,77,1,0,0,0,0
"파워링크",스파아일랜드,01. 스파아일랜드 M,일산롯데시네마,모바일,227,0,0,0,1.2,0,0,0,0
"파워링크",스파아일랜드,01. 스파아일랜드 M,일산맘카페,모바일,505,1,506,506,2.3,0,0,0,0
"파워링크",스파아일랜드,01. 스파아일랜드 M,일산목욕탕,모바일,356,2,77,154,1,0,0,0,0
"파워링크",스파아일랜드,01. 스파아일랜드 M,일산목욕탕추천,모바일,41,2,77,154,1.9,0,0,0,0
"파워링크",스파아일랜드,01. 스파아일랜드 M,일산박람회,모바일,64,0,0,0,3.8,0,0,0,0
"파워링크",스파아일랜드,01. 스파아일랜드 M,일산백석동목욕탕,모바일,6,1,77,77,1,0,0,0,0
"파워링크",스파아일랜드,01. 스파아일랜드 M,일산백석동사우나,모바일,9,1,77,77,1,0,0,0,0
"파워링크",스파아일랜드,01. 스파아일랜드 M,일산백석동찜질방,모바일,7,1,77,77,1,0,0,0,0
"파워링크",스파아일랜드,01. 스파아일랜드 M,일산백석목욕탕,모바일,3,0,0,0,1,0,0,0,0
"파워링크",스파아일랜드,01. 스파아일랜드 M,일산백석사우나,모바일,1,0,0,0,1,0,0,0,0
"파워링크",스파아일랜드,01. 스파아일랜드 M,일산백석찜질방,모바일,8,0,0,0,1,0,0,0,0
"파워링크",스파아일랜드,01. 스파아일랜드 M,일산병원사우나,모바일,2,0,0,0,1,0,0,0,0
"파워링크",스파아일랜드,01. 스파아일랜드 M,일산병원숙박,모바일,1,0,0,0,3,0,0,0,0
"파워링크",스파아일랜드,01. 스파아일랜드 M,일산불가마,모바일,95,1,121,121,1.1,0,0,0,0
"파워링크",스파아일랜드,01. 스파아일랜드 M,일산사우나찜질방,모바일,79,5,125,627,2.1,0,0,0,0
"파워링크",스파아일랜드,01. 스파아일랜드 M,일산사우나추천,모바일,80,1,242,242,1,0,0,0,0
"파워링크",스파아일랜드,01. 스파아일랜드 M,일산서구24시목욕탕,모바일,1,0,0,0,1,0,0,0,0
"파워링크",스파아일랜드,01. 스파아일랜드 M,일산서구24시사우나,모바일,1,0,0,0,1,0,0,0,0
"파워링크",스파아일랜드,01. 스파아일랜드 M,일산서구목욕탕,모바일,22,1,77,77,1.9,0,0,0,0
"파워링크",스파아일랜드,01. 스파아일랜드 M,일산서구목욕탕추천,모바일,1,0,0,0,1,0,0,0,0
"파워링크",스파아일랜드,01. 스파아일랜드 M,일산서구사우나,모바일,37,0,0,0,1,0,0,0,0
"파워링크",스파아일랜드,01. 스파아일랜드 M,일산서구사우나추천,모바일,1,0,0,0,1,0,0,0,0
"파워링크",스파아일랜드,01. 스파아일랜드 M,일산서구찜질방,모바일,45,0,0,0,1,0,0,0,0
"파워링크",스파아일랜드,01. 스파아일랜드 M,일산서구한증막,모바일,2,0,0,0,1,0,0,0,0
"파워링크",스파아일랜드,01. 스파아일랜드 M,일산설문동찜질방,모바일,1,0,0,0,1,0,0,0,0
"파워링크",스파아일랜드,01. 스파아일랜드 M,일산성석동사우나,모바일,3,0,0,0,1,0,0,0,0
"파워링크",스파아일랜드,01. 스파아일랜드 M,일산성석동찜질방,모바일,3,0,0,0,1,0,0,0,0
"파워링크",스파아일랜드,01. 스파아일랜드 M,일산성석동한증막,모바일,18,0,0,0,1,0,0,0,0
"파워링크",스파아일랜드,01. 스파아일랜드 M,일산센토,모바일,107,4,77,308,1,0,0,0,0
"파워링크",스파아일랜드,01. 스파아일랜드 M,일산센토사우나,모바일,54,0,0,0,1,0,0,0,0
"파워링크",스파아일랜드,01. 스파아일랜드 M,일산수영장,모바일,"2,754",11,166,"1,826",2.2,0,0,0,0
"파워링크",스파아일랜드,01. 스파아일랜드 M,일산수영장찜질방,모바일,55,3,345,"1,034",1,0,0,0,0
"파워링크",스파아일랜드,01. 스파아일랜드 M,일산숙박,모바일,234,8,"1,796","14,366",1,0,0,0,0
"파워링크",스파아일랜드,01. 스파아일랜드 M,일산숙소,모바일,235,1,176,176,2.2,0,0,0,0
"파워링크",스파아일랜드,01. 스파아일랜드 M,일산스파,모바일,413,21,866,"18,183",1.2,0,0,0,0
"파워링크",스파아일랜드,01. 스파아일랜드 M,일산스파아일랜드,모바일,754,2,77,154,1.1,0,0,0,0
"파워링크",스파아일랜드,01. 스파아일랜드 M,일산시설좋은사우나,모바일,2,0,0,0,2.5,0,0,0,0
"파워링크",스파아일랜드,01. 스파아일랜드 M,일산시설좋은찜질방,모바일,2,0,0,0,2,0,0,0,0
"파워링크",스파아일랜드,01. 스파아일랜드 M,일산식사동목욕탕,모바일,1,0,0,0,1,0,0,0,0
"파워링크",스파아일랜드,01. 스파아일랜드 M,일산식사동사우나,모바일,5,0,0,0,1,0,0,0,0
"파워링크",스파아일랜드,01. 스파아일랜드 M,일산식사동찜질방,모바일,21,0,0,0,1,0,0,0,0
"파워링크",스파아일랜드,01. 스파아일랜드 M,일산실내놀거리,모바일,70,0,0,0,1.2,0,0,0,0
"파워링크",스파아일랜드,01. 스파아일랜드 M,일산실내데이트,모바일,"1,467",19,"1,145","21,747",1.1,0,0,0,0
"파워링크",스파아일랜드,01. 스파아일랜드 M,일산아기찜질방,모바일,7,0,0,0,1.3,0,0,0,0
"파워링크",스파아일랜드,01. 스파아일랜드 M,일산에이스스파랜드,모바일,67,0,0,0,1,0,0,0,0
"파워링크",스파아일랜드,01. 스파아일랜드 M,일산엠블호텔,모바일,26,0,0,0,3.2,0,0,0,0
"파워링크",스파아일랜드,01. 스파아일랜드 M,일산원마운트사우나,모바일,6,0,0,0,2,0,0,0,0
"파워링크",스파아일랜드,01. 스파아일랜드 M,일산원마운트찜질방,모바일,31,1,286,286,1.9,0,0,0,0
"파워링크",스파아일랜드,01. 스파아일랜드 M,일산웨돔놀거리,모바일,9,0,0,0,1,0,0,0,0
"파워링크",스파아일랜드,01. 스파아일랜드 M,일산이색데이트,모바일,301,4,242,968,2.5,0,0,0,0
"파워링크",스파아일랜드,01. 스파아일랜드 M,일산이색찜질방,모바일,1,0,0,0,1,0,0,0,0
"파워링크",스파아일랜드,01. 스파아일랜드 M,일산장항동사우나,모바일,5,0,0,0,1,0,0,0,0
"파워링크",스파아일랜드,01. 스파아일랜드 M,일산장항동찜질방,모바일,9,0,0,0,1,0,0,0,0
"파워링크",스파아일랜드,01. 스파아일랜드 M,일산전시장,모바일,4,0,0,0,2.3,0,0,0,0
"파워링크",스파아일랜드,01. 스파아일랜드 M,일산주차편한사우나,모바일,1,0,0,0,1,0,0,0,0
"파워링크",스파아일랜드,01. 스파아일랜드 M,일산중산동목욕탕,모바일,4,0,0,0,1,0,0,0,0
"파워링크",스파아일랜드,01. 스파아일랜드 M,일산중산동사우나,모바일,13,0,0,0,1,0,0,0,0
"파워링크",스파아일랜드,01. 스파아일랜드 M,일산중산동찜질방,모바일,1,0,0,0,1,0,0,0,0
"파워링크",스파아일랜드,01. 스파아일랜드 M,일산중산동한증막,모바일,1,0,0,0,1,0,0,0,0
"파워링크",스파아일랜드,01. 스파아일랜드 M,일산중산목욕탕,모바일,1,1,77,77,1,0,0,0,0
"파워링크",스파아일랜드,01. 스파아일랜드 M,일산중산사우나,모바일,6,0,0,0,1,0,0,0,0
"파워링크",스파아일랜드,01. 스파아일랜드 M,일산찜질방,모바일,"2,378",34,397,"13,486",1,0,0,0,0
"파워링크",스파아일랜드,01. 스파아일랜드 M,일산찜질방맛집,모바일,5,0,0,0,1.2,0,0,0,0
"파워링크",스파아일랜드,01. 스파아일랜드 M,일산찜질방사우나,모바일,2,0,0,0,2.5,0,0,0,0
"파워링크",스파아일랜드,01. 스파아일랜드 M,일산찜질방숙박,모바일,5,0,0,0,1,0,0,0,0
"파워링크",스파아일랜드,01. 스파아일랜드 M,일산찜질방추천,모바일,499,52,209,"10,890",1,0,0,0,0
"파워링크",스파아일랜드,01. 스파아일랜드 M,일산찜질방키즈카페,모바일,27,0,0,0,1,0,0,0,0
"파워링크",스파아일랜드,01. 스파아일랜드 M,일산키즈찜질방,모바일,71,0,0,0,1,0,0,0,0
"파워링크",스파아일랜드,01. 스파아일랜드 M,일산키즈카페찜질방,모바일,6,0,0,0,1,0,0,0,0
"파워링크",스파아일랜드,01. 스파아일랜드 M,일산킨텍스24시찜질방,모바일,1,0,0,0,1,0,0,0,0
"파워링크",스파아일랜드,01. 스파아일랜드 M,일산킨텍스근처24시찜질방,모바일,1,0,0,0,1,0,0,0,0
"파워링크",스파아일랜드,01. 스파아일랜드 M,일산킨텍스사우나,모바일,23,5,150,748,1,0,0,0,0
"파워링크",스파아일랜드,01. 스파아일랜드 M,일산킨텍스찜질방,모바일,44,0,0,0,1,0,0,0,0
"파워링크",스파아일랜드,01. 스파아일랜드 M,일산파주대형찜질방,모바일,1,0,0,0,2,0,0,0,0
"파워링크",스파아일랜드,01. 스파아일랜드 M,일산파주사우나,모바일,5,2,77,154,1,0,0,0,0
"파워링크",스파아일랜드,01. 스파아일랜드 M,일산파주수영장찜질방,모바일,4,1,77,77,1,0,0,0,0
"파워링크",스파아일랜드,01. 스파아일랜드 M,일산파주스파,모바일,3,0,0,0,1,0,0,0,0
"파워링크",스파아일랜드,01. 스파아일랜드 M,일산파주찜질방,모바일,36,4,459,"1,837",1,0,0,0,0
"파워링크",스파아일랜드,01. 스파아일랜드 M,일산풍산목욕탕,모바일,1,0,0,0,1,0,0,0,0
"파워링크",스파아일랜드,01. 스파아일랜드 M,일산풍산사우나,모바일,1,0,0,0,1,0,0,0,0
"파워링크",스파아일랜드,01. 스파아일랜드 M,일산한증막,모바일,191,2,281,561,1.3,0,0,0,0
"파워링크",스파아일랜드,01. 스파아일랜드 M,일산한증막추천,모바일,9,2,77,154,2,0,0,0,0
"파워링크",스파아일랜드,01. 스파아일랜드 M,일산핫플,모바일,425,0,0,0,1.6,0,0,0,0
"파워링크",스파아일랜드,01. 스파아일랜드 M,일산호수공원,모바일,"1,668",7,203,"1,419",3.6,0,0,0,0
"파워링크",스파아일랜드,01. 스파아일랜드 M,일산호수사우나,모바일,47,0,0,0,1,0,0,0,0
"파워링크",스파아일랜드,01. 스파아일랜드 M,장항동목욕탕,모바일,2,0,0,0,1,0,0,0,0
"파워링크",스파아일랜드,01. 스파아일랜드 M,장항동사우나,모바일,29,1,121,121,1,0,0,0,0
"파워링크",스파아일랜드,01. 스파아일랜드 M,장항동찜질방,모바일,17,0,0,0,1,0,0,0,0
"파워링크",스파아일랜드,01. 스파아일랜드 M,제로베이스원찜질방,모바일,3,0,0,0,1,0,0,0,0
"파워링크",스파아일랜드,01. 스파아일랜드 M,족욕,모바일,174,2,396,792,2.7,0,0,0,0
"파워링크",스파아일랜드,01. 스파아일랜드 M,주말가볼만한곳,모바일,"2,193",25,"1,750","43,758",1.4,0,0,0,0
"파워링크",스파아일랜드,01. 스파아일랜드 M,주말갈만한곳,모바일,"10,010",218,"1,608","350,482",1.8,0,0,0,0
"파워링크",스파아일랜드,01. 스파아일랜드 M,주말나들이,모바일,14,0,0,0,8.4,0,0,0,0
"파워링크",스파아일랜드,01. 스파아일랜드 M,주말아이들과가볼만한곳,모바일,186,5,618,"3,091",1,0,0,0,0
"파워링크",스파아일랜드,01. 스파아일랜드 M,주말에가볼만한곳,모바일,6,0,0,0,16.2,0,0,0,0
"파워링크",스파아일랜드,01. 스파아일랜드 M,주엽동,모바일,1,0,0,0,1,0,0,0,0
"파워링크",스파아일랜드,01. 스파아일랜드 M,주엽동목욕탕,모바일,8,0,0,0,1.8,0,0,0,0
"파워링크",스파아일랜드,01. 스파아일랜드 M,주엽동사우나,모바일,32,0,0,0,1.8,0,0,0,0
"파워링크",스파아일랜드,01. 스파아일랜드 M,주엽동찜질방,모바일,2,0,0,0,1,0,0,0,0
"파워링크",스파아일랜드,01. 스파아일랜드 M,주엽동한증막,모바일,4,1,99,99,1,0,0,0,0
"파워링크",스파아일랜드,01. 스파아일랜드 M,주엽사우나,모바일,206,1,77,77,1.6,0,0,0,0
"파워링크",스파아일랜드,01. 스파아일랜드 M,주엽역목욕탕,모바일,8,0,0,0,1,0,0,0,0
"파워링크",스파아일랜드,01. 스파아일랜드 M,주엽역사우나,모바일,65,0,0,0,1.5,0,0,0,0
"파워링크",스파아일랜드,01. 스파아일랜드 M,주엽역찜질방,모바일,125,0,0,0,1.5,0,0,0,0
"파워링크",스파아일랜드,01. 스파아일랜드 M,주엽찜질방,모바일,371,0,0,0,1.5,0,0,0,0
"파워링크",스파아일랜드,01. 스파아일랜드 M,주차편한사우나,모바일,2,0,0,0,1,0,0,0,0
"파워링크",스파아일랜드,01. 스파아일랜드 M,주차편한찜질방,모바일,2,0,0,0,1,0,0,0,0
"파워링크",스파아일랜드,01. 스파아일랜드 M,중산동목욕탕,모바일,49,1,77,77,1,0,0,0,0
"파워링크",스파아일랜드,01. 스파아일랜드 M,중산동사우나,모바일,73,0,0,0,1.1,0,0,0,0
"파워링크",스파아일랜드,01. 스파아일랜드 M,중산동찜질방,모바일,83,2,83,165,1.2,0,0,0,0
"파워링크",스파아일랜드,01. 스파아일랜드 M,중산동한증막,모바일,1,0,0,0,1,0,0,0,0
"파워링크",스파아일랜드,01. 스파아일랜드 M,중산목욕탕,모바일,7,0,0,0,1,0,0,0,0
"파워링크",스파아일랜드,01. 스파아일랜드 M,중산찜질방,모바일,24,0,0,0,1.1,0,0,0,0
"파워링크",스파아일랜드,01. 스파아일랜드 M,찜질방,모바일,"150,939","1,791",480,"859,991",1.1,0,0,0,0
"파워링크",스파아일랜드,01. 스파아일랜드 M,찜질방데이트,모바일,"8,323",236,301,"71,137",1.5,0,0,0,0
"파워링크",스파아일랜드,01. 스파아일랜드 M,찜질방데이트추천,모바일,112,0,0,0,1,0,0,0,0
"파워링크",스파아일랜드,01. 스파아일랜드 M,찜질방맛집,모바일,84,1,77,77,1,0,0,0,0
"파워링크",스파아일랜드,01. 스파아일랜드 M,찜질방사우나,모바일,536,3,297,891,1.9,0,0,0,0
"파워링크",스파아일랜드,01. 스파아일랜드 M,찜질방좋은곳,모바일,108,15,125,"1,881",1,0,0,0,0
"파워링크",스파아일랜드,01. 스파아일랜드 M,찜질방추천,모바일,"14,445",573,440,"251,944",1.8,0,0,0,0
"파워링크",스파아일랜드,01. 스파아일랜드 M,찜질방키즈카페,모바일,286,1,209,209,1.4,0,0,0,0
"파워링크",스파아일랜드,01. 스파아일랜드 M,체험데이트,모바일,10,0,0,0,16.2,0,0,0,0
"파워링크",스파아일랜드,01. 스파아일랜드 M,추천사우나,모바일,1,0,0,0,1,0,0,0,0
"파워링크",스파아일랜드,01. 스파아일랜드 M,추천찜질방,모바일,22,0,0,0,1.3,0,0,0,0
"파워링크",스파아일랜드,01. 스파아일랜드 M,키즈목욕탕,모바일,533,1,154,154,1.4,0,0,0,0
"파워링크",스파아일랜드,01. 스파아일랜드 M,키즈사우나,모바일,204,2,77,154,1.5,0,0,0,0
"파워링크",스파아일랜드,01. 스파아일랜드 M,키즈존사우나,모바일,6,0,0,0,1,0,0,0,0
"파워링크",스파아일랜드,01. 스파아일랜드 M,키즈존찜질방,모바일,27,0,0,0,1,0,0,0,0
"파워링크",스파아일랜드,01. 스파아일랜드 M,키즈찜질방,모바일,"2,384",17,388,"6,600",1.2,0,0,0,0
"파워링크",스파아일랜드,01. 스파아일랜드 M,키즈카페목욕탕,모바일,10,0,0,0,1,0,0,0,0
"파워링크",스파아일랜드,01. 스파아일랜드 M,키즈카페사우나,모바일,38,0,0,0,1.3,0,0,0,0
"파워링크",스파아일랜드,01. 스파아일랜드 M,키즈카페찜질방,모바일,"1,000",6,154,924,1.1,0,0,0,0
"파워링크",스파아일랜드,01. 스파아일랜드 M,키즈카페찜질방일산,모바일,13,2,77,154,1,0,0,0,0
"파워링크",스파아일랜드,01. 스파아일랜드 M,키즈카페한증막,모바일,1,0,0,0,1,0,0,0,0
"파워링크",스파아일랜드,01. 스파아일랜드 M,키즈한증막,모바일,1,1,77,77,1,0,0,0,0
"파워링크",스파아일랜드,01. 스파아일랜드 M,킨텍스24시찜질방,모바일,3,0,0,0,1,0,0,0,0
"파워링크",스파아일랜드,01. 스파아일랜드 M,킨텍스근처찜질방,모바일,58,1,77,77,1,0,0,0,0
"파워링크",스파아일랜드,01. 스파아일랜드 M,킨텍스목욕탕,모바일,11,1,77,77,1,0,0,0,0
"파워링크",스파아일랜드,01. 스파아일랜드 M,킨텍스사우나,모바일,54,1,99,99,1,0,0,0,0
"파워링크",스파아일랜드,01. 스파아일랜드 M,킨텍스찜질방,모바일,202,0,0,0,1,0,0,0,0
"파워링크",스파아일랜드,01. 스파아일랜드 M,킨텍스한증막,모바일,1,0,0,0,1,0,0,0,0
"파워링크",스파아일랜드,01. 스파아일랜드 M,탄현24시사우나,모바일,13,0,0,0,1,0,0,0,0
"파워링크",스파아일랜드,01. 스파아일랜드 M,탄현24시찜질방,모바일,3,0,0,0,1,0,0,0,0
"파워링크",스파아일랜드,01. 스파아일랜드 M,탄현동,모바일,17,0,0,0,1.2,0,0,0,0
"파워링크",스파아일랜드,01. 스파아일랜드 M,탄현동목욕탕,모바일,27,0,0,0,1,0,0,0,0
"파워링크",스파아일랜드,01. 스파아일랜드 M,탄현동사우나,모바일,62,0,0,0,1,0,0,0,0
"파워링크",스파아일랜드,01. 스파아일랜드 M,탄현동찜질방,모바일,33,1,77,77,1,0,0,0,0
"파워링크",스파아일랜드,01. 스파아일랜드 M,탄현동한증막,모바일,1,0,0,0,1,0,0,0,0
"파워링크",스파아일랜드,01. 스파아일랜드 M,탄현목욕탕,모바일,37,0,0,0,1,0,0,0,0
"파워링크",스파아일랜드,01. 스파아일랜드 M,탄현사우나,모바일,128,0,0,0,1,0,0,0,0
"파워링크",스파아일랜드,01. 스파아일랜드 M,탄현역,모바일,369,2,259,517,1.3,0,0,0,0
"파워링크",스파아일랜드,01. 스파아일랜드 M,탄현찜질방,모바일,156,0,0,0,1,0,0,0,0
"파워링크",스파아일랜드,01. 스파아일랜드 M,탄현한증막,모바일,5,0,0,0,1,0,0,0,0
"파워링크",스파아일랜드,01. 스파아일랜드 M,탐라랜드,모바일,96,1,77,77,1,0,0,0,0
"파워링크",스파아일랜드,01. 스파아일랜드 M,탐라랜드사우나,모바일,47,0,0,0,1,0,0,0,0
"파워링크",스파아일랜드,01. 스파아일랜드 M,탐라사우나,모바일,3,0,0,0,1,0,0,0,0
"파워링크",스파아일랜드,01. 스파아일랜드 M,파라다이스시티시메르,모바일,7,0,0,0,1,0,0,0,0
"파워링크",스파아일랜드,01. 스파아일랜드 M,파라다이스시티시메르사우나,모바일,1,0,0,0,1,0,0,0,0
"파워링크",스파아일랜드,01. 스파아일랜드 M,파주24시목욕탕,모바일,3,0,0,0,1.7,0,0,0,0
"파워링크",스파아일랜드,01. 스파아일랜드 M,파주24시사우나,모바일,51,0,0,0,1.1,0,0,0,0
"파워링크",스파아일랜드,01. 스파아일랜드 M,파주24시사우나추천,모바일,1,0,0,0,2,0,0,0,0
"파워링크",스파아일랜드,01. 스파아일랜드 M,파주24시찜질방,모바일,87,1,99,99,1,0,0,0,0
"파워링크",스파아일랜드,01. 스파아일랜드 M,파주24시찜질방추천,모바일,1,0,0,0,2,0,0,0,0
"파워링크",스파아일랜드,01. 스파아일랜드 M,파주24시한증막,모바일,1,0,0,0,2,0,0,0,0
"파워링크",스파아일랜드,01. 스파아일랜드 M,파주가볼만한곳,모바일,245,5,361,"1,804",19.7,0,0,0,0
"파워링크",스파아일랜드,01. 스파아일랜드 M,파주가족사우나,모바일,2,0,0,0,2,0,0,0,0
"파워링크",스파아일랜드,01. 스파아일랜드 M,파주가족찜질방,모바일,5,0,0,0,1.6,0,0,0,0
"파워링크",스파아일랜드,01. 스파아일랜드 M,파주금촌사우나,모바일,16,1,77,77,1.8,0,0,0,0
"파워링크",스파아일랜드,01. 스파아일랜드 M,파주금촌찜질방,모바일,13,0,0,0,1,0,0,0,0
"파워링크",스파아일랜드,01. 스파아일랜드 M,파주놀거리,모바일,338,4,264,"1,056",1.1,0,0,0,0
"파워링크",스파아일랜드,01. 스파아일랜드 M,파주놀이방찜질방,모바일,22,0,0,0,1,0,0,0,0
"파워링크",스파아일랜드,01. 스파아일랜드 M,파주대형사우나,모바일,9,0,0,0,1,0,0,0,0
"파워링크",스파아일랜드,01. 스파아일랜드 M,파주대형찜질방,모바일,65,1,154,154,1,0,0,0,0
"파워링크",스파아일랜드,01. 스파아일랜드 M,파주데이트,모바일,31,0,0,0,4.7,0,0,0,0
"파워링크",스파아일랜드,01. 스파아일랜드 M,파주데이트추천,모바일,13,0,0,0,1.9,0,0,0,0
"파워링크",스파아일랜드,01. 스파아일랜드 M,파주데이트코스,모바일,59,0,0,0,3.6,0,0,0,0
"파워링크",스파아일랜드,01. 스파아일랜드 M,파주목욕탕,모바일,308,9,196,"1,760",1.1,0,0,0,0
"파워링크",스파아일랜드,01. 스파아일랜드 M,파주목욕탕추천,모바일,52,1,110,110,1.8,0,0,0,0
"파워링크",스파아일랜드,01. 스파아일랜드 M,파주문산사우나,모바일,14,0,0,0,1,0,0,0,0
"파워링크",스파아일랜드,01. 스파아일랜드 M,파주문산찜질방,모바일,20,0,0,0,1,0,0,0,0
"파워링크",스파아일랜드,01. 스파아일랜드 M,파주사우나,모바일,547,22,244,"5,357",2.2,0,0,0,0
"파워링크",스파아일랜드,01. 스파아일랜드 M,파주사우나추천,모바일,116,5,297,"1,485",1.1,0,0,0,0
"파워링크",스파아일랜드,01. 스파아일랜드 M,파주수영장찜질방,모바일,124,2,77,154,1.1,0,0,0,0
"파워링크",스파아일랜드,01. 스파아일랜드 M,파주스파,모바일,477,16,305,"4,873",1.5,0,0,0,0
"파워링크",스파아일랜드,01. 스파아일랜드 M,파주스파랜드,모바일,15,0,0,0,1,0,0,0,0
"파워링크",스파아일랜드,01. 스파아일랜드 M,파주스파사우나,모바일,3,0,0,0,2.3,0,0,0,0
"파워링크",스파아일랜드,01. 스파아일랜드 M,파주시24시사우나,모바일,8,0,0,0,1,0,0,0,0
"파워링크",스파아일랜드,01. 스파아일랜드 M,파주시24시찜질방,모바일,4,0,0,0,1.8,0,0,0,0
"파워링크",스파아일랜드,01. 스파아일랜드 M,파주시목욕탕,모바일,6,0,0,0,1.3,0,0,0,0
"파워링크",스파아일랜드,01. 스파아일랜드 M,파주시사우나,모바일,12,0,0,0,2.3,0,0,0,0
"파워링크",스파아일랜드,01. 스파아일랜드 M,파주시설좋은찜질방,모바일,4,1,77,77,1.3,0,0,0,0
"파워링크",스파아일랜드,01. 스파아일랜드 M,파주시찜질방,모바일,27,0,0,0,2.7,0,0,0,0
"파워링크",스파아일랜드,01. 스파아일랜드 M,파주실내놀거리,모바일,2,0,0,0,1.5,0,0,0,0
"파워링크",스파아일랜드,01. 스파아일랜드 M,파주실내데이트,모바일,662,6,200,"1,199",2,0,0,0,0
"파워링크",스파아일랜드,01. 스파아일랜드 M,파주심학산목욕탕,모바일,2,0,0,0,1,0,0,0,0
"파워링크",스파아일랜드,01. 스파아일랜드 M,파주심학산사우나,모바일,5,1,77,77,1.4,0,0,0,0
"파워링크",스파아일랜드,01. 스파아일랜드 M,파주심학산찜질방,모바일,17,0,0,0,1.1,0,0,0,0
"파워링크",스파아일랜드,01. 스파아일랜드 M,파주아기찜질방,모바일,3,0,0,0,1,0,0,0,0
"파워링크",스파아일랜드,01. 스파아일랜드 M,파주온천,모바일,"1,095",52,181,"9,427",1,0,0,0,0
"파워링크",스파아일랜드,01. 스파아일랜드 M,파주운정목욕탕,모바일,17,0,0,0,1,0,0,0,0
"파워링크",스파아일랜드,01. 스파아일랜드 M,파주운정사우나,모바일,58,2,110,220,1.1,0,0,0,0
"파워링크",스파아일랜드,01. 스파아일랜드 M,파주운정신도시사우나,모바일,1,0,0,0,1,0,0,0,0
"파워링크",스파아일랜드,01. 스파아일랜드 M,파주운정신도시찜질방,모바일,2,0,0,0,1,0,0,0,0
"파워링크",스파아일랜드,01. 스파아일랜드 M,파주운정찜질방,모바일,43,4,77,308,1,0,0,0,0
"파워링크",스파아일랜드,01. 스파아일랜드 M,파주운정한증막,모바일,1,0,0,0,1,0,0,0,0
"파워링크",스파아일랜드,01. 스파아일랜드 M,파주이색찜질방,모바일,5,0,0,0,1.2,0,0,0,0
"파워링크",스파아일랜드,01. 스파아일랜드 M,파주일산사우나,모바일,1,0,0,0,1,0,0,0,0
"파워링크",스파아일랜드,01. 스파아일랜드 M,파주일산찜질방,모바일,25,3,77,231,1,0,0,0,0
"파워링크",스파아일랜드,01. 스파아일랜드 M,파주찜질방,모바일,"2,609",64,417,"26,686",1.1,0,0,0,0
"파워링크",스파아일랜드,01. 스파아일랜드 M,파주찜질방숙박,모바일,2,0,0,0,2.5,0,0,0,0
"파워링크",스파아일랜드,01. 스파아일랜드 M,파주찜질방추천,모바일,373,39,194,"7,568",1.2,0,0,0,0
"파워링크",스파아일랜드,01. 스파아일랜드 M,파주키즈찜질방,모바일,22,0,0,0,1,0,0,0,0
"파워링크",스파아일랜드,01. 스파아일랜드 M,파주탐라사우나,모바일,5,0,0,0,1,0,0,0,0
"파워링크",스파아일랜드,01. 스파아일랜드 M,파주한증막,모바일,83,0,0,0,1.3,0,0,0,0
"파워링크",스파아일랜드,01. 스파아일랜드 M,파주한증막추천,모바일,4,0,0,0,1.5,0,0,0,0
"파워링크",스파아일랜드,01. 스파아일랜드 M,평일가볼만한곳,모바일,198,2,330,660,1.2,0,0,0,0
"파워링크",스파아일랜드,01. 스파아일랜드 M,평일갈만한곳,모바일,70,0,0,0,1.5,0,0,0,0
"파워링크",스파아일랜드,01. 스파아일랜드 M,평일데이트,모바일,553,2,578,"1,155",2.9,0,0,0,0
"파워링크",스파아일랜드,01. 스파아일랜드 M,평일아이들과가볼만한곳,모바일,1,0,0,0,3,0,0,0,0
"파워링크",스파아일랜드,01. 스파아일랜드 M,풍동,모바일,11,0,0,0,1.2,0,0,0,0
"파워링크",스파아일랜드,01. 스파아일랜드 M,풍동24시목욕탕,모바일,1,0,0,0,1,0,0,0,0
"파워링크",스파아일랜드,01. 스파아일랜드 M,풍동24시사우나,모바일,6,1,154,154,1,0,0,0,0
"파워링크",스파아일랜드,01. 스파아일랜드 M,풍동24시찜질방,모바일,1,0,0,0,1,0,0,0,0
"파워링크",스파아일랜드,01. 스파아일랜드 M,풍동목욕탕,모바일,27,0,0,0,1,0,0,0,0
"파워링크",스파아일랜드,01. 스파아일랜드 M,풍동사우나,모바일,68,0,0,0,1.1,0,0,0,0
"파워링크",스파아일랜드,01. 스파아일랜드 M,풍동센토목욕탕,모바일,1,0,0,0,1,0,0,0,0
"파워링크",스파아일랜드,01. 스파아일랜드 M,풍동센토사우나,모바일,26,0,0,0,1,0,0,0,0
"파워링크",스파아일랜드,01. 스파아일랜드 M,풍동찜질방,모바일,48,0,0,0,1,0,0,0,0
"파워링크",스파아일랜드,01. 스파아일랜드 M,풍산목욕탕,모바일,3,1,77,77,1,0,0,0,0
"파워링크",스파아일랜드,01. 스파아일랜드 M,풍산사우나,모바일,1,0,0,0,1,0,0,0,0
"파워링크",스파아일랜드,01. 스파아일랜드 M,풍산역목욕탕,모바일,5,0,0,0,1,0,0,0,0
"파워링크",스파아일랜드,01. 스파아일랜드 M,풍산역사우나,모바일,39,0,0,0,1,0,0,0,0
"파워링크",스파아일랜드,01. 스파아일랜드 M,풍산역찜질방,모바일,15,0,0,0,1,0,0,0,0
"파워링크",스파아일랜드,01. 스파아일랜드 M,풍산찜질방,모바일,9,0,0,0,1,0,0,0,0
"파워링크",스파아일랜드,01. 스파아일랜드 M,한증막,모바일,"7,789",61,436,"26,587",1.4,0,0,0,0
"파워링크",스파아일랜드,01. 스파아일랜드 M,한증막추천,모바일,37,0,0,0,1.2,0,0,0,0
"파워링크",스파아일랜드,01. 스파아일랜드 M,행신동사우나,모바일,149,2,77,154,1,0,0,0,0
"파워링크",스파아일랜드,01. 스파아일랜드 M,행신동찜질방,모바일,100,4,77,308,1.1,0,0,0,0
"파워링크",스파아일랜드,01. 스파아일랜드 M,행신사우나,모바일,80,0,0,0,1,0,0,0,0
"파워링크",스파아일랜드,01. 스파아일랜드 M,행신찜질방,모바일,113,0,0,0,1,0,0,0,0
"파워링크",스파아일랜드,01. 스파아일랜드 M,호수사우나,모바일,27,0,0,0,1.1,0,0,0,0
"파워링크",스파아일랜드,01. 스파아일랜드 M,호수찜질방,모바일,52,0,0,0,1.2,0,0,0,0
"파워링크",스파아일랜드,01. 스파아일랜드 M,화정사우나,모바일,353,1,77,77,1.5,0,0,0,0
"파워링크",스파아일랜드,01. 스파아일랜드 M,화정찜질방,모바일,23,1,77,77,1,0,0,0,0
"파워링크",스파아일랜드,01. 스파아일랜드 M,흔한남매찜질방,모바일,38,4,77,308,1,0,0,0,0
"파워링크",스파아일랜드,02. 스파아일랜드 P,-,PC,669,31,167,"5,181",1.4,0,0,0,0
"파워링크",스파아일랜드,02. 스파아일랜드 P,24시간목욕탕,PC,18,0,0,0,1,0,0,0,0
"파워링크",스파아일랜드,02. 스파아일랜드 P,24시간사우나,PC,86,0,0,0,1.1,0,0,0,0
"파워링크",스파아일랜드,02. 스파아일랜드 P,24시간찜질방,PC,205,0,0,0,1.7,0,0,0,0
"파워링크",스파아일랜드,02. 스파아일랜드 P,24시목욕탕,PC,35,0,0,0,1.1,0,0,0,0
"파워링크",스파아일랜드,02. 스파아일랜드 P,24시사우나,PC,410,1,88,88,1.3,0,0,0,0
"파워링크",스파아일랜드,02. 스파아일랜드 P,24시찜질방,PC,572,15,367,"5,500",1.5,0,0,0,0
"파워링크",스파아일랜드,02. 스파아일랜드 P,24시한증막,PC,7,1,77,77,1,0,0,0,0
"파워링크",스파아일랜드,02. 스파아일랜드 P,BTS찜질방,PC,2,0,0,0,1,0,0,0,0
"파워링크",스파아일랜드,02. 스파아일랜드 P,M스파,PC,23,0,0,0,1.8,0,0,0,0
"파워링크",스파아일랜드,02. 스파아일랜드 P,가든파이브찜질방,PC,100,0,0,0,1.1,0,0,0,0
"파워링크",스파아일랜드,02. 스파아일랜드 P,가볼만한곳,PC,5,0,0,0,12.8,0,0,0,0
"파워링크",스파아일랜드,02. 스파아일랜드 P,강남24시사우나,PC,118,0,0,0,1,0,0,0,0
"파워링크",스파아일랜드,02. 스파아일랜드 P,강서구사우나,PC,86,0,0,0,1.5,0,0,0,0
"파워링크",스파아일랜드,02. 스파아일랜드 P,강서구찜질방,PC,88,1,99,99,1.1,0,0,0,0
"파워링크",스파아일랜드,02. 스파아일랜드 P,건식사우나,PC,1,0,0,0,22,0,0,0,0
"파워링크",스파아일랜드,02. 스파아일랜드 P,겨울실내데이트,PC,25,0,0,0,2.2,0,0,0,0
"파워링크",스파아일랜드,02. 스파아일랜드 P,경기가볼만한곳,PC,61,1,319,319,15.2,0,0,0,0
"파워링크",스파아일랜드,02. 스파아일랜드 P,경기도24시사우나,PC,5,1,143,143,1.6,0,0,0,0
"파워링크",스파아일랜드,02. 스파아일랜드 P,경기도24시찜질방,PC,10,1,77,77,1,0,0,0,0
"파워링크",스파아일랜드,02. 스파아일랜드 P,경기도24시찜질방추천,PC,15,0,0,0,1.3,0,0,0,0
"파워링크",스파아일랜드,02. 스파아일랜드 P,경기도가볼만한곳,PC,"7,287",44,666,"29,293",5,0,0,0,0
"파워링크",스파아일랜드,02. 스파아일랜드 P,경기도나들이,PC,207,1,374,374,6.4,0,0,0,0
"파워링크",스파아일랜드,02. 스파아일랜드 P,경기도놀이방찜질방,PC,2,0,0,0,1,0,0,0,0
"파워링크",스파아일랜드,02. 스파아일랜드 P,경기도대형사우나,PC,10,0,0,0,1.9,0,0,0,0
"파워링크",스파아일랜드,02. 스파아일랜드 P,경기도대형찜질방,PC,95,0,0,0,1.3,0,0,0,0
"파워링크",스파아일랜드,02. 스파아일랜드 P,경기도데이트,PC,579,6,380,"2,277",3.2,0,0,0,0
"파워링크",스파아일랜드,02. 스파아일랜드 P,경기도데이트코스,PC,112,0,0,0,4.2,0,0,0,0
"파워링크",스파아일랜드,02. 스파아일랜드 P,경기도목욕탕추천,PC,1,0,0,0,2,0,0,0,0
"파워링크",스파아일랜드,02. 스파아일랜드 P,경기도사우나,PC,64,2,187,374,1.1,0,0,0,0
"파워링크",스파아일랜드,02. 스파아일랜드 P,경기도사우나추천,PC,14,0,0,0,1,0,0,0,0
"파워링크",스파아일랜드,02. 스파아일랜드 P,경기도실내놀거리,PC,9,0,0,0,1.8,0,0,0,0
"파워링크",스파아일랜드,02. 스파아일랜드 P,경기도실내데이트,PC,815,5,209,"1,045",2.4,0,0,0,0
"파워링크",스파아일랜드,02. 스파아일랜드 P,경기도아이와가볼만한곳,PC,"1,109",8,"1,075","8,602",2.2,0,0,0,0
"파워링크",스파아일랜드,02. 스파아일랜드 P,경기도온천,PC,632,13,184,"2,387",2,0,0,0,0
"파워링크",스파아일랜드,02. 스파아일랜드 P,경기도찜질방,PC,507,7,113,792,1.2,0,0,0,0
"파워링크",스파아일랜드,02. 스파아일랜드 P,경기도찜질방추천,PC,376,14,77,"1,078",1.2,0,0,0,0
"파워링크",스파아일랜드,02. 스파아일랜드 P,경기도키즈찜질방,PC,10,0,0,0,1,0,0,0,0
"파워링크",스파아일랜드,02. 스파아일랜드 P,경기키즈찜질방,PC,1,0,0,0,2,0,0,0,0
"파워링크",스파아일랜드,02. 스파아일랜드 P,고급사우나,PC,20,0,0,0,3.1,0,0,0,0
"파워링크",스파아일랜드,02. 스파아일랜드 P,고양가볼만한곳,PC,351,0,0,0,7,0,0,0,0
"파워링크",스파아일랜드,02. 스파아일랜드 P,고양놀거리,PC,234,1,143,143,1.6,0,0,0,0
"파워링크",스파아일랜드,02. 스파아일랜드 P,고양놀이방찜질방,PC,3,0,0,0,1.3,0,0,0,0
"파워링크",스파아일랜드,02. 스파아일랜드 P,고양목욕탕,PC,5,0,0,0,1.2,0,0,0,0
"파워링크",스파아일랜드,02. 스파아일랜드 P,고양스타필드사우나,PC,71,3,88,264,1.1,0,0,0,0
"파워링크",스파아일랜드,02. 스파아일랜드 P,고양스파아일랜드,PC,13,0,0,0,1,0,0,0,0
"파워링크",스파아일랜드,02. 스파아일랜드 P,고양시,PC,156,1,451,451,1.5,0,0,0,0
"파워링크",스파아일랜드,02. 스파아일랜드 P,고양시24시사우나,PC,3,0,0,0,1,0,0,0,0
"파워링크",스파아일랜드,02. 스파아일랜드 P,고양시24시찜질방,PC,9,0,0,0,1.2,0,0,0,0
"파워링크",스파아일랜드,02. 스파아일랜드 P,고양시가볼만한곳,PC,552,3,400,"1,199",5.3,0,0,0,0
"파워링크",스파아일랜드,02. 스파아일랜드 P,고양시놀이방찜질방,PC,1,0,0,0,2,0,0,0,0
"파워링크",스파아일랜드,02. 스파아일랜드 P,고양시대형찜질방,PC,2,0,0,0,1.5,0,0,0,0
"파워링크",스파아일랜드,02. 스파아일랜드 P,고양시데이트추천,PC,2,0,0,0,1,0,0,0,0
"파워링크",스파아일랜드,02. 스파아일랜드 P,고양시목욕탕,PC,10,0,0,0,1.1,0,0,0,0
"파워링크",스파아일랜드,02. 스파아일랜드 P,고양시사우나,PC,24,0,0,0,2.1,0,0,0,0
"파워링크",스파아일랜드,02. 스파아일랜드 P,고양시사우나추천,PC,3,0,0,0,1.3,0,0,0,0
"파워링크",스파아일랜드,02. 스파아일랜드 P,고양시실내놀거리,PC,5,1,77,77,1,0,0,0,0
"파워링크",스파아일랜드,02. 스파아일랜드 P,고양시실내데이트,PC,23,0,0,0,1,0,0,0,0
"파워링크",스파아일랜드,02. 스파아일랜드 P,고양시원당사우나,PC,1,0,0,0,1,0,0,0,0
"파워링크",스파아일랜드,02. 스파아일랜드 P,고양시찜질방,PC,235,0,0,0,1.8,0,0,0,0
"파워링크",스파아일랜드,02. 스파아일랜드 P,고양시찜질방추천,PC,2,1,77,77,2,0,0,0,0
"파워링크",스파아일랜드,02. 스파아일랜드 P,고양시키즈찜질방,PC,4,1,77,77,1.5,0,0,0,0
"파워링크",스파아일랜드,02. 스파아일랜드 P,고양시한증막,PC,5,1,77,77,2,0,0,0,0
"파워링크",스파아일랜드,02. 스파아일랜드 P,고양실내놀거리,PC,6,0,0,0,1.5,0,0,0,0
"파워링크",스파아일랜드,02. 스파아일랜드 P,고양실내데이트,PC,24,0,0,0,1,0,0,0,0
"파워링크",스파아일랜드,02. 스파아일랜드 P,고양찜질방,PC,9,0,0,0,2,0,0,0,0
"파워링크",스파아일랜드,02. 스파아일랜드 P,고양키즈찜질방,PC,1,0,0,0,1,0,0,0,0
"파워링크",스파아일랜드,02. 스파아일랜드 P,고양터미널사우나,PC,1,0,0,0,1,0,0,0,0
"파워링크",스파아일랜드,02. 스파아일랜드 P,군인찜질방,PC,2,0,0,0,1,0,0,0,0
"파워링크",스파아일랜드,02. 스파아일랜드 P,근처24시목욕탕,PC,7,0,0,0,1.1,0,0,0,0
"파워링크",스파아일랜드,02. 스파아일랜드 P,근처24시사우나,PC,34,0,0,0,1.4,0,0,0,0
"파워링크",스파아일랜드,02. 스파아일랜드 P,근처24시찜질방,PC,13,1,77,77,1,0,0,0,0
"파워링크",스파아일랜드,02. 스파아일랜드 P,근처목욕탕,PC,202,1,77,77,1.8,0,0,0,0
"파워링크",스파아일랜드,02. 스파아일랜드 P,근처사우나,PC,442,0,0,0,1.4,0,0,0,0
"파워링크",스파아일랜드,02. 스파아일랜드 P,근처찜질방,PC,362,0,0,0,1.6,0,0,0,0
"파워링크",스파아일랜드,02. 스파아일랜드 P,근처한증막,PC,2,0,0,0,1,0,0,0,0
"파워링크",스파아일랜드,02. 스파아일랜드 P,금촌24시사우나,PC,4,0,0,0,1,0,0,0,0
"파워링크",스파아일랜드,02. 스파아일랜드 P,금촌목욕탕,PC,4,0,0,0,1,0,0,0,0
"파워링크",스파아일랜드,02. 스파아일랜드 P,금촌사우나,PC,20,0,0,0,1,0,0,0,0
"파워링크",스파아일랜드,02. 스파아일랜드 P,금촌역사우나,PC,1,0,0,0,1,0,0,0,0
"파워링크",스파아일랜드,02. 스파아일랜드 P,금촌역찜질방,PC,4,0,0,0,1,0,0,0,0
"파워링크",스파아일랜드,02. 스파아일랜드 P,금촌찜질방,PC,14,0,0,0,1,0,0,0,0
"파워링크",스파아일랜드,02. 스파아일랜드 P,금촌찜질방추천,PC,3,0,0,0,1,0,0,0,0
"파워링크",스파아일랜드,02. 스파아일랜드 P,김포24시사우나,PC,6,0,0,0,1,0,0,0,0
"파워링크",스파아일랜드,02. 스파아일랜드 P,김포24시찜질방,PC,9,0,0,0,1.7,0,0,0,0
"파워링크",스파아일랜드,02. 스파아일랜드 P,김포24시한증막,PC,1,0,0,0,1,0,0,0,0
"파워링크",스파아일랜드,02. 스파아일랜드 P,김포가볼만한곳,PC,63,1,264,264,9.6,0,0,0,0
"파워링크",스파아일랜드,02. 스파아일랜드 P,김포공항근처사우나,PC,12,0,0,0,1,0,0,0,0
"파워링크",스파아일랜드,02. 스파아일랜드 P,김포공항근처찜질방,PC,213,1,187,187,1.6,0,0,0,0
"파워링크",스파아일랜드,02. 스파아일랜드 P,김포놀이방찜질방,PC,3,0,0,0,1,0,0,0,0
"파워링크",스파아일랜드,02. 스파아일랜드 P,김포대형사우나,PC,12,1,77,77,1.3,0,0,0,0
"파워링크",스파아일랜드,02. 스파아일랜드 P,김포대형찜질방,PC,16,1,77,77,1,0,0,0,0
"파워링크",스파아일랜드,02. 스파아일랜드 P,김포데이트추천,PC,44,0,0,0,1.2,0,0,0,0
"파워링크",스파아일랜드,02. 스파아일랜드 P,김포데이트코스,PC,96,0,0,0,3.1,0,0,0,0
"파워링크",스파아일랜드,02. 스파아일랜드 P,김포목욕탕,PC,19,0,0,0,1,0,0,0,0
"파워링크",스파아일랜드,02. 스파아일랜드 P,김포사우나,PC,180,1,99,99,1.3,0,0,0,0
"파워링크",스파아일랜드,02. 스파아일랜드 P,김포스파,PC,57,0,0,0,1.6,0,0,0,0
"파워링크",스파아일랜드,02. 스파아일랜드 P,김포시목욕탕,PC,3,0,0,0,1.7,0,0,0,0
"파워링크",스파아일랜드,02. 스파아일랜드 P,김포시사우나,PC,3,0,0,0,1,0,0,0,0
"파워링크",스파아일랜드,02. 스파아일랜드 P,김포시설좋은사우나,PC,3,0,0,0,1,0,0,0,0
"파워링크",스파아일랜드,02. 스파아일랜드 P,김포시찜질방,PC,1,0,0,0,1,0,0,0,0
"파워링크",스파아일랜드,02. 스파아일랜드 P,김포실내데이트,PC,75,0,0,0,2.1,0,0,0,0
"파워링크",스파아일랜드,02. 스파아일랜드 P,김포아기찜질방,PC,1,0,0,0,1,0,0,0,0
"파워링크",스파아일랜드,02. 스파아일랜드 P,김포키즈찜질방,PC,4,0,0,0,1,0,0,0,0
"파워링크",스파아일랜드,02. 스파아일랜드 P,김포한증막,PC,1,0,0,0,1,0,0,0,0
"파워링크",스파아일랜드,02. 스파아일랜드 P,내근처24시사우나,PC,2,0,0,0,1,0,0,0,0
"파워링크",스파아일랜드,02. 스파아일랜드 P,내근처24시찜질방,PC,5,0,0,0,1.4,0,0,0,0
"파워링크",스파아일랜드,02. 스파아일랜드 P,내근처목욕탕,PC,37,0,0,0,1,0,0,0,0
"파워링크",스파아일랜드,02. 스파아일랜드 P,내근처사우나,PC,39,1,77,77,1.4,0,0,0,0
"파워링크",스파아일랜드,02. 스파아일랜드 P,내근처찜질방,PC,20,0,0,0,1,0,0,0,0
"파워링크",스파아일랜드,02. 스파아일랜드 P,뉴진스찜질방,PC,2,0,0,0,1,0,0,0,0
"파워링크",스파아일랜드,02. 스파아일랜드 P,달려라석진찜질방,PC,3,0,0,0,1,0,0,0,0
"파워링크",스파아일랜드,02. 스파아일랜드 P,대형찜질방,PC,696,2,77,154,1.7,0,0,0,0
"파워링크",스파아일랜드,02. 스파아일랜드 P,대화동사우나,PC,2,0,0,0,1,0,0,0,0
"파워링크",스파아일랜드,02. 스파아일랜드 P,대화동찜질방,PC,1,0,0,0,1,0,0,0,0
"파워링크",스파아일랜드,02. 스파아일랜드 P,대화사우나,PC,2,0,0,0,1,0,0,0,0
"파워링크",스파아일랜드,02. 스파아일랜드 P,대화역목욕탕,PC,2,0,0,0,1,0,0,0,0
"파워링크",스파아일랜드,02. 스파아일랜드 P,대화역사우나,PC,4,0,0,0,1,0,0,0,0
"파워링크",스파아일랜드,02. 스파아일랜드 P,대화역찜질방,PC,9,0,0,0,1,0,0,0,0
"파워링크",스파아일랜드,02. 스파아일랜드 P,대화찜질방,PC,4,0,0,0,1,0,0,0,0
"파워링크",스파아일랜드,02. 스파아일랜드 P,덕양구사우나,PC,4,0,0,0,1.8,0,0,0,0
"파워링크",스파아일랜드,02. 스파아일랜드 P,덕양구찜질방,PC,18,0,0,0,1.2,0,0,0,0
"파워링크",스파아일랜드,02. 스파아일랜드 P,덕이동목욕탕,PC,3,0,0,0,1,0,0,0,0
"파워링크",스파아일랜드,02. 스파아일랜드 P,덕이동사우나,PC,1,1,77,77,1,0,0,0,0
"파워링크",스파아일랜드,02. 스파아일랜드 P,데이트코스추천,PC,2,0,0,0,3,0,0,0,0
"파워링크",스파아일랜드,02. 스파아일랜드 P,동궁사우나,PC,2,0,0,0,1,0,0,0,0
"파워링크",스파아일랜드,02. 스파아일랜드 P,뚱발,PC,2,0,0,0,1.5,0,0,0,0
"파워링크",스파아일랜드,02. 스파아일랜드 P,뚱발목욕장,PC,1,0,0,0,1,0,0,0,0
"파워링크",스파아일랜드,02. 스파아일랜드 P,라페스타놀거리,PC,22,0,0,0,1.8,0,0,0,0
"파워링크",스파아일랜드,02. 스파아일랜드 P,라페스타목욕탕,PC,1,0,0,0,1,0,0,0,0
"파워링크",스파아일랜드,02. 스파아일랜드 P,라페스타사우나,PC,4,0,0,0,1.5,0,0,0,0
"파워링크",스파아일랜드,02. 스파아일랜드 P,라페스타찜질방,PC,4,1,77,77,1,0,0,0,0
"파워링크",스파아일랜드,02. 스파아일랜드 P,목욕탕,PC,"5,155",14,189,"2,640",2.1,0,0,0,0
"파워링크",스파아일랜드,02. 스파아일랜드 P,목욕탕숙박,PC,3,0,0,0,2,0,0,0,0
"파워링크",스파아일랜드,02. 스파아일랜드 P,목욕탕좋은곳,PC,3,0,0,0,1,0,0,0,0
"파워링크",스파아일랜드,02. 스파아일랜드 P,목욕탕추천,PC,138,3,242,726,1.6,0,0,0,0
"파워링크",스파아일랜드,02. 스파아일랜드 P,문산사우나,PC,6,1,77,77,1,0,0,0,0
"파워링크",스파아일랜드,02. 스파아일랜드 P,문산찜질방,PC,38,2,77,154,1.1,0,0,0,0
"파워링크",스파아일랜드,02. 스파아일랜드 P,백석동목욕탕,PC,1,0,0,0,1,0,0,0,0
"파워링크",스파아일랜드,02. 스파아일랜드 P,백석동사우나,PC,2,0,0,0,2,0,0,0,0
"파워링크",스파아일랜드,02. 스파아일랜드 P,백석동찜질방,PC,7,0,0,0,1.6,0,0,0,0
"파워링크",스파아일랜드,02. 스파아일랜드 P,백석목욕탕,PC,5,0,0,0,1.6,0,0,0,0
"파워링크",스파아일랜드,02. 스파아일랜드 P,백석사우나,PC,2,0,0,0,1,0,0,0,0
"파워링크",스파아일랜드,02. 스파아일랜드 P,백석찜질방,PC,8,0,0,0,1.6,0,0,0,0
"파워링크",스파아일랜드,02. 스파아일랜드 P,보이넥스트도어찜질방,PC,3,0,0,0,1,0,0,0,0
"파워링크",스파아일랜드,02. 스파아일랜드 P,부천목욕탕,PC,47,1,99,99,1.2,0,0,0,0
"파워링크",스파아일랜드,02. 스파아일랜드 P,부천목욕탕추천,PC,3,0,0,0,2,0,0,0,0
"파워링크",스파아일랜드,02. 스파아일랜드 P,부천사우나,PC,171,4,94,374,1.7,0,0,0,0
"파워링크",스파아일랜드,02. 스파아일랜드 P,부천사우나추천,PC,9,0,0,0,1,0,0,0,0
"파워링크",스파아일랜드,02. 스파아일랜드 P,부천찜질방,PC,632,14,61,858,1.2,0,0,0,0
"파워링크",스파아일랜드,02. 스파아일랜드 P,부천찜질방추천,PC,33,0,0,0,1,0,0,0,0
"파워링크",스파아일랜드,02. 스파아일랜드 P,부천한증막,PC,6,0,0,0,1,0,0,0,0
"파워링크",스파아일랜드,02. 스파아일랜드 P,북카페,PC,"3,916",4,272,"1,089",4.8,0,0,0,0
"파워링크",스파아일랜드,02. 스파아일랜드 P,불한증막,PC,532,9,213,"1,914",2.1,0,0,0,0
"파워링크",스파아일랜드,02. 스파아일랜드 P,불한증막추천,PC,2,0,0,0,1,0,0,0,0
"파워링크",스파아일랜드,02. 스파아일랜드 P,비오는날데이트,PC,"3,572",29,663,"19,228",3.3,0,0,0,0
"파워링크",스파아일랜드,02. 스파아일랜드 P,비올때가볼만한곳,PC,63,0,0,0,5.7,0,0,0,0
"파워링크",스파아일랜드,02. 스파아일랜드 P,사우나마스크,PC,4,0,0,0,2.5,0,0,0,0
"파워링크",스파아일랜드,02. 스파아일랜드 P,사우나숙박,PC,5,0,0,0,1.4,0,0,0,0
"파워링크",스파아일랜드,02. 스파아일랜드 P,사우나찜질방,PC,63,0,0,0,1.9,0,0,0,0
"파워링크",스파아일랜드,02. 스파아일랜드 P,사우나추천,PC,244,5,290,"1,452",1.5,0,0,0,0
"파워링크",스파아일랜드,02. 스파아일랜드 P,상암동사우나,PC,31,1,77,77,1,0,0,0,0
"파워링크",스파아일랜드,02. 스파아일랜드 P,상암동찜질방,PC,18,0,0,0,1,0,0,0,0
"파워링크",스파아일랜드,02. 스파아일랜드 P,상암사우나,PC,14,0,0,0,1,0,0,0,0
"파워링크",스파아일랜드,02. 스파아일랜드 P,상암찜질방,PC,20,0,0,0,1.1,0,0,0,0
"파워링크",스파아일랜드,02. 스파아일랜드 P,서울근교가볼만한곳,PC,"1,417",8,"1,103","8,822",3,0,0,0,0
"파워링크",스파아일랜드,02. 스파아일랜드 P,서울근교갈만한곳,PC,"3,115",65,"1,014","65,901",3,0,0,0,0
"파워링크",스파아일랜드,02. 스파아일랜드 P,서울근교나들이,PC,55,1,253,253,3.5,0,0,0,0
"파워링크",스파아일랜드,02. 스파아일랜드 P,서울근교데이트코스,PC,125,2,281,561,4.1,0,0,0,0
"파워링크",스파아일랜드,02. 스파아일랜드 P,서울근교드라이브,PC,828,6,293,"1,760",7.9,0,0,0,0
"파워링크",스파아일랜드,02. 스파아일랜드 P,서울근교드라이브코스,PC,867,4,272,"1,089",3,0,0,0,0
"파워링크",스파아일랜드,02. 스파아일랜드 P,서울근교사우나,PC,49,4,72,286,1.4,0,0,0,0
"파워링크",스파아일랜드,02. 스파아일랜드 P,서울근교찜질방,PC,623,5,77,385,1.5,0,0,0,0
"파워링크",스파아일랜드,02. 스파아일랜드 P,서울근교찜질방추천,PC,90,4,140,561,1.1,0,0,0,0
"파워링크",스파아일랜드,02. 스파아일랜드 P,서울찜질방,PC,"3,523",56,320,"17,930",1.3,0,0,0,0
"파워링크",스파아일랜드,02. 스파아일랜드 P,서울찜질방추천,PC,"2,014",72,188,"13,519",1.6,0,0,0,0
"파워링크",스파아일랜드,02. 스파아일랜드 P,설문동목욕탕,PC,2,0,0,0,1,0,0,0,0
"파워링크",스파아일랜드,02. 스파아일랜드 P,설문동사우나,PC,2,0,0,0,1,0,0,0,0
"파워링크",스파아일랜드,02. 스파아일랜드 P,설문동찜질방,PC,4,0,0,0,1.3,0,0,0,0
"파워링크",스파아일랜드,02. 스파아일랜드 P,설문찜질방,PC,3,0,0,0,1,0,0,0,0
"파워링크",스파아일랜드,02. 스파아일랜드 P,성석동사우나,PC,1,0,0,0,1,0,0,0,0
"파워링크",스파아일랜드,02. 스파아일랜드 P,성석동찜질방,PC,1,0,0,0,1,0,0,0,0
"파워링크",스파아일랜드,02. 스파아일랜드 P,센토,PC,14,0,0,0,1.9,0,0,0,0
"파워링크",스파아일랜드,02. 스파아일랜드 P,센토사우나,PC,43,1,77,77,1,0,0,0,0
"파워링크",스파아일랜드,02. 스파아일랜드 P,수도권가볼만한곳,PC,897,19,637,"12,111",3.3,0,0,0,0
"파워링크",스파아일랜드,02. 스파아일랜드 P,수도권갈만한곳,PC,16,0,0,0,3,0,0,0,0
"파워링크",스파아일랜드,02. 스파아일랜드 P,수도권데이트코스,PC,3,0,0,0,1.7,0,0,0,0
"파워링크",스파아일랜드,02. 스파아일랜드 P,수도권실내놀거리,PC,1,0,0,0,1,0,0,0,0
"파워링크",스파아일랜드,02. 스파아일랜드 P,수도권실내데이트,PC,26,0,0,0,1,0,0,0,0
"파워링크",스파아일랜드,02. 스파아일랜드 P,스타필드사우나,PC,84,0,0,0,2.4,0,0,0,0
"파워링크",스파아일랜드,02. 스파아일랜드 P,스파,PC,"4,977",24,336,"8,052",2.9,0,0,0,0
"파워링크",스파아일랜드,02. 스파아일랜드 P,스파사우나,PC,10,1,88,88,1,0,0,0,0
"파워링크",스파아일랜드,02. 스파아일랜드 P,스파아일랜드,PC,232,0,0,0,1.9,0,0,0,0
"파워링크",스파아일랜드,02. 스파아일랜드 P,스파아일랜드고양,PC,53,0,0,0,1.1,0,0,0,0
"파워링크",스파아일랜드,02. 스파아일랜드 P,스파아일랜드일산,PC,61,1,77,77,1,0,0,0,0
"파워링크",스파아일랜드,02. 스파아일랜드 P,스파찜질방,PC,35,0,0,0,2.1,0,0,0,0
"파워링크",스파아일랜드,02. 스파아일랜드 P,시설좋은목욕탕,PC,3,0,0,0,1,0,0,0,0
"파워링크",스파아일랜드,02. 스파아일랜드 P,시설좋은사우나,PC,11,1,110,110,1.5,0,0,0,0
"파워링크",스파아일랜드,02. 스파아일랜드 P,시설좋은찜질방,PC,75,4,96,385,1.2,0,0,0,0
"파워링크",스파아일랜드,02. 스파아일랜드 P,시원한실내놀거리,PC,1,0,0,0,2,0,0,0,0
"파워링크",스파아일랜드,02. 스파아일랜드 P,시원한실내데이트,PC,10,0,0,0,1.1,0,0,0,0
"파워링크",스파아일랜드,02. 스파아일랜드 P,식사동목욕탕,PC,2,0,0,0,1,0,0,0,0
"파워링크",스파아일랜드,02. 스파아일랜드 P,식사동사우나,PC,7,0,0,0,1,0,0,0,0
"파워링크",스파아일랜드,02. 스파아일랜드 P,식사동찜질방,PC,4,0,0,0,1,0,0,0,0
"파워링크",스파아일랜드,02. 스파아일랜드 P,실내놀거리,PC,892,7,255,"1,782",2.7,0,0,0,0
"파워링크",스파아일랜드,02. 스파아일랜드 P,실내데이트,PC,36,0,0,0,12.4,0,0,0,0
"파워링크",스파아일랜드,02. 스파아일랜드 P,실로암사우나,PC,34,1,77,77,1,0,0,0,0
"파워링크",스파아일랜드,02. 스파아일랜드 P,실로암찜질방,PC,2,0,0,0,2,0,0,0,0
"파워링크",스파아일랜드,02. 스파아일랜드 P,심학산목욕탕,PC,2,0,0,0,1,0,0,0,0
"파워링크",스파아일랜드,02. 스파아일랜드 P,심학산사우나,PC,6,0,0,0,1,0,0,0,0
"파워링크",스파아일랜드,02. 스파아일랜드 P,심학산찜질방,PC,27,0,0,0,1,0,0,0,0
"파워링크",스파아일랜드,02. 스파아일랜드 P,싸우나,PC,89,0,0,0,4.3,0,0,0,0
"파워링크",스파아일랜드,02. 스파아일랜드 P,씨메르사우나,PC,29,1,220,220,2.1,0,0,0,0
"파워링크",스파아일랜드,02. 스파아일랜드 P,아이들과가볼만한곳,PC,785,10,"1,582","15,818",1.7,0,0,0,0
"파워링크",스파아일랜드,02. 스파아일랜드 P,아이와가볼만한곳,PC,22,0,0,0,26.5,0,0,0,0
"파워링크",스파아일랜드,02. 스파아일랜드 P,아이와갈만한곳,PC,778,3,"1,217","3,652",1.8,0,0,0,0
"파워링크",스파아일랜드,02. 스파아일랜드 P,아이와함께가볼만한곳,PC,338,1,"1,089","1,089",2.3,0,0,0,0
"파워링크",스파아일랜드,02. 스파아일랜드 P,야간데이트,PC,161,2,220,440,2.4,0,0,0,0
"파워링크",스파아일랜드,02. 스파아일랜드 P,야당동목욕탕,PC,1,0,0,0,1,0,0,0,0
"파워링크",스파아일랜드,02. 스파아일랜드 P,야당동사우나,PC,1,0,0,0,1,0,0,0,0
"파워링크",스파아일랜드,02. 스파아일랜드 P,야당동찜질방,PC,2,0,0,0,1,0,0,0,0
"파워링크",스파아일랜드,02. 스파아일랜드 P,야당목욕탕,PC,1,0,0,0,1,0,0,0,0
"파워링크",스파아일랜드,02. 스파아일랜드 P,야당사우나,PC,6,0,0,0,1,0,0,0,0
"파워링크",스파아일랜드,02. 스파아일랜드 P,야당역목욕탕,PC,1,0,0,0,1,0,0,0,0
"파워링크",스파아일랜드,02. 스파아일랜드 P,야당역사우나,PC,5,0,0,0,1,0,0,0,0
"파워링크",스파아일랜드,02. 스파아일랜드 P,야당역찜질방,PC,12,0,0,0,1,0,0,0,0
"파워링크",스파아일랜드,02. 스파아일랜드 P,야당찜질방,PC,2,0,0,0,1,0,0,0,0
"파워링크",스파아일랜드,02. 스파아일랜드 P,에이스스파랜드,PC,7,0,0,0,1,0,0,0,0
"파워링크",스파아일랜드,02. 스파아일랜드 P,엠블호텔,PC,126,0,0,0,4.9,0,0,0,0
"파워링크",스파아일랜드,02. 스파아일랜드 P,여름실내놀거리,PC,99,0,0,0,1.4,0,0,0,0
"파워링크",스파아일랜드,02. 스파아일랜드 P,여름실내데이트,PC,628,1,242,242,1.9,0,0,0,0
"파워링크",스파아일랜드,02. 스파아일랜드 P,와동동찜질방,PC,1,0,0,0,1,0,0,0,0
"파워링크",스파아일랜드,02. 스파아일랜드 P,운정24시사우나,PC,1,0,0,0,1,0,0,0,0
"파워링크",스파아일랜드,02. 스파아일랜드 P,운정목욕탕,PC,20,0,0,0,1,0,0,0,0
"파워링크",스파아일랜드,02. 스파아일랜드 P,운정사우나,PC,4,0,0,0,1,0,0,0,0
"파워링크",스파아일랜드,02. 스파아일랜드 P,운정사우나추천,PC,1,0,0,0,1,0,0,0,0
"파워링크",스파아일랜드,02. 스파아일랜드 P,운정스파,PC,3,0,0,0,1.7,0,0,0,0
"파워링크",스파아일랜드,02. 스파아일랜드 P,운정스파랜드,PC,1,0,0,0,1,0,0,0,0
"파워링크",스파아일랜드,02. 스파아일랜드 P,운정역목욕탕,PC,2,0,0,0,1,0,0,0,0
"파워링크",스파아일랜드,02. 스파아일랜드 P,운정역사우나,PC,7,0,0,0,1,0,0,0,0
"파워링크",스파아일랜드,02. 스파아일랜드 P,운정찜질방,PC,38,0,0,0,1,0,0,0,0
"파워링크",스파아일랜드,02. 스파아일랜드 P,운정찜질방추천,PC,4,2,77,154,1.3,0,0,0,0
"파워링크",스파아일랜드,02. 스파아일랜드 P,운정키즈찜질방,PC,2,0,0,0,1,0,0,0,0
"파워링크",스파아일랜드,02. 스파아일랜드 P,운정탐라랜드,PC,20,0,0,0,1,0,0,0,0
"파워링크",스파아일랜드,02. 스파아일랜드 P,운정한증막,PC,3,0,0,0,1,0,0,0,0
"파워링크",스파아일랜드,02. 스파아일랜드 P,원당동목욕탕,PC,1,0,0,0,1,0,0,0,0
"파워링크",스파아일랜드,02. 스파아일랜드 P,원당동사우나,PC,1,0,0,0,1,0,0,0,0
"파워링크",스파아일랜드,02. 스파아일랜드 P,원당동찜질방,PC,1,0,0,0,1,0,0,0,0
"파워링크",스파아일랜드,02. 스파아일랜드 P,원당목욕탕,PC,3,0,0,0,2,0,0,0,0
"파워링크",스파아일랜드,02. 스파아일랜드 P,원당찜질방,PC,3,0,0,0,1,0,0,0,0
"파워링크",스파아일랜드,02. 스파아일랜드 P,원마운트사우나,PC,3,0,0,0,1.7,0,0,0,0
"파워링크",스파아일랜드,02. 스파아일랜드 P,원마운트찜질방,PC,8,0,0,0,1.1,0,0,0,0
"파워링크",스파아일랜드,02. 스파아일랜드 P,웨돔,PC,27,0,0,0,1.8,0,0,0,0
"파워링크",스파아일랜드,02. 스파아일랜드 P,웨돔놀거리,PC,9,0,0,0,1.2,0,0,0,0
"파워링크",스파아일랜드,02. 스파아일랜드 P,유명한찜질방,PC,29,0,0,0,1.9,0,0,0,0
"파워링크",스파아일랜드,02. 스파아일랜드 P,유명한찜질방추천,PC,5,0,0,0,1.2,0,0,0,0
"파워링크",스파아일랜드,02. 스파아일랜드 P,이색데이트,PC,"9,062",49,"1,177","57,695",1.9,0,0,0,0
"파워링크",스파아일랜드,02. 스파아일랜드 P,이색데이트찜질방,PC,2,0,0,0,1,0,0,0,0
"파워링크",스파아일랜드,02. 스파아일랜드 P,이색찜질방,PC,361,12,137,"1,639",1.1,0,0,0,0
"파워링크",스파아일랜드,02. 스파아일랜드 P,인천데이트코스,PC,48,0,0,0,10.6,0,0,0,0
"파워링크",스파아일랜드,02. 스파아일랜드 P,인천사우나,PC,316,1,220,220,2.6,0,0,0,0
"파워링크",스파아일랜드,02. 스파아일랜드 P,인천실내놀거리,PC,251,4,209,836,3.8,0,0,0,0
"파워링크",스파아일랜드,02. 스파아일랜드 P,인천실내데이트,PC,512,3,220,660,8.7,0,0,0,0
"파워링크",스파아일랜드,02. 스파아일랜드 P,인천씨메르사우나,PC,2,0,0,0,2,0,0,0,0
"파워링크",스파아일랜드,02. 스파아일랜드 P,인천씨메르찜질방,PC,81,3,198,594,2,0,0,0,0
"파워링크",스파아일랜드,02. 스파아일랜드 P,인천찜질방,PC,"1,824",10,107,"1,067",1.8,0,0,0,0
"파워링크",스파아일랜드,02. 스파아일랜드 P,인천파라다이스시티시메르,PC,1,0,0,0,1,0,0,0,0
"파워링크",스파아일랜드,02. 스파아일랜드 P,일산,PC,98,1,187,187,2.2,0,0,0,0
"파워링크",스파아일랜드,02. 스파아일랜드 P,일산24시간사우나,PC,15,1,77,77,1.3,0,0,0,0
"파워링크",스파아일랜드,02. 스파아일랜드 P,일산24시간찜질방,PC,7,0,0,0,1,0,0,0,0
"파워링크",스파아일랜드,02. 스파아일랜드 P,일산24시사우나,PC,18,0,0,0,1.4,0,0,0,0
"파워링크",스파아일랜드,02. 스파아일랜드 P,일산24시찜질방,PC,30,2,446,891,1,0,0,0,0
"파워링크",스파아일랜드,02. 스파아일랜드 P,일산GTX,PC,94,1,110,110,1.7,0,0,0,0
"파워링크",스파아일랜드,02. 스파아일랜드 P,일산가볼만한곳,PC,"2,630",32,877,"28,072",1.8,0,0,0,0
"파워링크",스파아일랜드,02. 스파아일랜드 P,일산고봉산,PC,21,0,0,0,1,0,0,0,0
"파워링크",스파아일랜드,02. 스파아일랜드 P,일산고봉산한증막,PC,1,0,0,0,1,0,0,0,0
"파워링크",스파아일랜드,02. 스파아일랜드 P,일산놀거리,PC,993,8,671,"5,368",1.8,0,0,0,0
"파워링크",스파아일랜드,02. 스파아일랜드 P,일산놀이방찜질방,PC,5,0,0,0,1.6,0,0,0,0
"파워링크",스파아일랜드,02. 스파아일랜드 P,일산대형사우나,PC,9,1,473,473,1,0,0,0,0
"파워링크",스파아일랜드,02. 스파아일랜드 P,일산대형스파,PC,4,0,0,0,1.8,0,0,0,0
"파워링크",스파아일랜드,02. 스파아일랜드 P,일산대형찜질방,PC,11,1,473,473,1,0,0,0,0
"파워링크",스파아일랜드,02. 스파아일랜드 P,일산데이트,PC,"1,081",9,"1,281","11,528",1.7,0,0,0,0
"파워링크",스파아일랜드,02. 스파아일랜드 P,일산데이트추천,PC,19,0,0,0,1.7,0,0,0,0
"파워링크",스파아일랜드,02. 스파아일랜드 P,일산데이트코스,PC,566,2,726,"1,452",3.1,0,0,0,0
"파워링크",스파아일랜드,02. 스파아일랜드 P,일산동구24시사우나,PC,1,0,0,0,1,0,0,0,0
"파워링크",스파아일랜드,02. 스파아일랜드 P,일산동구목욕탕,PC,3,0,0,0,1,0,0,0,0
"파워링크",스파아일랜드,02. 스파아일랜드 P,일산동구사우나,PC,6,2,77,154,1,0,0,0,0
"파워링크",스파아일랜드,02. 스파아일랜드 P,일산동구찜질방,PC,5,0,0,0,1,0,0,0,0
"파워링크",스파아일랜드,02. 스파아일랜드 P,일산동구찜질방추천,PC,1,0,0,0,1,0,0,0,0
"파워링크",스파아일랜드,02. 스파아일랜드 P,일산동궁사우나,PC,7,0,0,0,1,0,0,0,0
"파워링크",스파아일랜드,02. 스파아일랜드 P,일산라페스타놀거리,PC,7,0,0,0,1.4,0,0,0,0
"파워링크",스파아일랜드,02. 스파아일랜드 P,일산라페스타목욕탕,PC,1,0,0,0,1,0,0,0,0
"파워링크",스파아일랜드,02. 스파아일랜드 P,일산라페스타사우나,PC,2,1,77,77,1,0,0,0,0
"파워링크",스파아일랜드,02. 스파아일랜드 P,일산롯데시네마,PC,59,0,0,0,1.4,0,0,0,0
"파워링크",스파아일랜드,02. 스파아일랜드 P,일산맘카페,PC,221,0,0,0,3.5,0,0,0,0
"파워링크",스파아일랜드,02. 스파아일랜드 P,일산맛집추천,PC,19,0,0,0,10.6,0,0,0,0
"파워링크",스파아일랜드,02. 스파아일랜드 P,일산목욕탕,PC,48,0,0,0,1.1,0,0,0,0
"파워링크",스파아일랜드,02. 스파아일랜드 P,일산목욕탕추천,PC,4,0,0,0,1.5,0,0,0,0
"파워링크",스파아일랜드,02. 스파아일랜드 P,일산박람회,PC,118,0,0,0,3.9,0,0,0,0
"파워링크",스파아일랜드,02. 스파아일랜드 P,일산백석동사우나,PC,2,0,0,0,1,0,0,0,0
"파워링크",스파아일랜드,02. 스파아일랜드 P,일산백석동찜질방,PC,1,0,0,0,1,0,0,0,0
"파워링크",스파아일랜드,02. 스파아일랜드 P,일산백석사우나,PC,3,0,0,0,1,0,0,0,0
"파워링크",스파아일랜드,02. 스파아일랜드 P,일산불가마,PC,14,0,0,0,1.1,0,0,0,0
"파워링크",스파아일랜드,02. 스파아일랜드 P,일산사우나찜질방,PC,4,0,0,0,1.8,0,0,0,0
"파워링크",스파아일랜드,02. 스파아일랜드 P,일산사우나추천,PC,10,0,0,0,1.8,0,0,0,0
"파워링크",스파아일랜드,02. 스파아일랜드 P,일산서구사우나,PC,7,1,77,77,1,0,0,0,0
"파워링크",스파아일랜드,02. 스파아일랜드 P,일산서구찜질방,PC,4,0,0,0,1,0,0,0,0
"파워링크",스파아일랜드,02. 스파아일랜드 P,일산성석동찜질방,PC,1,0,0,0,1,0,0,0,0
"파워링크",스파아일랜드,02. 스파아일랜드 P,일산성석동한증막,PC,1,0,0,0,1,0,0,0,0
"파워링크",스파아일랜드,02. 스파아일랜드 P,일산센토,PC,15,0,0,0,1,0,0,0,0
"파워링크",스파아일랜드,02. 스파아일랜드 P,일산센토사우나,PC,10,0,0,0,1,0,0,0,0
"파워링크",스파아일랜드,02. 스파아일랜드 P,일산수영장,PC,"1,391",3,165,495,3.3,0,0,0,0
"파워링크",스파아일랜드,02. 스파아일랜드 P,일산수영장찜질방,PC,4,0,0,0,1,0,0,0,0
"파워링크",스파아일랜드,02. 스파아일랜드 P,일산숙박,PC,74,3,"1,247","3,740",1.5,0,0,0,0
"파워링크",스파아일랜드,02. 스파아일랜드 P,일산숙소,PC,211,1,220,220,8.7,0,0,0,0
"파워링크",스파아일랜드,02. 스파아일랜드 P,일산스파,PC,75,1,165,165,1.7,0,0,0,0
"파워링크",스파아일랜드,02. 스파아일랜드 P,일산스파아일랜드,PC,117,1,77,77,1,0,0,0,0
"파워링크",스파아일랜드,02. 스파아일랜드 P,일산시설좋은사우나,PC,2,0,0,0,1.5,0,0,0,0
"파워링크",스파아일랜드,02. 스파아일랜드 P,일산시설좋은찜질방,PC,1,0,0,0,1,0,0,0,0
"파워링크",스파아일랜드,02. 스파아일랜드 P,일산식사동목욕탕,PC,3,0,0,0,1,0,0,0,0
"파워링크",스파아일랜드,02. 스파아일랜드 P,일산실내놀거리,PC,24,1,77,77,1.1,0,0,0,0
"파워링크",스파아일랜드,02. 스파아일랜드 P,일산실내데이트,PC,311,4,872,"3,487",1.3,0,0,0,0
"파워링크",스파아일랜드,02. 스파아일랜드 P,일산에이스스파랜드,PC,12,0,0,0,1,0,0,0,0
"파워링크",스파아일랜드,02. 스파아일랜드 P,일산엠블호텔,PC,44,0,0,0,4.9,0,0,0,0
"파워링크",스파아일랜드,02. 스파아일랜드 P,일산원마운트사우나,PC,4,0,0,0,1.8,0,0,0,0
"파워링크",스파아일랜드,02. 스파아일랜드 P,일산원마운트찜질방,PC,6,0,0,0,2.3,0,0,0,0
"파워링크",스파아일랜드,02. 스파아일랜드 P,일산이색데이트,PC,203,0,0,0,3.5,0,0,0,0
"파워링크",스파아일랜드,02. 스파아일랜드 P,일산장항동목욕탕,PC,2,0,0,0,1,0,0,0,0
"파워링크",스파아일랜드,02. 스파아일랜드 P,일산장항동사우나,PC,1,0,0,0,1,0,0,0,0
"파워링크",스파아일랜드,02. 스파아일랜드 P,일산전시장,PC,1,0,0,0,1,0,0,0,0
"파워링크",스파아일랜드,02. 스파아일랜드 P,일산찜질방,PC,465,5,392,"1,958",1,0,0,0,0
"파워링크",스파아일랜드,02. 스파아일랜드 P,일산찜질방숙박,PC,1,0,0,0,1,0,0,0,0
"파워링크",스파아일랜드,02. 스파아일랜드 P,일산찜질방추천,PC,61,5,222,"1,111",1.1,0,0,0,0
"파워링크",스파아일랜드,02. 스파아일랜드 P,일산찜질방키즈카페,PC,1,0,0,0,1,0,0,0,0
"파워링크",스파아일랜드,02. 스파아일랜드 P,일산키즈찜질방,PC,1,0,0,0,1,0,0,0,0
"파워링크",스파아일랜드,02. 스파아일랜드 P,일산킨텍스사우나,PC,9,0,0,0,1,0,0,0,0
"파워링크",스파아일랜드,02. 스파아일랜드 P,일산킨텍스찜질방,PC,19,0,0,0,1,0,0,0,0
"파워링크",스파아일랜드,02. 스파아일랜드 P,일산파주대형찜질방,PC,1,1,77,77,2,0,0,0,0
"파워링크",스파아일랜드,02. 스파아일랜드 P,일산파주찜질방,PC,10,0,0,0,1,0,0,0,0
"파워링크",스파아일랜드,02. 스파아일랜드 P,일산한증막,PC,31,0,0,0,1.3,0,0,0,0
"파워링크",스파아일랜드,02. 스파아일랜드 P,일산핫플,PC,112,0,0,0,2.2,0,0,0,0
"파워링크",스파아일랜드,02. 스파아일랜드 P,일산호수공원,PC,"3,405",3,143,429,5.7,0,0,0,0
"파워링크",스파아일랜드,02. 스파아일랜드 P,일산호수사우나,PC,3,0,0,0,1,0,0,0,0
"파워링크",스파아일랜드,02. 스파아일랜드 P,장항동사우나,PC,4,0,0,0,1,0,0,0,0
"파워링크",스파아일랜드,02. 스파아일랜드 P,족욕,PC,27,0,0,0,3.1,0,0,0,0
"파워링크",스파아일랜드,02. 스파아일랜드 P,주말가볼만한곳,PC,681,2,"1,172","2,343",4.1,0,0,0,0
"파워링크",스파아일랜드,02. 스파아일랜드 P,주말갈만한곳,PC,"1,426",16,"1,130","18,073",3.8,0,0,0,0
"파워링크",스파아일랜드,02. 스파아일랜드 P,주말나들이,PC,15,0,0,0,8.2,0,0,0,0
"파워링크",스파아일랜드,02. 스파아일랜드 P,주말아이들과가볼만한곳,PC,104,2,721,"1,441",1,0,0,0,0
"파워링크",스파아일랜드,02. 스파아일랜드 P,주말에가볼만한곳,PC,9,0,0,0,14.6,0,0,0,0
"파워링크",스파아일랜드,02. 스파아일랜드 P,주엽동목욕탕,PC,3,0,0,0,1,0,0,0,0
"파워링크",스파아일랜드,02. 스파아일랜드 P,주엽동사우나,PC,2,0,0,0,2,0,0,0,0
"파워링크",스파아일랜드,02. 스파아일랜드 P,주엽사우나,PC,17,0,0,0,1.5,0,0,0,0
"파워링크",스파아일랜드,02. 스파아일랜드 P,주엽역,PC,108,1,286,286,2.1,0,0,0,0
"파워링크",스파아일랜드,02. 스파아일랜드 P,주엽역사우나,PC,18,0,0,0,1.4,0,0,0,0
"파워링크",스파아일랜드,02. 스파아일랜드 P,주엽역찜질방,PC,17,1,77,77,1.2,0,0,0,0
"파워링크",스파아일랜드,02. 스파아일랜드 P,주엽찜질방,PC,29,0,0,0,1.3,0,0,0,0
"파워링크",스파아일랜드,02. 스파아일랜드 P,주엽키즈찜질방,PC,1,0,0,0,1,0,0,0,0
"파워링크",스파아일랜드,02. 스파아일랜드 P,중산동사우나,PC,5,0,0,0,1,0,0,0,0
"파워링크",스파아일랜드,02. 스파아일랜드 P,중산동찜질방,PC,6,0,0,0,1.3,0,0,0,0
"파워링크",스파아일랜드,02. 스파아일랜드 P,중산목욕탕,PC,1,0,0,0,1,0,0,0,0
"파워링크",스파아일랜드,02. 스파아일랜드 P,중산찜질방,PC,1,0,0,0,2,0,0,0,0
"파워링크",스파아일랜드,02. 스파아일랜드 P,찜질방,PC,"11,978",116,410,"47,542",1.3,0,0,0,0
"파워링크",스파아일랜드,02. 스파아일랜드 P,찜질방데이트,PC,"1,434",32,238,"7,612",1.7,0,0,0,0
"파워링크",스파아일랜드,02. 스파아일랜드 P,찜질방데이트추천,PC,42,4,72,286,1.2,0,0,0,0
"파워링크",스파아일랜드,02. 스파아일랜드 P,찜질방맛집,PC,8,0,0,0,1,0,0,0,0
"파워링크",스파아일랜드,02. 스파아일랜드 P,찜질방사우나,PC,79,0,0,0,2.4,0,0,0,0
"파워링크",스파아일랜드,02. 스파아일랜드 P,찜질방좋은곳,PC,14,1,88,88,1.1,0,0,0,0
"파워링크",스파아일랜드,02. 스파아일랜드 P,찜질방추천,PC,"2,165",112,216,"24,167",1.4,0,0,0,0
"파워링크",스파아일랜드,02. 스파아일랜드 P,찜질방키즈카페,PC,28,0,0,0,1.4,0,0,0,0
"파워링크",스파아일랜드,02. 스파아일랜드 P,체험데이트,PC,49,0,0,0,8.3,0,0,0,0
"파워링크",스파아일랜드,02. 스파아일랜드 P,추천찜질방,PC,1,0,0,0,1,0,0,0,0
"파워링크",스파아일랜드,02. 스파아일랜드 P,키즈목욕탕,PC,45,0,0,0,2,0,0,0,0
"파워링크",스파아일랜드,02. 스파아일랜드 P,키즈사우나,PC,19,1,275,275,1.4,0,0,0,0
"파워링크",스파아일랜드,02. 스파아일랜드 P,키즈존찜질방,PC,5,0,0,0,1,0,0,0,0
"파워링크",스파아일랜드,02. 스파아일랜드 P,키즈찜질방,PC,174,0,0,0,1.9,0,0,0,0
"파워링크",스파아일랜드,02. 스파아일랜드 P,키즈카페찜질방,PC,149,0,0,0,1.4,0,0,0,0
"파워링크",스파아일랜드,02. 스파아일랜드 P,킨텍스근처찜질방,PC,4,1,77,77,1,0,0,0,0
"파워링크",스파아일랜드,02. 스파아일랜드 P,킨텍스사우나,PC,7,1,66,66,1.3,0,0,0,0
"파워링크",스파아일랜드,02. 스파아일랜드 P,킨텍스찜질방,PC,44,1,77,77,1,0,0,0,0
"파워링크",스파아일랜드,02. 스파아일랜드 P,킨텍스한증막,PC,1,0,0,0,1,0,0,0,0
"파워링크",스파아일랜드,02. 스파아일랜드 P,탄현동,PC,5,0,0,0,2,0,0,0,0
"파워링크",스파아일랜드,02. 스파아일랜드 P,탄현동목욕탕,PC,4,0,0,0,1,0,0,0,0
"파워링크",스파아일랜드,02. 스파아일랜드 P,탄현동사우나,PC,9,1,77,77,1.1,0,0,0,0
"파워링크",스파아일랜드,02. 스파아일랜드 P,탄현동찜질방,PC,1,0,0,0,1,0,0,0,0
"파워링크",스파아일랜드,02. 스파아일랜드 P,탄현목욕탕,PC,2,0,0,0,1,0,0,0,0
"파워링크",스파아일랜드,02. 스파아일랜드 P,탄현사우나,PC,7,1,77,77,1,0,0,0,0
"파워링크",스파아일랜드,02. 스파아일랜드 P,탄현찜질방,PC,4,0,0,0,1,0,0,0,0
"파워링크",스파아일랜드,02. 스파아일랜드 P,탐라랜드,PC,10,0,0,0,1.2,0,0,0,0
"파워링크",스파아일랜드,02. 스파아일랜드 P,탐라랜드사우나,PC,6,0,0,0,1,0,0,0,0
"파워링크",스파아일랜드,02. 스파아일랜드 P,파라다이스시티시메르,PC,2,0,0,0,1,0,0,0,0
"파워링크",스파아일랜드,02. 스파아일랜드 P,파라다이스시티시메르찜질방,PC,1,0,0,0,1,0,0,0,0
"파워링크",스파아일랜드,02. 스파아일랜드 P,파주,PC,248,1,242,242,1.5,0,0,0,0
"파워링크",스파아일랜드,02. 스파아일랜드 P,파주24시사우나,PC,13,1,77,77,1.2,0,0,0,0
"파워링크",스파아일랜드,02. 스파아일랜드 P,파주24시찜질방,PC,10,1,99,99,1.5,0,0,0,0
"파워링크",스파아일랜드,02. 스파아일랜드 P,파주24시찜질방추천,PC,1,0,0,0,1,0,0,0,0
"파워링크",스파아일랜드,02. 스파아일랜드 P,파주가볼만한곳,PC,"1,258",6,290,"1,738",8.8,0,0,0,0
"파워링크",스파아일랜드,02. 스파아일랜드 P,파주가족찜질방,PC,1,0,0,0,1,0,0,0,0
"파워링크",스파아일랜드,02. 스파아일랜드 P,파주금촌사우나,PC,4,0,0,0,2,0,0,0,0
"파워링크",스파아일랜드,02. 스파아일랜드 P,파주금촌찜질방,PC,3,0,0,0,1,0,0,0,0
"파워링크",스파아일랜드,02. 스파아일랜드 P,파주놀거리,PC,80,0,0,0,1.3,0,0,0,0
"파워링크",스파아일랜드,02. 스파아일랜드 P,파주놀이방찜질방,PC,1,0,0,0,1,0,0,0,0
"파워링크",스파아일랜드,02. 스파아일랜드 P,파주대형사우나,PC,3,0,0,0,1.3,0,0,0,0
"파워링크",스파아일랜드,02. 스파아일랜드 P,파주대형찜질방,PC,9,1,55,55,1,0,0,0,0
"파워링크",스파아일랜드,02. 스파아일랜드 P,파주데이트,PC,567,1,319,319,6.5,0,0,0,0
"파워링크",스파아일랜드,02. 스파아일랜드 P,파주데이트추천,PC,4,0,0,0,2.5,0,0,0,0
"파워링크",스파아일랜드,02. 스파아일랜드 P,파주데이트코스,PC,259,1,143,143,3.5,0,0,0,0
"파워링크",스파아일랜드,02. 스파아일랜드 P,파주목욕탕,PC,33,0,0,0,1.1,0,0,0,0
"파워링크",스파아일랜드,02. 스파아일랜드 P,파주목욕탕추천,PC,1,0,0,0,3,0,0,0,0
"파워링크",스파아일랜드,02. 스파아일랜드 P,파주문산사우나,PC,1,0,0,0,1,0,0,0,0
"파워링크",스파아일랜드,02. 스파아일랜드 P,파주문산찜질방,PC,4,0,0,0,1.8,0,0,0,0
"파워링크",스파아일랜드,02. 스파아일랜드 P,파주사우나,PC,63,1,220,220,1.9,0,0,0,0
"파워링크",스파아일랜드,02. 스파아일랜드 P,파주사우나추천,PC,7,0,0,0,2,0,0,0,0
"파워링크",스파아일랜드,02. 스파아일랜드 P,파주수영장,PC,"3,087",8,164,"1,309",2.9,0,0,0,0
"파워링크",스파아일랜드,02. 스파아일랜드 P,파주수영장찜질방,PC,16,1,132,132,1,0,0,0,0
"파워링크",스파아일랜드,02. 스파아일랜드 P,파주스파,PC,71,0,0,0,1.8,0,0,0,0
"파워링크",스파아일랜드,02. 스파아일랜드 P,파주스파랜드,PC,2,0,0,0,1.5,0,0,0,0
"파워링크",스파아일랜드,02. 스파아일랜드 P,파주스파사우나,PC,1,0,0,0,3,0,0,0,0
"파워링크",스파아일랜드,02. 스파아일랜드 P,파주시24시찜질방,PC,1,0,0,0,1,0,0,0,0
"파워링크",스파아일랜드,02. 스파아일랜드 P,파주시목욕탕,PC,5,0,0,0,1,0,0,0,0
"파워링크",스파아일랜드,02. 스파아일랜드 P,파주시사우나,PC,3,1,231,231,1.3,0,0,0,0
"파워링크",스파아일랜드,02. 스파아일랜드 P,파주시설좋은사우나,PC,3,0,0,0,1,0,0,0,0
"파워링크",스파아일랜드,02. 스파아일랜드 P,파주시찜질방,PC,11,0,0,0,1.3,0,0,0,0
"파워링크",스파아일랜드,02. 스파아일랜드 P,파주시찜질방추천,PC,1,0,0,0,2,0,0,0,0
"파워링크",스파아일랜드,02. 스파아일랜드 P,파주실내놀거리,PC,1,0,0,0,1,0,0,0,0
"파워링크",스파아일랜드,02. 스파아일랜드 P,파주실내데이트,PC,167,0,0,0,1.6,0,0,0,0
"파워링크",스파아일랜드,02. 스파아일랜드 P,파주심학산사우나,PC,7,0,0,0,1,0,0,0,0
"파워링크",스파아일랜드,02. 스파아일랜드 P,파주심학산찜질방,PC,3,1,77,77,1,0,0,0,0
"파워링크",스파아일랜드,02. 스파아일랜드 P,파주아기찜질방,PC,3,0,0,0,1,0,0,0,0
"파워링크",스파아일랜드,02. 스파아일랜드 P,파주온천,PC,145,10,189,"1,892",1.1,0,0,0,0
"파워링크",스파아일랜드,02. 스파아일랜드 P,파주운정사우나,PC,5,0,0,0,1.4,0,0,0,0
"파워링크",스파아일랜드,02. 스파아일랜드 P,파주운정신도시,PC,424,0,0,0,1.3,0,0,0,0
"파워링크",스파아일랜드,02. 스파아일랜드 P,파주운정찜질방,PC,8,0,0,0,1.1,0,0,0,0
"파워링크",스파아일랜드,02. 스파아일랜드 P,파주일산사우나,PC,1,0,0,0,1,0,0,0,0
"파워링크",스파아일랜드,02. 스파아일랜드 P,파주일산찜질방,PC,8,1,77,77,1.5,0,0,0,0
"파워링크",스파아일랜드,02. 스파아일랜드 P,파주찜질방,PC,400,7,101,704,1.3,0,0,0,0
"파워링크",스파아일랜드,02. 스파아일랜드 P,파주찜질방추천,PC,27,1,55,55,1,0,0,0,0
"파워링크",스파아일랜드,02. 스파아일랜드 P,파주키즈찜질방,PC,2,1,77,77,1,0,0,0,0
"파워링크",스파아일랜드,02. 스파아일랜드 P,파주한증막,PC,12,0,0,0,1.2,0,0,0,0
"파워링크",스파아일랜드,02. 스파아일랜드 P,평일가볼만한곳,PC,42,0,0,0,2.2,0,0,0,0
"파워링크",스파아일랜드,02. 스파아일랜드 P,평일갈만한곳,PC,13,1,242,242,1.2,0,0,0,0
"파워링크",스파아일랜드,02. 스파아일랜드 P,평일데이트,PC,222,0,0,0,4.3,0,0,0,0
"파워링크",스파아일랜드,02. 스파아일랜드 P,평일아이들과가볼만한곳,PC,1,0,0,0,3,0,0,0,0
"파워링크",스파아일랜드,02. 스파아일랜드 P,풍동,PC,3,0,0,0,2,0,0,0,0
"파워링크",스파아일랜드,02. 스파아일랜드 P,풍동목욕탕,PC,3,0,0,0,1,0,0,0,0
"파워링크",스파아일랜드,02. 스파아일랜드 P,풍동사우나,PC,7,0,0,0,1.3,0,0,0,0
"파워링크",스파아일랜드,02. 스파아일랜드 P,풍동센토,PC,2,0,0,0,1,0,0,0,0
"파워링크",스파아일랜드,02. 스파아일랜드 P,풍동센토사우나,PC,1,0,0,0,1,0,0,0,0
"파워링크",스파아일랜드,02. 스파아일랜드 P,풍동찜질방,PC,5,0,0,0,1,0,0,0,0
"파워링크",스파아일랜드,02. 스파아일랜드 P,풍산역목욕탕,PC,4,0,0,0,1,0,0,0,0
"파워링크",스파아일랜드,02. 스파아일랜드 P,풍산역사우나,PC,4,0,0,0,1,0,0,0,0
"파워링크",스파아일랜드,02. 스파아일랜드 P,풍산역찜질방,PC,1,0,0,0,1,0,0,0,0
"파워링크",스파아일랜드,02. 스파아일랜드 P,프로젝트7찜질방,PC,1,0,0,0,1,0,0,0,0
"파워링크",스파아일랜드,02. 스파아일랜드 P,플레이엑스포찜질방,PC,1,0,0,0,1,0,0,0,0
"파워링크",스파아일랜드,02. 스파아일랜드 P,한증막,PC,"1,120",10,277,"2,772",1.4,0,0,0,0
"파워링크",스파아일랜드,02. 스파아일랜드 P,한증막추천,PC,6,0,0,0,1.5,0,0,0,0
"파워링크",스파아일랜드,02. 스파아일랜드 P,행신동사우나,PC,11,0,0,0,1.1,0,0,0,0
"파워링크",스파아일랜드,02. 스파아일랜드 P,행신동찜질방,PC,11,0,0,0,1,0,0,0,0
"파워링크",스파아일랜드,02. 스파아일랜드 P,행신사우나,PC,6,1,77,77,1,0,0,0,0
"파워링크",스파아일랜드,02. 스파아일랜드 P,행신찜질방,PC,9,0,0,0,1,0,0,0,0
"파워링크",스파아일랜드,02. 스파아일랜드 P,호수사우나,PC,4,0,0,0,2,0,0,0,0
"파워링크",스파아일랜드,02. 스파아일랜드 P,화정사우나,PC,33,0,0,0,1.1,0,0,0,0
"파워링크",스파아일랜드,02. 스파아일랜드 P,화정찜질방,PC,3,0,0,0,1,0,0,0,0
"파워링크",스파아일랜드,02. 스파아일랜드 P,흔한남매찜질방,PC,1,1,77,77,1,0,0,0,0
"파워링크",스파아일랜드,"00. 브랜드명 ",-,PC,161,7,77,539,1.7,0,0,0,0
"파워링크",스파아일랜드,"00. 브랜드명 ",-,모바일,"2,906",67,86,"5,753",2.1,0,0,0,0
"파워링크",스파아일랜드,"00. 브랜드명 ",고양스파아일랜드,PC,4,0,0,0,1,0,0,0,0
"파워링크",스파아일랜드,"00. 브랜드명 ",고양스파아일랜드,모바일,11,0,0,0,1,0,0,0,0
"파워링크",스파아일랜드,"00. 브랜드명 ",스파아이랜드,모바일,"1,947",16,75,"1,199",2.7,0,0,0,0
"파워링크",스파아일랜드,"00. 브랜드명 ",스파아일랜드,PC,17,0,0,0,1.8,0,0,0,0
"파워링크",스파아일랜드,"00. 브랜드명 ",스파아일랜드,모바일,166,0,0,0,2,0,0,0,0
"파워링크",스파아일랜드,"00. 브랜드명 ",일산스파아일랜드,PC,2,0,0,0,1,0,0,0,0
"파워링크",스파아일랜드,"00. 브랜드명 ",일산스파아일랜드,모바일,40,0,0,0,1,0,0,0,0
"파워링크",스파아일랜드,"00. 브랜드명 ",일산찜질방스파아일랜드,모바일,2,0,0,0,1,0,0,0,0
"파워링크",스파아일랜드,"00. 브랜드명 ",주엽동스파아일랜드,모바일,13,0,0,0,1,0,0,0,0
"파워링크",스파아일랜드,03. 지역+메인키워드,-,PC,19,1,77,77,1.6,0,0,0,0
"파워링크",스파아일랜드,03. 지역+메인키워드,-,모바일,328,12,94,"1,122",1.4,0,0,0,0
"파워링크",스파아일랜드,03. 지역+메인키워드,고양24시간찜질방,PC,1,1,528,528,1,0,0,0,0
"파워링크",스파아일랜드,03. 지역+메인키워드,고양24시간찜질방,모바일,"1,053",10,"1,037","10,373",1.1,0,0,0,0
"파워링크",스파아일랜드,03. 지역+메인키워드,고양24시찜질방,PC,13,1,341,341,1,0,0,0,0
"파워링크",스파아일랜드,03. 지역+메인키워드,고양24시찜질방,모바일,60,2,440,880,1,0,0,0,0
"파워링크",스파아일랜드,03. 지역+메인키워드,고양사우나,PC,40,0,0,0,1.4,0,0,0,0
"파워링크",스파아일랜드,03. 지역+메인키워드,고양사우나,모바일,996,11,506,"5,566",1.1,0,0,0,0
"파워링크",스파아일랜드,03. 지역+메인키워드,고양시사우나,PC,6,0,0,0,1,0,0,0,0
"파워링크",스파아일랜드,03. 지역+메인키워드,고양시사우나,모바일,43,0,0,0,1,0,0,0,0
"파워링크",스파아일랜드,03. 지역+메인키워드,고양찜질방,PC,289,1,121,121,1.2,0,0,0,0
"파워링크",스파아일랜드,03. 지역+메인키워드,고양찜질방,모바일,"1,740",19,437,"8,294",1.1,0,0,0,0
"파워링크",스파아일랜드,03. 지역+메인키워드,일산24시간찜질방,PC,4,0,0,0,1,0,0,0,0
"파워링크",스파아일랜드,03. 지역+메인키워드,일산24시간찜질방,모바일,11,2,314,627,1,0,0,0,0
"파워링크",스파아일랜드,03. 지역+메인키워드,일산24시사우나,PC,3,0,0,0,1,0,0,0,0
"파워링크",스파아일랜드,03. 지역+메인키워드,일산24시사우나,모바일,2,0,0,0,1,0,0,0,0
"파워링크",스파아일랜드,03. 지역+메인키워드,일산24시찜질방,PC,19,0,0,0,1,0,0,0,0
"파워링크",스파아일랜드,03. 지역+메인키워드,일산24시찜질방,모바일,136,10,512,"5,115",1,0,0,0,0
"파워링크",스파아일랜드,03. 지역+메인키워드,일산고양사우나,모바일,1,0,0,0,1,0,0,0,0
"파워링크",스파아일랜드,03. 지역+메인키워드,일산고양찜질방,모바일,8,1,660,660,1,0,0,0,0
"파워링크",스파아일랜드,03. 지역+메인키워드,일산사우나,PC,220,16,508,"8,129",1,0,0,0,0
"파워링크",스파아일랜드,03. 지역+메인키워드,일산사우나,모바일,"1,496",69,685,"47,278",1,0,0,0,0
"파워링크",스파아일랜드,03. 지역+메인키워드,일산사우나추천,PC,4,0,0,0,1.5,0,0,0,0
"파워링크",스파아일랜드,03. 지역+메인키워드,일산사우나추천,모바일,94,1,165,165,1,0,0,0,0
"파워링크",스파아일랜드,03. 지역+메인키워드,일산찜질방,PC,566,2,72,143,1,0,0,0,0
"파워링크",스파아일랜드,03. 지역+메인키워드,일산찜질방,모바일,"3,267",53,583,"30,888",1,0,0,0,0
"파워링크",스파아일랜드,03. 지역+메인키워드,일산찜질방추천,PC,47,3,502,"1,507",1.1,0,0,0,0
"파워링크",스파아일랜드,03. 지역+메인키워드,일산찜질방추천,모바일,446,52,514,"26,708",1,0,0,0,0
"파워링크",스파아일랜드,03. 지역+메인키워드,일산키즈사우나,모바일,4,1,583,583,1,0,0,0,0
"파워링크",스파아일랜드,03. 지역+메인키워드,일산키즈찜질방,PC,4,0,0,0,1,0,0,0,0
"파워링크",스파아일랜드,03. 지역+메인키워드,일산키즈찜질방,모바일,76,1,77,77,1,0,0,0,0
"파워링크",스파아일랜드,03. 지역+메인키워드,일산킨텍스사우나추천,모바일,227,1,77,77,2.6,0,0,0,0
"파워링크",스파아일랜드,03. 지역+메인키워드,일산킨텍스찜질방,PC,13,0,0,0,1,0,0,0,0
"파워링크",스파아일랜드,03. 지역+메인키워드,일산킨텍스찜질방,모바일,47,0,0,0,1,0,0,0,0
"파워링크",스파아일랜드,03. 지역+메인키워드,일산파주사우나추천,모바일,"3,313",32,542,"17,336",1.1,0,0,0,0
"파워링크",스파아일랜드,03. 지역+메인키워드,일산파주찜질방추천,PC,1,0,0,0,1,0,0,0,0
"파워링크",스파아일랜드,03. 지역+메인키워드,일산파주찜질방추천,모바일,3,0,0,0,1,0,0,0,0
"파워링크",스파아일랜드,03. 지역+메인키워드,주엽동사우나,PC,1,0,0,0,1,0,0,0,0
"파워링크",스파아일랜드,03. 지역+메인키워드,주엽동사우나,모바일,872,6,389,"2,332",1.3,0,0,0,0
"파워링크",스파아일랜드,03. 지역+메인키워드,주엽동찜질방,PC,1,0,0,0,1,0,0,0,0
"파워링크",스파아일랜드,03. 지역+메인키워드,주엽동찜질방,모바일,27,0,0,0,1,0,0,0,0
"파워링크",스파아일랜드,03. 지역+메인키워드,파주24시간찜질방,PC,1,0,0,0,1,0,0,0,0
"파워링크",스파아일랜드,03. 지역+메인키워드,파주24시간찜질방,모바일,8,0,0,0,1,0,0,0,0
"파워링크",스파아일랜드,03. 지역+메인키워드,파주24시찜질방,PC,2,0,0,0,1,0,0,0,0
"파워링크",스파아일랜드,03. 지역+메인키워드,파주24시찜질방,모바일,61,0,0,0,1,0,0,0,0
"파워링크",스파아일랜드,03. 지역+메인키워드,파주사우나,PC,84,4,"1,449","5,797",1.1,0,0,0,0
"파워링크",스파아일랜드,03. 지역+메인키워드,파주사우나,모바일,645,25,"1,146","28,655",1,0,0,0,0
"파워링크",스파아일랜드,03. 지역+메인키워드,파주사우나추천,PC,7,0,0,0,1,0,0,0,0
"파워링크",스파아일랜드,03. 지역+메인키워드,파주사우나추천,모바일,29,0,0,0,1,0,0,0,0
"파워링크",스파아일랜드,03. 지역+메인키워드,파주이색찜질방,PC,1,0,0,0,1,0,0,0,0
"파워링크",스파아일랜드,03. 지역+메인키워드,파주이색찜질방,모바일,4,1,77,77,1,0,0,0,0
"파워링크",스파아일랜드,03. 지역+메인키워드,파주찜질방,PC,372,7,338,"2,365",1.2,0,0,0,0
"파워링크",스파아일랜드,03. 지역+메인키워드,파주찜질방,모바일,"2,581",56,585,"32,769",1,0,0,0,0
"파워링크",스파아일랜드,03. 지역+메인키워드,파주찜질방추천,PC,35,6,167,"1,001",1,0,0,0,0
"파워링크",스파아일랜드,03. 지역+메인키워드,파주찜질방추천,모바일,323,29,363,"10,538",1,0,0,0,0
"파워링크",스파아일랜드,03. 지역+메인키워드,파주키즈사우나,모바일,2,0,0,0,1,0,0,0,0
"파워링크",스파아일랜드,03. 지역+메인키워드,파주키즈찜질방,PC,6,1,77,77,1,0,0,0,0
"파워링크",스파아일랜드,03. 지역+메인키워드,파주키즈찜질방,모바일,30,1,330,330,1,0,0,0,0
"플레이스",[플레이스] 01,스파아일랜드,-,PC,"2,519",282,173,"48,752",1.1,0,0,0,0
"플레이스",[플레이스] 01,스파아일랜드,-,모바일,"15,102","2,473",187,"461,252",1.1,0,0,0,0
"플레이스",[플레이스] 02,스파아일랜드,-,PC,"2,498",289,164,"47,443",1.1,0,0,0,0
"플레이스",[플레이스] 02,스파아일랜드,-,모바일,"15,400","2,478",184,"455,906",1.1,0,0,0,0
