"파워링크보고서(2025.06.01.~2025.06.30.),showgolf_planning:naver"
"캠페인유형",캠페인,광고그룹,키워드,PC/모바일 매체,노출수,클릭수,"평균클릭비용(VAT포함,원)","총비용(VAT포함,원)",평균노출순위,방문당 평균페이지뷰,방문당 평균체류시간(초),전환수,전환매출액(원)
"파워링크",쇼골프,쇼골프_연습장,가양골프연습장,PC,6,0,0,0,2.8,0,0,0,0
"파워링크",쇼골프,쇼골프_연습장,가양골프연습장,모바일,17,0,0,0,2.8,0,0,0,0
"파워링크",쇼골프,쇼골프_연습장,강서구골프연습장,PC,26,0,0,0,6.9,0,0,0,0
"파워링크",쇼골프,쇼골프_연습장,강서구골프연습장,모바일,38,1,550,550,3.1,0,0,0,0
"파워링크",쇼골프,쇼골프_연습장,골프레슨,PC,438,0,0,0,6.1,0,0,0,0
"파워링크",쇼골프,쇼골프_연습장,골프레슨,모바일,"1,146",5,"2,647","13,233",3.5,0,0,0,0
"파워링크",쇼골프,쇼골프_연습장,골프스윙연습기,PC,78,0,0,0,9.2,0,0,0,0
"파워링크",쇼골프,쇼골프_연습장,골프스윙연습기,모바일,745,2,"1,920","3,839",2.3,0,0,0,0
"파워링크",쇼골프,쇼골프_연습장,골프연습,PC,296,0,0,0,11.5,0,0,0,0
"파워링크",쇼골프,쇼골프_연습장,골프연습,모바일,114,0,0,0,2.5,0,0,0,0
"파워링크",쇼골프,쇼골프_연습장,골프연습장,PC,"1,629",7,"2,057","14,399",20.4,0,0,0,0
"파워링크",쇼골프,쇼골프_연습장,골프연습장,모바일,"8,865",92,"1,809","166,463",2,0,0,0,0
"파워링크",쇼골프,쇼골프_연습장,골프장,PC,"1,102",2,"2,360","4,719",2.7,0,0,0,0
"파워링크",쇼골프,쇼골프_연습장,골프장,모바일,918,2,"1,458","2,915",1,0,0,0,0
"파워링크",쇼골프,쇼골프_연습장,도봉골프연습장,PC,28,0,0,0,6.5,0,0,0,0
"파워링크",쇼골프,쇼골프_연습장,마곡골프연습,PC,1,0,0,0,4,0,0,0,0
"파워링크",쇼골프,쇼골프_연습장,마곡골프연습장,PC,94,0,0,0,6.5,0,0,0,0
"파워링크",쇼골프,쇼골프_연습장,마곡골프연습장,모바일,45,0,0,0,3.2,0,0,0,0
"파워링크",쇼골프,쇼골프_연습장,쇼골프,PC,958,3,77,231,1.4,0,0,0,0
"파워링크",쇼골프,쇼골프_연습장,쇼골프,모바일,"2,622",0,0,0,1.3,0,0,0,0
"파워링크",쇼골프,쇼골프_연습장,스크린골프,PC,"1,346",1,"4,059","4,059",25.7,0,0,0,0
"파워링크",쇼골프,쇼골프_연습장,스크린골프,모바일,"13,276",19,"3,994","75,889",2.8,0,0,0,0
"파워링크",쇼골프,쇼골프_연습장,스크린골프장,PC,190,0,0,0,3.1,0,0,0,0
"파워링크",쇼골프,쇼골프_연습장,스크린골프장,모바일,"1,494",2,"2,651","5,302",2.7,0,0,0,0
"파워링크",쇼골프,쇼골프_연습장,실외골프연습장,PC,398,4,495,"1,980",3.8,0,0,0,0
"파워링크",쇼골프,쇼골프_연습장,실외골프연습장,모바일,"1,343",11,446,"4,906",3.1,0,0,0,0
"파워링크",쇼골프,쇼골프_연습장,야외스크린,PC,58,0,0,0,5.2,0,0,0,0
"파워링크",쇼골프,쇼골프_연습장,야외스크린,모바일,8,0,0,0,3.6,0,0,0,0
"파워링크",쇼골프,쇼골프_연습장,야외스크린골프,PC,3,0,0,0,4,0,0,0,0
"파워링크",쇼골프,쇼골프_연습장,야외스크린골프장,PC,5,0,0,0,2.6,0,0,0,0
"파워링크",쇼골프,쇼골프_연습장,연습장,PC,49,0,0,0,6.1,0,0,0,0
"파워링크",쇼골프,쇼골프_연습장,연습장,모바일,330,0,0,0,2.3,0,0,0,0
"파워링크",쇼골프,쇼골프_창업,골프연습장창업,PC,9,0,0,0,8.1,0,0,0,0
"파워링크",쇼골프,쇼골프_창업,골프연습장창업비용,PC,23,0,0,0,6.6,0,0,0,0
"파워링크",쇼골프,쇼골프_창업,골프연습장창업비용,모바일,18,1,"3,025","3,025",2.7,0,0,0,0
"파워링크",쇼골프,쇼골프_창업,골프장창업,PC,3,0,0,0,5,0,0,0,0
"파워링크",쇼골프,쇼골프_창업,골프장창업,모바일,2,0,0,0,2,0,0,0,0
"파워링크",쇼골프,쇼골프_창업,골프창업,PC,1,0,0,0,3,0,0,0,0
"파워링크",쇼골프,쇼골프_창업,스크린골프창업,PC,10,1,"4,334","4,334",15.3,0,0,0,0
"파워링크",쇼골프,쇼골프_창업,스크린골프창업,모바일,24,0,0,0,11.4,0,0,0,0
"파워링크",쇼골프,쇼골프_창업,실내골프연습장창업,PC,18,1,"3,168","3,168",6.9,0,0,0,0
"파워링크",쇼골프,쇼골프_창업,실내골프연습장창업,모바일,7,0,0,0,6.4,0,0,0,0
"파워링크",쇼골프,쇼골프_창업,실외골프연습장,PC,321,0,0,0,6.8,0,0,0,0
"파워링크",쇼골프,쇼골프_창업,실외골프연습장,모바일,590,1,528,528,3.5,0,0,0,0
"파워링크",쇼골프,쇼골프_창업,실외골프연습장창업,PC,1,0,0,0,4,0,0,0,0
"파워링크",쇼골프,쇼골프_창업,인도어골프연습장,PC,969,1,341,341,6.2,0,0,0,0
"파워링크",쇼골프,쇼골프_창업,인도어골프연습장,모바일,802,0,0,0,4.2,0,0,0,0
"파워링크",쇼골프,쇼골프_창업,인도어골프연습장창업,PC,1,0,0,0,4,0,0,0,0
"파워링크",쇼골프,쇼골프_창업,인도어연습장,PC,528,0,0,0,4.6,0,0,0,0
"파워링크",쇼골프,쇼골프_창업,인도어연습장,모바일,431,0,0,0,4,0,0,0,0
"파워링크",XGOLF,XGOLF_예약서비스,-,PC,354,16,252,"4,026",1.8,5.95,147.76,1,0
"파워링크",XGOLF,XGOLF_예약서비스,-,모바일,"1,274",34,260,"8,855",1.5,2.26,40.49,2,0
"파워링크",XGOLF,XGOLF_예약서비스,2인골프장,PC,54,7,72,506,8.7,3.43,276.57,0,0
"파워링크",XGOLF,XGOLF_예약서비스,2인골프장,모바일,1,0,0,0,17,0,0,0,0
"파워링크",XGOLF,XGOLF_예약서비스,2인라운딩,PC,99,6,328,"1,969",1.1,6.17,432,1,0
"파워링크",XGOLF,XGOLF_예약서비스,2인라운딩,모바일,271,33,248,"8,184",1.2,2.09,27.87,0,0
"파워링크",XGOLF,XGOLF_예약서비스,경기도2인라운딩,모바일,6,0,0,0,1,0,0,0,0
"파워링크",XGOLF,XGOLF_예약서비스,경기도골프장예약,PC,1,0,0,0,1,0,0,0,0
"파워링크",XGOLF,XGOLF_예약서비스,경기도골프장예약,모바일,1,0,0,0,1,0,0,0,0
"파워링크",XGOLF,XGOLF_예약서비스,경기도야간라운딩,PC,1,0,0,0,1,0,0,0,0
"파워링크",XGOLF,XGOLF_예약서비스,경기도야간라운딩,모바일,3,0,0,0,1,0,0,0,0
"파워링크",XGOLF,XGOLF_예약서비스,경기야간라운딩,PC,1,0,0,0,1,0,0,0,0
"파워링크",XGOLF,XGOLF_예약서비스,경상골프예약,PC,1,0,0,0,1,0,0,0,0
"파워링크",XGOLF,XGOLF_예약서비스,골프,PC,"1,747",4,"1,128","4,510",8.2,2.57,42,0,0
"파워링크",XGOLF,XGOLF_예약서비스,골프,모바일,"7,275",36,"1,060","38,170",1.8,1.13,4.75,0,0
"파워링크",XGOLF,XGOLF_예약서비스,골프부킹,PC,"1,456",371,719,"266,607",1.3,7.56,323.3,22,0
"파워링크",XGOLF,XGOLF_예약서비스,골프부킹,모바일,773,117,"1,018","119,086",1.5,3.63,68.76,0,0
"파워링크",XGOLF,XGOLF_예약서비스,골프부킹앱,PC,181,33,493,"16,269",1.8,7.95,322.49,2,0
"파워링크",XGOLF,XGOLF_예약서비스,골프부킹앱,모바일,"1,146",163,545,"88,825",1,1.7,29.07,0,0
"파워링크",XGOLF,XGOLF_예약서비스,골프예약,PC,"1,654",302,791,"238,832",1.3,7.21,300.31,8,0
"파워링크",XGOLF,XGOLF_예약서비스,골프예약,모바일,343,43,933,"40,106",2.2,5.65,87.97,1,0
"파워링크",XGOLF,XGOLF_예약서비스,골프예약사이트,PC,603,111,388,"43,021",1.9,7.75,351.37,8,0
"파워링크",XGOLF,XGOLF_예약서비스,골프예약사이트,모바일,"1,355",272,361,"98,065",1.4,2.03,37.18,1,0
"파워링크",XGOLF,XGOLF_예약서비스,골프예약앱,PC,9,0,0,0,2.6,0,0,0,0
"파워링크",XGOLF,XGOLF_예약서비스,골프예약양도,모바일,1,0,0,0,4,0,0,0,0
"파워링크",XGOLF,XGOLF_예약서비스,골프예약어플,PC,171,8,267,"2,134",1.5,3.13,80.63,0,0
"파워링크",XGOLF,XGOLF_예약서비스,골프예약어플,모바일,479,30,279,"8,382",3.3,1,0,0,0
"파워링크",XGOLF,XGOLF_예약서비스,골프예약어플추천,모바일,2,0,0,0,1,0,0,0,0
"파워링크",XGOLF,XGOLF_예약서비스,골프장부킹,PC,259,40,727,"29,073",1.7,6.11,218.89,0,0
"파워링크",XGOLF,XGOLF_예약서비스,골프장부킹,모바일,240,44,719,"31,647",1.7,3.57,165.28,0,0
"파워링크",XGOLF,XGOLF_예약서비스,골프장예약,PC,"1,392",187,701,"131,043",2.4,7.44,333.07,11,0
"파워링크",XGOLF,XGOLF_예약서비스,골프장예약,모바일,"1,348",83,812,"67,408",3.1,2.93,46.65,0,0
"파워링크",XGOLF,XGOLF_예약서비스,골프장예약사이트,PC,167,47,378,"17,787",1.3,5.1,220.58,2,0
"파워링크",XGOLF,XGOLF_예약서비스,골프장예약사이트,모바일,212,41,246,"10,076",1.6,3.05,70.46,0,0
"파워링크",XGOLF,XGOLF_예약서비스,골프장후기,PC,8,1,693,693,1.3,5,108,0,0
"파워링크",XGOLF,XGOLF_예약서비스,골프장후기,모바일,1,0,0,0,1,0,0,0,0
"파워링크",XGOLF,XGOLF_예약서비스,골프조인,PC,"1,685",221,554,"122,518",2.2,5.08,148.56,15,0
"파워링크",XGOLF,XGOLF_예약서비스,골프조인,모바일,"2,435",250,615,"153,747",1.9,2.42,39.41,1,0
"파워링크",XGOLF,XGOLF_예약서비스,골프조인사이트,PC,87,18,237,"4,268",1.9,3.32,90.21,0,0
"파워링크",XGOLF,XGOLF_예약서비스,골프조인사이트,모바일,172,25,392,"9,790",2.8,1.45,12.75,0,0
"파워링크",XGOLF,XGOLF_예약서비스,골프조인앱,PC,75,7,292,"2,046",3.2,3.71,68.71,0,0
"파워링크",XGOLF,XGOLF_예약서비스,골프조인앱,모바일,139,11,247,"2,717",3,2.45,40.64,0,0
"파워링크",XGOLF,XGOLF_예약서비스,골프조인어플,PC,192,20,140,"2,805",1.5,4.5,82.95,4,0
"파워링크",XGOLF,XGOLF_예약서비스,골프조인어플,모바일,302,24,86,"2,068",3.8,1.94,25.38,2,0
"파워링크",XGOLF,XGOLF_예약서비스,골프후기,모바일,1,0,0,0,1,0,0,0,0
"파워링크",XGOLF,XGOLF_예약서비스,수도권2인라운딩,PC,7,0,0,0,1,0,0,0,0
"파워링크",XGOLF,XGOLF_예약서비스,수도권2인라운딩,모바일,2,0,0,0,1,0,0,0,0
"파워링크",XGOLF,XGOLF_예약서비스,수도권야간라운딩,PC,2,0,0,0,1,0,0,0,0
"파워링크",XGOLF,XGOLF_예약서비스,수도권야간라운딩,모바일,1,0,0,0,1,0,0,0,0
"파워링크",XGOLF,XGOLF_예약서비스,썬힐,PC,6,0,0,0,2,0,0,0,0
"파워링크",XGOLF,XGOLF_예약서비스,야간라운딩,PC,231,19,155,"2,937",1.3,3.36,92.91,0,0
"파워링크",XGOLF,XGOLF_예약서비스,야간라운딩,모바일,738,36,343,"12,353",2.1,1.88,35.31,0,0
"파워링크",XGOLF,XGOLF_예약서비스,전라도2인라운딩,PC,1,0,0,0,1,0,0,0,0
"파워링크",XGOLF,XGOLF_예약서비스,전라도2인라운딩,모바일,2,0,0,0,2.5,0,0,0,0
"파워링크",XGOLF,XGOLF_예약서비스,제주2인라운딩,PC,21,0,0,0,4.3,0,0,0,0
"파워링크",XGOLF,XGOLF_예약서비스,제주2인라운딩,모바일,33,1,132,132,2.5,1.5,8.5,0,0
"파워링크",XGOLF,XGOLF_예약서비스,제주골프부킹,PC,23,0,0,0,7.1,0,0,0,0
"파워링크",XGOLF,XGOLF_예약서비스,제주골프부킹,모바일,15,1,638,638,5.5,1,0,0,0
"파워링크",XGOLF,XGOLF_예약서비스,제주골프예약,PC,31,0,0,0,6.2,0,0,0,0
"파워링크",XGOLF,XGOLF_예약서비스,제주골프예약,모바일,3,0,0,0,20.3,0,0,0,0
"파워링크",XGOLF,XGOLF_예약서비스,제주골프장부킹,PC,1,0,0,0,3,0,0,0,0
"파워링크",XGOLF,XGOLF_예약서비스,제주골프장부킹,모바일,2,0,0,0,11.5,0,0,0,0
"파워링크",XGOLF,XGOLF_예약서비스,제주골프장예약,PC,19,2,407,814,6.3,3,692,0,0
"파워링크",XGOLF,XGOLF_예약서비스,제주골프장예약,모바일,4,0,0,0,9.5,0,0,0,0
"파워링크",XGOLF,XGOLF_예약서비스,제주도2인라운딩,PC,11,0,0,0,4.3,0,0,0,0
"파워링크",XGOLF,XGOLF_예약서비스,제주도2인라운딩,모바일,15,0,0,0,3.8,0,0,0,0
"파워링크",XGOLF,XGOLF_예약서비스,제주도골프부킹,PC,30,0,0,0,5.6,0,0,0,0
"파워링크",XGOLF,XGOLF_예약서비스,제주도골프부킹,모바일,25,3,495,"1,485",4.8,8.67,654,1,0
"파워링크",XGOLF,XGOLF_예약서비스,제주도골프예약,PC,66,1,649,649,7.7,1,0,0,0
"파워링크",XGOLF,XGOLF_예약서비스,제주도골프예약,모바일,8,0,0,0,7.3,0,0,0,0
"파워링크",XGOLF,XGOLF_예약서비스,제주도골프장부킹,PC,7,0,0,0,5,0,0,0,0
"파워링크",XGOLF,XGOLF_예약서비스,제주도골프장부킹,모바일,6,1,594,594,2.8,1,0,0,0
"파워링크",XGOLF,XGOLF_예약서비스,제주도골프장예약,PC,16,1,220,220,8,3,62.5,0,0
"파워링크",XGOLF,XGOLF_예약서비스,제주도골프장예약,모바일,2,0,0,0,4,0,0,0,0
"파워링크",XGOLF,XGOLF_예약서비스,제주야간라운딩,PC,2,0,0,0,1,0,0,0,0
"파워링크",XGOLF,XGOLF_예약서비스,제주야간라운딩,모바일,1,0,0,0,1,0,0,0,0
"파워링크",XGOLF,XGOLF_예약서비스,조인골프,PC,116,14,519,"7,260",2,3.47,130.2,0,0
"파워링크",XGOLF,XGOLF_예약서비스,조인골프,모바일,227,13,455,"5,918",3.3,1.56,15.75,0,0
"파워링크",XGOLF,XGOLF_예약서비스,충청2인라운딩,PC,1,0,0,0,1,0,0,0,0
"파워링크",XGOLF,XGOLF_예약서비스,충청골프장부킹,PC,1,0,0,0,1,0,0,0,0
"파워링크",XGOLF,XGOLF_예약서비스,충청골프장예약,PC,1,0,0,0,1,0,0,0,0
"파워링크",XGOLF,XGOLF_예약서비스,충청도2인라운딩,PC,1,0,0,0,5,0,0,0,0
"파워링크",XGOLF,XGOLF_예약서비스,충청도2인라운딩,모바일,1,0,0,0,1,0,0,0,0
"파워링크",XGOLF,XGOLF_예약서비스,충청도골프장예약,모바일,1,0,0,0,1,0,0,0,0
"파워링크",XGOLF,XGOLF_예약서비스,카스카디아,PC,"1,471",32,110,"3,509",1.9,2.66,115.38,0,0
"파워링크",XGOLF,XGOLF_예약서비스,카스카디아,모바일,"4,105",132,96,"12,650",3.4,1.16,3.3,0,0
"파워링크",XGOLF,XGOLF_골프투어,-,PC,59,4,385,"1,540",1.4,8.75,660.5,0,0
"파워링크",XGOLF,XGOLF_골프투어,1박2일골프,PC,431,87,637,"55,385",1.7,3.14,269.73,1,0
"파워링크",XGOLF,XGOLF_골프투어,1박2일골프,모바일,589,47,641,"30,129",2.4,1.69,139.48,0,0
"파워링크",XGOLF,XGOLF_골프투어,1박2일골프여행,PC,82,11,319,"3,509",2.8,2.08,62.58,1,0
"파워링크",XGOLF,XGOLF_골프투어,1박2일골프여행,모바일,150,18,370,"6,666",2.9,1,0,0,0
"파워링크",XGOLF,XGOLF_골프투어,1박2일골프투어,PC,26,5,546,"2,728",1,2,75,0,0
"파워링크",XGOLF,XGOLF_골프투어,1박2일골프투어,모바일,46,6,680,"4,081",1.7,1,0,0,0
"파워링크",XGOLF,XGOLF_골프투어,1박2일골프패키지,PC,837,134,786,"105,380",4,2.48,145.08,5,0
"파워링크",XGOLF,XGOLF_골프투어,1박2일골프패키지,모바일,"1,973",350,843,"294,932",1.8,1.67,34.04,0,0
"파워링크",XGOLF,XGOLF_골프투어,강원도1박2일골프,PC,212,50,451,"22,528",1.7,3.15,225.09,2,0
"파워링크",XGOLF,XGOLF_골프투어,강원도1박2일골프,모바일,446,37,451,"16,698",2.3,1.14,37.14,0,0
"파워링크",XGOLF,XGOLF_골프투어,경기도1박2일골프,PC,1,0,0,0,5,0,0,0,0
"파워링크",XGOLF,XGOLF_골프투어,경기도골프텔,PC,4,0,0,0,1,0,0,0,0
"파워링크",XGOLF,XGOLF_골프투어,경상도골프1박2일,PC,2,0,0,0,1,0,0,0,0
"파워링크",XGOLF,XGOLF_골프투어,경상도골프리조트,PC,1,0,0,0,1,0,0,0,0
"파워링크",XGOLF,XGOLF_골프투어,경상도골프투어,PC,3,1,165,165,2,1,0,0,0
"파워링크",XGOLF,XGOLF_골프투어,골프1박2일,PC,107,16,443,"7,084",3.3,2.63,120.63,1,0
"파워링크",XGOLF,XGOLF_골프투어,골프1박2일,모바일,207,30,503,"15,081",3,1,0,0,0
"파워링크",XGOLF,XGOLF_골프투어,골프리조트,PC,236,5,372,"1,859",3.3,2.17,80.5,0,0
"파워링크",XGOLF,XGOLF_골프투어,골프리조트,모바일,336,8,366,"2,926",3.9,1,0,0,0
"파워링크",XGOLF,XGOLF_골프투어,골프예약대행,PC,17,1,198,198,1,1,0,0,0
"파워링크",XGOLF,XGOLF_골프투어,골프예약대행,모바일,25,3,253,759,1,0,0,0,0
"파워링크",XGOLF,XGOLF_골프투어,골프텔,PC,373,25,442,"11,044",1.4,1.96,81.81,1,0
"파워링크",XGOLF,XGOLF_골프투어,골프텔,모바일,908,59,501,"29,546",2,1.25,121.31,0,0
"파워링크",XGOLF,XGOLF_골프투어,골프투어,PC,22,3,510,"1,529",17,1.4,0.8,0,0
"파워링크",XGOLF,XGOLF_골프투어,골프투어,모바일,25,4,517,"2,068",11.2,0,0,0,0
"파워링크",XGOLF,XGOLF_골프투어,국내골프여행,PC,294,25,498,"12,441",8.2,2.16,123.42,0,0
"파워링크",XGOLF,XGOLF_골프투어,국내골프여행,모바일,736,114,461,"52,580",3.1,1.34,55.98,0,0
"파워링크",XGOLF,XGOLF_골프투어,국내골프투어,PC,453,77,952,"73,293",2.9,2.63,123.22,1,0
"파워링크",XGOLF,XGOLF_골프투어,국내골프투어,모바일,952,174,926,"161,117",2.3,1.57,47.99,0,0
"파워링크",XGOLF,XGOLF_골프투어,국내골프패키지,PC,"1,054",107,461,"49,357",6.6,2.75,146.73,4,0
"파워링크",XGOLF,XGOLF_골프투어,국내골프패키지,모바일,"2,222",285,476,"135,762",3.3,1.61,33.03,1,0
"파워링크",XGOLF,XGOLF_골프투어,전라도1박2일골프,PC,37,5,475,"2,376",2,1.57,18.71,0,0
"파워링크",XGOLF,XGOLF_골프투어,전라도1박2일골프,모바일,124,19,517,"9,823",1,1,0,0,0
"파워링크",XGOLF,XGOLF_골프투어,전라도골프텔,PC,1,0,0,0,1,0,0,0,0
"파워링크",XGOLF,XGOLF_골프투어,전라도골프투어,PC,19,4,451,"1,804",2.3,2,59.75,0,0
"파워링크",XGOLF,XGOLF_골프투어,전라도골프투어,모바일,23,4,341,"1,364",2.5,0,0,0,0
"파워링크",XGOLF,XGOLF_골프투어,제주1박2일골프,PC,5,0,0,0,6.2,0,0,0,0
"파워링크",XGOLF,XGOLF_골프투어,제주1박2일골프,모바일,1,0,0,0,7,0,0,0,0
"파워링크",XGOLF,XGOLF_골프투어,제주1박2일골프패키지,PC,9,0,0,0,4.7,0,0,0,0
"파워링크",XGOLF,XGOLF_골프투어,제주1박2일골프패키지,모바일,7,1,517,517,5.1,0,0,0,0
"파워링크",XGOLF,XGOLF_골프투어,제주골프1박2일,PC,4,0,0,0,6,0,0,0,0
"파워링크",XGOLF,XGOLF_골프투어,제주골프1박2일,모바일,1,0,0,0,13,0,0,0,0
"파워링크",XGOLF,XGOLF_골프투어,제주골프리조트,PC,18,1,451,451,6.1,4,74,0,0
"파워링크",XGOLF,XGOLF_골프투어,제주골프리조트,모바일,6,0,0,0,4.5,0,0,0,0
"파워링크",XGOLF,XGOLF_골프투어,제주골프부킹,PC,104,1,517,517,5.3,1,0,0,0
"파워링크",XGOLF,XGOLF_골프투어,제주골프부킹,모바일,36,3,480,"1,441",5.2,0,0,0,0
"파워링크",XGOLF,XGOLF_골프투어,제주골프예약대행,PC,1,1,77,77,1,3,268,0,0
"파워링크",XGOLF,XGOLF_골프투어,제주골프텔,PC,53,0,0,0,6.6,1,0,0,0
"파워링크",XGOLF,XGOLF_골프투어,제주골프텔,모바일,22,0,0,0,4.1,0,0,0,0
"파워링크",XGOLF,XGOLF_골프투어,제주골프투어,PC,108,2,501,"1,001",7,5,893.5,0,0
"파워링크",XGOLF,XGOLF_골프투어,제주골프투어,모바일,75,6,539,"3,234",7.3,1.88,16.75,0,0
"파워링크",XGOLF,XGOLF_골프투어,충청1박2일골프,PC,1,0,0,0,1,0,0,0,0
"파워링크",XGOLF,XGOLF_골프투어,충청도1박2일골프,PC,33,6,409,"2,453",1.2,1.67,66,0,0
"파워링크",XGOLF,XGOLF_골프투어,충청도1박2일골프,모바일,44,1,385,385,2,1,0,0,0
"파워링크",XGOLF,XGOLF_골프투어,충청도1박2일골프투어,PC,1,0,0,0,1,0,0,0,0
"파워링크",XGOLF,XGOLF_골프투어,충청도골프1박2일,PC,3,0,0,0,1,0,0,0,0
"파워링크",XGOLF,XGOLF_골프투어,충청도골프텔,PC,1,0,0,0,2,0,0,0,0
"파워링크",XGOLF,XGOLF_신멤버스,골프예약대행,PC,86,0,0,0,2.6,0,0,0,0
"파워링크",XGOLF,XGOLF_신멤버스,골프예약대행,모바일,1,0,0,0,3,0,0,0,0
"파워링크",XGOLF,XGOLF_신멤버스,기업골프,PC,1,0,0,0,10,0,0,0,0
"파워링크",XGOLF,XGOLF_신멤버스,기업골프,모바일,1,0,0,0,3,0,0,0,0
"파워링크",XGOLF,XGOLF_신멤버스,비즈니스골프,PC,3,0,0,0,1,0,0,0,0
"파워링크",XGOLF,XGOLF_신멤버스,비즈니스골프,모바일,8,1,407,407,1.3,0,0,0,0
"파워링크",XGOLF,XGOLF_신멤버스,신멤버스,PC,9,1,77,77,1,1,0,0,0
"파워링크",XGOLF,XGOLF_신멤버스,신멤버스,모바일,19,3,77,231,1,0,0,0,0
"파워링크",XGOLF,XGOLF_모바일연습장,-,PC,71,0,0,0,2,0,0,0,0
"파워링크",XGOLF,XGOLF_모바일연습장,강릉리더스골프,PC,1,0,0,0,1,0,0,0,0
"파워링크",XGOLF,XGOLF_모바일연습장,강릉리더스골프,모바일,2,0,0,0,1.5,0,0,0,0
"파워링크",XGOLF,XGOLF_모바일연습장,골프연습장모바일예약,PC,1,0,0,0,1,0,0,0,0
"파워링크",XGOLF,XGOLF_모바일연습장,골프연습장예약,PC,1,0,0,0,3,0,0,0,0
"파워링크",XGOLF,XGOLF_모바일연습장,골프연습장예약,모바일,6,2,325,649,4.5,0,0,0,0
"파워링크",XGOLF,XGOLF_모바일연습장,골프연습장후기,모바일,1,0,0,0,1,0,0,0,0
"파워링크",XGOLF,XGOLF_모바일연습장,더레인지골프,PC,5,0,0,0,1.4,0,0,0,0
"파워링크",XGOLF,XGOLF_모바일연습장,더레인지골프,모바일,6,0,0,0,2,0,0,0,0
"파워링크",XGOLF,XGOLF_모바일연습장,리더스골프클럽,PC,1,0,0,0,1,0,0,0,0
"파워링크",XGOLF,XGOLF_모바일연습장,리더스골프클럽,모바일,124,0,0,0,1.4,0,0,0,0
"파워링크",XGOLF,XGOLF_모바일연습장,쇼골프가양점예약,PC,1,0,0,0,3,0,0,0,0
"파워링크",XGOLF,XGOLF_모바일연습장,쇼골프가양점예약,모바일,2,0,0,0,1,0,0,0,0
"파워링크",XGOLF,XGOLF_모바일연습장,쇼골프예약,PC,3,0,0,0,1,0,0,0,0
"파워링크",XGOLF,XGOLF_모바일연습장,쇼골프예약,모바일,1,0,0,0,1,0,0,0,0
"파워링크",XGOLF,XGOLF_모바일연습장,조광컨트리,PC,8,0,0,0,1,0,0,0,0
"파워링크",XGOLF,XGOLF_모바일연습장,조광컨트리,모바일,2,0,0,0,1,0,0,0,0
"파워링크",XGOLF,XGOLF_모바일연습장,조일프라자,PC,50,0,0,0,3.1,0,0,0,0
"파워링크",XGOLF,XGOLF_모바일연습장,조일프라자,모바일,114,0,0,0,1.6,0,0,0,0
"파워링크",XGOLF,XGOLF_모바일연습장,조일프라자골프,PC,9,0,0,0,1.7,0,0,0,0
"파워링크",XGOLF,XGOLF_모바일연습장,조일프라자골프,모바일,5,0,0,0,1,0,0,0,0
"파워링크",XGOLF,XGOLF_모바일연습장,조일프라자골프클럽,PC,134,0,0,0,1.9,0,0,0,0
"파워링크",XGOLF,XGOLF_모바일연습장,조일프라자골프클럽,모바일,129,0,0,0,3.9,0,0,0,0
"파워링크",XGOLF,XGOLF_일본골프장,-,PC,109,2,605,"1,210",1.5,4,80,0,0
"파워링크",XGOLF,XGOLF_일본골프장,-,모바일,186,3,304,913,1.7,1,0,0,0
"파워링크",XGOLF,XGOLF_일본골프장,교토골프장예약,모바일,2,1,77,77,1,1,0,0,0
"파워링크",XGOLF,XGOLF_일본골프장,도쿄골프부킹,모바일,1,0,0,0,2,0,0,0,0
"파워링크",XGOLF,XGOLF_일본골프장,도쿄골프장부킹,모바일,2,0,0,0,2,0,0,0,0
"파워링크",XGOLF,XGOLF_일본골프장,도쿄골프장예약,모바일,2,0,0,0,1,0,0,0,0
"파워링크",XGOLF,XGOLF_일본골프장,북해도2인골프,PC,2,0,0,0,4.5,0,0,0,0
"파워링크",XGOLF,XGOLF_일본골프장,북해도2인골프,모바일,9,0,0,0,1.7,0,0,0,0
"파워링크",XGOLF,XGOLF_일본골프장,북해도골프부킹,PC,61,2,72,143,3.2,6.5,597,0,0
"파워링크",XGOLF,XGOLF_일본골프장,북해도골프부킹,모바일,5,0,0,0,1.6,0,0,0,0
"파워링크",XGOLF,XGOLF_일본골프장,북해도골프예약,PC,35,2,"1,287","2,574",4.7,2,8.5,0,0
"파워링크",XGOLF,XGOLF_일본골프장,북해도골프예약,모바일,26,5,"1,269","6,347",1.8,1.2,3.2,0,0
"파워링크",XGOLF,XGOLF_일본골프장,시즈오카골프장예약,PC,7,0,0,0,2,0,0,0,0
"파워링크",XGOLF,XGOLF_일본골프장,시즈오카골프장예약,모바일,36,1,77,77,1.7,1,0,0,0
"파워링크",XGOLF,XGOLF_일본골프장,아오모리골프부킹,PC,1,0,0,0,1,0,0,0,0
"파워링크",XGOLF,XGOLF_일본골프장,오사카골프장부킹,PC,3,0,0,0,4.7,0,0,0,0
"파워링크",XGOLF,XGOLF_일본골프장,오사카골프장예약,PC,6,3,598,"1,793",4.5,3.67,122.67,0,0
"파워링크",XGOLF,XGOLF_일본골프장,오사카골프장예약,모바일,1,0,0,0,4,0,0,0,0
"파워링크",XGOLF,XGOLF_일본골프장,오키나와골프부킹,PC,13,0,0,0,2.2,0,0,0,0
"파워링크",XGOLF,XGOLF_일본골프장,오키나와골프장예약,PC,1,0,0,0,3,0,0,0,0
"파워링크",XGOLF,XGOLF_일본골프장,일본골프부킹,PC,58,5,807,"4,037",3.9,5.33,407.5,1,0
"파워링크",XGOLF,XGOLF_일본골프장,일본골프부킹,모바일,10,1,"1,056","1,056",6.3,1,0,0,0
"파워링크",XGOLF,XGOLF_일본골프장,일본골프사이트,PC,1,0,0,0,6,0,0,0,0
"파워링크",XGOLF,XGOLF_일본골프장,일본골프사이트,모바일,2,0,0,0,2.5,0,0,0,0
"파워링크",XGOLF,XGOLF_일본골프장,일본골프예약,PC,598,31,864,"26,785",3.1,5.16,153.03,2,0
"파워링크",XGOLF,XGOLF_일본골프장,일본골프예약,모바일,491,46,916,"42,130",2.5,2.09,82.71,1,0
"파워링크",XGOLF,XGOLF_일본골프장,일본골프예약사이트,PC,59,0,0,0,4,0,0,0,0
"파워링크",XGOLF,XGOLF_일본골프장,일본골프예약사이트,모바일,43,0,0,0,2.8,0,0,0,0
"파워링크",XGOLF,XGOLF_일본골프장,일본골프장,PC,234,8,732,"5,852",4,3.13,68.13,0,0
"파워링크",XGOLF,XGOLF_일본골프장,일본골프장,모바일,843,13,838,"10,890",2,2.26,83.53,0,0
"파워링크",XGOLF,XGOLF_일본골프장,일본골프장부킹,PC,31,8,395,"3,157",4.6,2.63,81.75,0,0
"파워링크",XGOLF,XGOLF_일본골프장,일본골프장부킹,모바일,26,7,385,"2,695",2.8,1.56,8.78,0,0
"파워링크",XGOLF,XGOLF_일본골프장,일본골프장예약,PC,181,23,902,"20,735",3.7,6.13,227.96,3,0
"파워링크",XGOLF,XGOLF_일본골프장,일본골프장예약,모바일,70,9,990,"8,910",4.8,1.42,6,1,0
"파워링크",XGOLF,XGOLF_일본골프장,일본라운딩,PC,17,0,0,0,3.9,0,0,0,0
"파워링크",XGOLF,XGOLF_일본골프장,일본라운딩,모바일,32,0,0,0,2.8,0,0,0,0
"파워링크",XGOLF,XGOLF_일본골프장,홋카이도골프장부킹,모바일,2,0,0,0,2,0,0,0,0
"파워링크",XGOLF,XGOLF_일본골프장,홋카이도골프장예약,PC,1,0,0,0,7,0,0,0,0
"파워링크",XGOLF,XGOLF_일본골프장,후쿠오카골프부킹,PC,8,1,"1,386","1,386",3,5,105,0,0
"파워링크",XGOLF,XGOLF_일본골프장,후쿠오카골프부킹,모바일,11,3,"1,034","3,102",2,3.33,144.67,0,0
"파워링크",XGOLF,XGOLF_일본골프장,후쿠오카골프장부킹,PC,2,0,0,0,7,0,0,0,0
"파워링크",XGOLF,XGOLF_일본골프장,후쿠오카골프장부킹,모바일,7,1,330,330,2,1,0,0,0
"파워링크",XGOLF,XGOLF_일본골프장,후쿠오카골프장예약,PC,66,9,979,"8,811",4.9,5.78,324,1,0
"파워링크",XGOLF,XGOLF_일본골프장,후쿠오카골프장예약,모바일,122,12,955,"11,462",2.8,1.93,171.07,0,0
"파워링크",XGOLF,XGOLF_쇼골프플레이,-,PC,113,7,77,539,2.4,8.13,"1,103.38",1,0
"파워링크",XGOLF,XGOLF_쇼골프플레이,-,모바일,452,23,77,"1,771",1.8,1.26,10.97,0,0
"파워링크",XGOLF,XGOLF_쇼골프플레이,골프구독서비스,PC,1,0,0,0,1,0,0,0,0
"파워링크",XGOLF,XGOLF_쇼골프플레이,골프멤버십,PC,10,1,77,77,19.2,2,14,0,0
"파워링크",XGOLF,XGOLF_쇼골프플레이,골프멤버십,모바일,1,0,0,0,20,0,0,0,0
"파워링크",XGOLF,XGOLF_쇼골프플레이,쇼골프플레이,PC,8,2,77,154,2,11.5,307,0,0
"파워링크",XGOLF,XGOLF_쇼골프플레이,쇼골프플레이,모바일,46,12,77,924,1.8,0,0,0,0
"파워링크",플라이트스코프,"플라이트스코프_미보, 미보플러스, 미보레인지",-,PC,65,0,0,0,1,0,0,0,0
"파워링크",플라이트스코프,"플라이트스코프_미보, 미보플러스, 미보레인지",-,모바일,669,4,80,319,1.1,0,0,0,0
"파워링크",플라이트스코프,"플라이트스코프_미보, 미보플러스, 미보레인지",골프스윙,PC,"1,970",3,"2,820","8,459",1.3,0,0,0,0
"파워링크",플라이트스코프,"플라이트스코프_미보, 미보플러스, 미보레인지",골프스윙,모바일,"10,303",27,"1,995","53,878",1.1,0,0,0,0
"파워링크",플라이트스코프,"플라이트스코프_미보, 미보플러스, 미보레인지",골프스윙분석,PC,32,0,0,0,1.5,0,0,0,0
"파워링크",플라이트스코프,"플라이트스코프_미보, 미보플러스, 미보레인지",골프스윙분석,모바일,77,1,"4,444","4,444",1.1,0,0,0,0
"파워링크",플라이트스코프,"플라이트스코프_미보, 미보플러스, 미보레인지",골프스윙분석기,PC,155,7,"4,370","30,591",1.1,0,0,0,0
"파워링크",플라이트스코프,"플라이트스코프_미보, 미보플러스, 미보레인지",골프스윙분석기,모바일,383,5,"4,532","22,660",1.2,0,0,0,0
"파워링크",플라이트스코프,"플라이트스코프_미보, 미보플러스, 미보레인지",런치모니터,PC,355,5,999,"4,994",1.2,0,0,0,0
"파워링크",플라이트스코프,"플라이트스코프_미보, 미보플러스, 미보레인지",런치모니터,모바일,633,9,"1,315","11,836",1.1,0,0,0,0
"파워링크",플라이트스코프,"플라이트스코프_미보, 미보플러스, 미보레인지",레이저거리측정기,PC,"1,289",3,"3,700","11,099",2.8,0,0,0,0
"파워링크",플라이트스코프,"플라이트스코프_미보, 미보플러스, 미보레인지",레이저거리측정기,모바일,"2,971",6,"3,764","22,583",1.6,0,0,0,0
"파워링크",플라이트스코프,"플라이트스코프_미보, 미보플러스, 미보레인지",론치모니터,PC,201,2,352,704,1.2,0,0,0,0
"파워링크",플라이트스코프,"플라이트스코프_미보, 미보플러스, 미보레인지",론치모니터,모바일,610,10,893,"8,932",1.1,0,0,0,0
"파워링크",플라이트스코프,"플라이트스코프_미보, 미보플러스, 미보레인지",미보,PC,166,1,231,231,1.5,0,0,0,0
"파워링크",플라이트스코프,"플라이트스코프_미보, 미보플러스, 미보레인지",미보,모바일,544,1,88,88,1.2,0,0,0,0
"파워링크",플라이트스코프,"플라이트스코프_미보, 미보플러스, 미보레인지",미보레인지,PC,40,5,156,781,1,0,0,0,0
"파워링크",플라이트스코프,"플라이트스코프_미보, 미보플러스, 미보레인지",미보레인지,모바일,48,1,330,330,1,0,0,0,0
"파워링크",플라이트스코프,"플라이트스코프_미보, 미보플러스, 미보레인지",미보플러스,PC,108,1,176,176,1.1,0,0,0,0
"파워링크",플라이트스코프,"플라이트스코프_미보, 미보플러스, 미보레인지",미보플러스,모바일,150,3,209,627,1,0,0,0,0
"파워링크",플라이트스코프,"플라이트스코프_미보, 미보플러스, 미보레인지",스윙분석기,PC,128,5,"2,061","10,307",1.2,0,0,0,0
"파워링크",플라이트스코프,"플라이트스코프_미보, 미보플러스, 미보레인지",스윙분석기,모바일,706,7,"3,478","24,343",1.1,0,0,0,0
"파워링크",플라이트스코프,"플라이트스코프_미보, 미보플러스, 미보레인지",플라이트스코프,PC,154,13,392,"5,093",1.1,0,0,0,0
"파워링크",플라이트스코프,"플라이트스코프_미보, 미보플러스, 미보레인지",플라이트스코프,모바일,344,18,798,"14,366",1.1,0,0,0,0
"파워링크",사츠마골프&온천리조트,사츠마골프&온천리조트,-,PC,12,0,0,0,1.8,0,0,0,0
"파워링크",사츠마골프&온천리조트,사츠마골프&온천리조트,-,모바일,48,4,503,"2,013",1.1,0,0,0,0
"파워링크",사츠마골프&온천리조트,사츠마골프&온천리조트,10월일본골프,PC,6,0,0,0,4.7,0,0,0,0
"파워링크",사츠마골프&온천리조트,사츠마골프&온천리조트,10월일본골프,모바일,2,0,0,0,1,0,0,0,0
"파워링크",사츠마골프&온천리조트,사츠마골프&온천리조트,11월일본골프,PC,2,0,0,0,4,0,0,0,0
"파워링크",사츠마골프&온천리조트,사츠마골프&온천리조트,12월일본골프,PC,1,0,0,0,5,0,0,0,0
"파워링크",사츠마골프&온천리조트,사츠마골프&온천리조트,1월일본골프,PC,1,0,0,0,7,0,0,0,0
"파워링크",사츠마골프&온천리조트,사츠마골프&온천리조트,2월일본골프여행,PC,1,0,0,0,5,0,0,0,0
"파워링크",사츠마골프&온천리조트,사츠마골프&온천리조트,3월일본골프,PC,1,0,0,0,6,0,0,0,0
"파워링크",사츠마골프&온천리조트,사츠마골프&온천리조트,3월일본골프여행,PC,1,0,0,0,4,0,0,0,0
"파워링크",사츠마골프&온천리조트,사츠마골프&온천리조트,4월일본골프여행,모바일,1,0,0,0,1,0,0,0,0
"파워링크",사츠마골프&온천리조트,사츠마골프&온천리조트,5월일본골프여행,PC,1,0,0,0,5,0,0,0,0
"파워링크",사츠마골프&온천리조트,사츠마골프&온천리조트,5월일본골프여행,모바일,2,0,0,0,4,0,0,0,0
"파워링크",사츠마골프&온천리조트,사츠마골프&온천리조트,7월일본골프,모바일,2,0,0,0,4,0,0,0,0
"파워링크",사츠마골프&온천리조트,사츠마골프&온천리조트,9월일본골프여행,PC,2,0,0,0,4.5,0,0,0,0
"파워링크",사츠마골프&온천리조트,사츠마골프&온천리조트,9월일본골프여행,모바일,6,0,0,0,3,0,0,0,0
"파워링크",사츠마골프&온천리조트,사츠마골프&온천리조트,SGR,PC,113,0,0,0,5.6,0,0,0,0
"파워링크",사츠마골프&온천리조트,사츠마골프&온천리조트,SGR,모바일,82,0,0,0,3.3,0,0,0,0
"파워링크",사츠마골프&온천리조트,사츠마골프&온천리조트,가고시마CC,PC,17,0,0,0,5.1,0,0,0,0
"파워링크",사츠마골프&온천리조트,사츠마골프&온천리조트,가고시마CC,모바일,13,0,0,0,3.8,0,0,0,0
"파워링크",사츠마골프&온천리조트,사츠마골프&온천리조트,가고시마골프,PC,216,9,"1,683","15,147",5.6,0,0,0,0
"파워링크",사츠마골프&온천리조트,사츠마골프&온천리조트,가고시마골프,모바일,498,36,"1,766","63,591",2.1,0,0,0,0
"파워링크",사츠마골프&온천리조트,사츠마골프&온천리조트,가고시마골프여행,PC,38,2,935,"1,870",6.7,0,0,0,0
"파워링크",사츠마골프&온천리조트,사츠마골프&온천리조트,가고시마골프여행,모바일,96,10,971,"9,713",2.7,0,0,0,0
"파워링크",사츠마골프&온천리조트,사츠마골프&온천리조트,가고시마골프장,PC,62,0,0,0,4.6,0,0,0,0
"파워링크",사츠마골프&온천리조트,사츠마골프&온천리조트,가고시마골프장,모바일,91,2,726,"1,452",2.9,0,0,0,0
"파워링크",사츠마골프&온천리조트,사츠마골프&온천리조트,가고시마골프패키지,모바일,1,0,0,0,2,0,0,0,0
"파워링크",사츠마골프&온천리조트,사츠마골프&온천리조트,가고시마골프회원권,PC,9,1,286,286,4.2,0,0,0,0
"파워링크",사츠마골프&온천리조트,사츠마골프&온천리조트,가고시마골프회원권,모바일,23,0,0,0,2.3,0,0,0,0
"파워링크",사츠마골프&온천리조트,사츠마골프&온천리조트,가고시마직항,PC,90,0,0,0,6.7,0,0,0,0
"파워링크",사츠마골프&온천리조트,사츠마골프&온천리조트,가고시마직항,모바일,17,0,0,0,4,0,0,0,0
"파워링크",사츠마골프&온천리조트,사츠마골프&온천리조트,겨울일본골프,PC,16,0,0,0,5.1,0,0,0,0
"파워링크",사츠마골프&온천리조트,사츠마골프&온천리조트,겨울일본골프,모바일,23,1,297,297,3.6,0,0,0,0
"파워링크",사츠마골프&온천리조트,사츠마골프&온천리조트,겨울일본골프여행,PC,3,0,0,0,3.7,0,0,0,0
"파워링크",사츠마골프&온천리조트,사츠마골프&온천리조트,골프여행일본,모바일,3,0,0,0,3.7,0,0,0,0
"파워링크",사츠마골프&온천리조트,사츠마골프&온천리조트,골프투어일본,모바일,1,0,0,0,3,0,0,0,0
"파워링크",사츠마골프&온천리조트,사츠마골프&온천리조트,규슈골프,PC,11,0,0,0,3.6,0,0,0,0
"파워링크",사츠마골프&온천리조트,사츠마골프&온천리조트,규슈골프,모바일,46,0,0,0,3.1,0,0,0,0
"파워링크",사츠마골프&온천리조트,사츠마골프&온천리조트,규슈골프여행,PC,1,0,0,0,5,0,0,0,0
"파워링크",사츠마골프&온천리조트,사츠마골프&온천리조트,규슈골프회원권,PC,1,0,0,0,3,0,0,0,0
"파워링크",사츠마골프&온천리조트,사츠마골프&온천리조트,규슈골프회원권,모바일,3,0,0,0,3,0,0,0,0
"파워링크",사츠마골프&온천리조트,사츠마골프&온천리조트,기타규슈골프,PC,7,0,0,0,5.4,0,0,0,0
"파워링크",사츠마골프&온천리조트,사츠마골프&온천리조트,기타규슈골프,모바일,2,0,0,0,4,0,0,0,0
"파워링크",사츠마골프&온천리조트,사츠마골프&온천리조트,미야자키골프여행,PC,10,0,0,0,6.6,0,0,0,0
"파워링크",사츠마골프&온천리조트,사츠마골프&온천리조트,미야자키골프여행,모바일,53,3,"1,115","3,344",3.1,0,0,0,0
"파워링크",사츠마골프&온천리조트,사츠마골프&온천리조트,사츠마CC,PC,94,6,526,"3,157",2.5,0,0,0,0
"파워링크",사츠마골프&온천리조트,사츠마골프&온천리조트,사츠마CC,모바일,536,75,525,"39,402",2,0,0,0,0
"파워링크",사츠마골프&온천리조트,사츠마골프&온천리조트,사츠마골프,PC,43,3,293,880,6.3,0,0,0,0
"파워링크",사츠마골프&온천리조트,사츠마골프&온천리조트,사츠마골프,모바일,12,1,286,286,4.1,0,0,0,0
"파워링크",사츠마골프&온천리조트,사츠마골프&온천리조트,사츠마골프리조트,PC,413,32,427,"13,673",3.7,0,0,0,0
"파워링크",사츠마골프&온천리조트,사츠마골프&온천리조트,사츠마골프리조트,모바일,"2,162",278,460,"127,809",3.1,0,0,0,0
"파워링크",사츠마골프&온천리조트,사츠마골프&온천리조트,사츠마리조트,PC,1,1,176,176,6,0,0,0,0
"파워링크",사츠마골프&온천리조트,사츠마골프&온천리조트,사츠마리조트,모바일,2,0,0,0,3,0,0,0,0
"파워링크",사츠마골프&온천리조트,사츠마골프&온천리조트,사츠마번,PC,1,0,0,0,1,0,0,0,0
"파워링크",사츠마골프&온천리조트,사츠마골프&온천리조트,사츠마번,모바일,3,0,0,0,1,0,0,0,0
"파워링크",사츠마골프&온천리조트,사츠마골프&온천리조트,사츠마아게,모바일,9,0,0,0,2.9,0,0,0,0
"파워링크",사츠마골프&온천리조트,사츠마골프&온천리조트,사츠마이모,PC,1,0,0,0,1,0,0,0,0
"파워링크",사츠마골프&온천리조트,사츠마골프&온천리조트,사츠마이모,모바일,14,0,0,0,2.4,0,0,0,0
"파워링크",사츠마골프&온천리조트,사츠마골프&온천리조트,쇼골프일본,PC,1,0,0,0,2,0,0,0,0
"파워링크",사츠마골프&온천리조트,사츠마골프&온천리조트,쇼골프일본,모바일,1,0,0,0,2,0,0,0,0
"파워링크",사츠마골프&온천리조트,사츠마골프&온천리조트,쇼골프일본골프장,모바일,2,0,0,0,1,0,0,0,0
"파워링크",사츠마골프&온천리조트,사츠마골프&온천리조트,일본1박2일골프,PC,13,0,0,0,5,0,0,0,0
"파워링크",사츠마골프&온천리조트,사츠마골프&온천리조트,일본1박2일골프,모바일,8,0,0,0,3.3,0,0,0,0
"파워링크",사츠마골프&온천리조트,사츠마골프&온천리조트,일본1인골프,PC,47,0,0,0,5.5,0,0,0,0
"파워링크",사츠마골프&온천리조트,사츠마골프&온천리조트,일본1인골프,모바일,27,0,0,0,3.9,0,0,0,0
"파워링크",사츠마골프&온천리조트,사츠마골프&온천리조트,일본2박3일골프,PC,19,0,0,0,8.1,0,0,0,0
"파워링크",사츠마골프&온천리조트,사츠마골프&온천리조트,일본2박3일골프,모바일,13,0,0,0,3.8,0,0,0,0
"파워링크",사츠마골프&온천리조트,사츠마골프&온천리조트,일본2박3일골프여행,PC,19,0,0,0,5.2,0,0,0,0
"파워링크",사츠마골프&온천리조트,사츠마골프&온천리조트,일본2박3일골프여행,모바일,11,0,0,0,3.6,0,0,0,0
"파워링크",사츠마골프&온천리조트,사츠마골프&온천리조트,일본2박3일골프패키지,PC,5,0,0,0,6.6,0,0,0,0
"파워링크",사츠마골프&온천리조트,사츠마골프&온천리조트,일본2박3일골프패키지,모바일,11,1,132,132,3.8,0,0,0,0
"파워링크",사츠마골프&온천리조트,사츠마골프&온천리조트,일본2인골프,PC,63,1,902,902,6,0,0,0,0
"파워링크",사츠마골프&온천리조트,사츠마골프&온천리조트,일본2인골프,모바일,22,1,"1,034","1,034",3.5,0,0,0,0
"파워링크",사츠마골프&온천리조트,사츠마골프&온천리조트,일본2인골프여행,PC,85,2,638,"1,276",6.1,0,0,0,0
"파워링크",사츠마골프&온천리조트,사츠마골프&온천리조트,일본2인골프여행,모바일,36,0,0,0,4.6,0,0,0,0
"파워링크",사츠마골프&온천리조트,사츠마골프&온천리조트,일본3박4일골프,PC,2,0,0,0,4.5,0,0,0,0
"파워링크",사츠마골프&온천리조트,사츠마골프&온천리조트,일본3박4일골프,모바일,2,0,0,0,2,0,0,0,0
"파워링크",사츠마골프&온천리조트,사츠마골프&온천리조트,일본가고시마골프,PC,3,0,0,0,10.7,0,0,0,0
"파워링크",사츠마골프&온천리조트,사츠마골프&온천리조트,일본가고시마골프,모바일,4,0,0,0,2,0,0,0,0
"파워링크",사츠마골프&온천리조트,사츠마골프&온천리조트,일본가고시마골프여행,PC,5,0,0,0,4.4,0,0,0,0
"파워링크",사츠마골프&온천리조트,사츠마골프&온천리조트,일본가고시마골프여행,모바일,8,2,572,"1,144",3.5,0,0,0,0
"파워링크",사츠마골프&온천리조트,사츠마골프&온천리조트,일본가을골프,PC,1,0,0,0,5,0,0,0,0
"파워링크",사츠마골프&온천리조트,사츠마골프&온천리조트,일본겨울골프,PC,45,2,424,847,4.1,0,0,0,0
"파워링크",사츠마골프&온천리조트,사츠마골프&온천리조트,일본겨울골프,모바일,94,4,644,"2,574",2.8,0,0,0,0
"파워링크",사츠마골프&온천리조트,사츠마골프&온천리조트,일본겨울골프여행,PC,28,2,649,"1,298",3.4,0,0,0,0
"파워링크",사츠마골프&온천리조트,사츠마골프&온천리조트,일본겨울골프여행,모바일,61,3,513,"1,540",3.2,0,0,0,0
"파워링크",사츠마골프&온천리조트,사츠마골프&온천리조트,일본골프리조트,PC,16,1,616,616,5.1,0,0,0,0
"파워링크",사츠마골프&온천리조트,사츠마골프&온천리조트,일본골프리조트,모바일,20,3,583,"1,749",3.5,0,0,0,0
"파워링크",사츠마골프&온천리조트,사츠마골프&온천리조트,일본골프여행부산출발,PC,4,0,0,0,5,0,0,0,0
"파워링크",사츠마골프&온천리조트,사츠마골프&온천리조트,일본골프여행부산출발,모바일,5,0,0,0,3.8,0,0,0,0
"파워링크",사츠마골프&온천리조트,사츠마골프&온천리조트,일본골프여행비용,PC,8,0,0,0,6.1,0,0,0,0
"파워링크",사츠마골프&온천리조트,사츠마골프&온천리조트,일본골프여행비용,모바일,16,0,0,0,2.4,0,0,0,0
"파워링크",사츠마골프&온천리조트,사츠마골프&온천리조트,일본골프여행추천,PC,23,0,0,0,3.8,0,0,0,0
"파워링크",사츠마골프&온천리조트,사츠마골프&온천리조트,일본골프여행추천,모바일,19,0,0,0,2.3,0,0,0,0
"파워링크",사츠마골프&온천리조트,사츠마골프&온천리조트,일본골프여행패키지,PC,5,1,"1,023","1,023",6.6,0,0,0,0
"파워링크",사츠마골프&온천리조트,사츠마골프&온천리조트,일본골프여행패키지,모바일,11,0,0,0,3.3,0,0,0,0
"파워링크",사츠마골프&온천리조트,사츠마골프&온천리조트,일본골프온천,PC,2,0,0,0,3,0,0,0,0
"파워링크",사츠마골프&온천리조트,사츠마골프&온천리조트,일본골프자유여행,PC,72,0,0,0,4,0,0,0,0
"파워링크",사츠마골프&온천리조트,사츠마골프&온천리조트,일본골프자유여행,모바일,51,3,711,"2,134",3.8,0,0,0,0
"파워링크",사츠마골프&온천리조트,사츠마골프&온천리조트,일본골프장가격,PC,3,0,0,0,5.3,0,0,0,0
"파워링크",사츠마골프&온천리조트,사츠마골프&온천리조트,일본골프장가격,모바일,32,1,583,583,3.4,0,0,0,0
"파워링크",사츠마골프&온천리조트,사츠마골프&온천리조트,일본골프장추천,PC,3,0,0,0,3.3,0,0,0,0
"파워링크",사츠마골프&온천리조트,사츠마골프&온천리조트,일본골프장회원권,PC,54,2,748,"1,496",4.5,0,0,0,0
"파워링크",사츠마골프&온천리조트,사츠마골프&온천리조트,일본골프장회원권,모바일,102,10,"1,008","10,076",4,0,0,0,0
"파워링크",사츠마골프&온천리조트,사츠마골프&온천리조트,일본골프추천,PC,6,0,0,0,4.5,0,0,0,0
"파워링크",사츠마골프&온천리조트,사츠마골프&온천리조트,일본골프추천,모바일,14,0,0,0,2.4,0,0,0,0
"파워링크",사츠마골프&온천리조트,사츠마골프&온천리조트,일본골프투어,PC,329,8,"1,233","9,867",6,0,0,0,0
"파워링크",사츠마골프&온천리조트,사츠마골프&온천리조트,일본골프투어,모바일,554,27,"1,876","50,644",3.4,0,0,0,0
"파워링크",사츠마골프&온천리조트,사츠마골프&온천리조트,일본골프투어추천,모바일,1,0,0,0,2,0,0,0,0
"파워링크",사츠마골프&온천리조트,사츠마골프&온천리조트,일본골프패키지,PC,138,5,"1,483","7,414",6.9,0,0,0,0
"파워링크",사츠마골프&온천리조트,사츠마골프&온천리조트,일본골프패키지,모바일,568,34,"1,379","46,882",3.8,0,0,0,0
"파워링크",사츠마골프&온천리조트,사츠마골프&온천리조트,일본골프패키지여행,PC,5,0,0,0,6,0,0,0,0
"파워링크",사츠마골프&온천리조트,사츠마골프&온천리조트,일본골프패키지여행,모바일,8,0,0,0,3.9,0,0,0,0
"파워링크",사츠마골프&온천리조트,사츠마골프&온천리조트,일본골프회원권,PC,254,8,"1,141","9,130",6.3,0,0,0,0
"파워링크",사츠마골프&온천리조트,사츠마골프&온천리조트,일본골프회원권,모바일,292,27,"1,214","32,780",4.2,0,0,0,0
"파워링크",사츠마골프&온천리조트,사츠마골프&온천리조트,일본골프회원권가격,PC,6,2,127,253,5.7,0,0,0,0
"파워링크",사츠마골프&온천리조트,사츠마골프&온천리조트,일본골프회원권가격,모바일,18,0,0,0,2.3,0,0,0,0
"파워링크",사츠마골프&온천리조트,사츠마골프&온천리조트,일본온천골프,PC,6,0,0,0,4.5,0,0,0,0
"파워링크",사츠마골프&온천리조트,사츠마골프&온천리조트,일본온천골프,모바일,4,3,568,"1,705",4,0,0,0,0
"파워링크",사츠마골프&온천리조트,사츠마골프&온천리조트,일본온천골프여행,PC,1,0,0,0,7,0,0,0,0
"파워링크",사츠마골프&온천리조트,사츠마골프&온천리조트,일본온천골프여행,모바일,3,0,0,0,3.3,0,0,0,0
"파워링크",사츠마골프&온천리조트,사츠마골프&온천리조트,일본자유골프,PC,6,0,0,0,6.3,0,0,0,0
"파워링크",사츠마골프&온천리조트,사츠마골프&온천리조트,일본자유골프,모바일,10,0,0,0,4,0,0,0,0
"파워링크",사츠마골프&온천리조트,사츠마골프&온천리조트,일본장박골프,PC,13,0,0,0,6.7,0,0,0,0
"파워링크",사츠마골프&온천리조트,사츠마골프&온천리조트,일본장박골프,모바일,3,0,0,0,3.7,0,0,0,0
"파워링크",사츠마골프&온천리조트,사츠마골프&온천리조트,일본큐슈골프,PC,1,0,0,0,3,0,0,0,0
"파워링크",사츠마골프&온천리조트,사츠마골프&온천리조트,일본큐슈골프,모바일,3,0,0,0,3,0,0,0,0
"파워링크",사츠마골프&온천리조트,사츠마골프&온천리조트,일본큐슈골프여행,PC,3,0,0,0,3.7,0,0,0,0
"파워링크",사츠마골프&온천리조트,사츠마골프&온천리조트,일본큐슈골프여행,모바일,4,0,0,0,2.3,0,0,0,0
"파워링크",사츠마골프&온천리조트,사츠마골프&온천리조트,일본파크골프여행,PC,1,0,0,0,8,0,0,0,0
"파워링크",사츠마골프&온천리조트,사츠마골프&온천리조트,일본회원권,PC,46,0,0,0,6.3,0,0,0,0
"파워링크",사츠마골프&온천리조트,사츠마골프&온천리조트,일본회원권,모바일,15,1,330,330,5.3,0,0,0,0
"파워링크",사츠마골프&온천리조트,사츠마골프&온천리조트,큐슈골프여행,PC,6,0,0,0,5.7,0,0,0,0
"파워링크",사츠마골프&온천리조트,사츠마골프&온천리조트,큐슈골프여행,모바일,9,0,0,0,1.9,0,0,0,0
"파워링크",사츠마골프&온천리조트,사츠마골프&온천리조트,큐슈골프장,모바일,1,0,0,0,2,0,0,0,0
"파워링크",사츠마골프&온천리조트,사츠마골프&온천리조트,해외골프회원권,PC,10,0,0,0,4.4,0,0,0,0
"파워링크",사츠마골프&온천리조트,사츠마골프&온천리조트,해외골프회원권,모바일,8,0,0,0,9.4,0,0,0,0
"파워링크",사츠마골프&온천리조트,사츠마골프&온천리조트,홋카이도골프,PC,55,2,"1,683","3,366",4.3,0,0,0,0
"파워링크",사츠마골프&온천리조트,사츠마골프&온천리조트,홋카이도골프,모바일,242,8,"1,621","12,969",3.7,0,0,0,0
"파워링크",사츠마골프&온천리조트,사츠마골프&온천리조트,홋카이도리조트,PC,14,0,0,0,5,0,0,0,0
"파워링크",사츠마골프&온천리조트,사츠마골프&온천리조트,홋카이도리조트,모바일,69,1,"1,034","1,034",3.3,0,0,0,0
"플레이스",플레이스_쇼골프,플레이스_쇼골프_가양점,-,PC,279,55,55,"3,025",2.7,0,0,0,0
"플레이스",플레이스_쇼골프,플레이스_쇼골프_가양점,-,모바일,"4,495",216,55,"11,880",4.9,0,0,0,0
"플레이스",플레이스_쇼골프,플레이스_쇼골프_김포공항점,-,PC,242,59,55,"3,245",2.4,0,0,0,0
"플레이스",플레이스_쇼골프,플레이스_쇼골프_김포공항점,-,모바일,"4,856",348,55,"19,140",3.5,0,0,0,0
"플레이스",플레이스_쇼골프,플레이스_쇼골프_도봉점,-,PC,260,31,55,"1,705",2.1,0,0,0,0
"플레이스",플레이스_쇼골프,플레이스_쇼골프_도봉점,-,모바일,"4,467",144,55,"7,920",3.4,0,0,0,0
