"플레이스보고서(2025.06.01.~2025.06.30.),pmc_ceo2016:naver"
"캠페인유형",캠페인,광고그룹,PC/모바일 매체,검색어,노출수,클릭수,"평균클릭비용(VAT포함,원)","총비용(VAT포함,원)",평균노출순위
"파워링크",빅포1982 파워링크,빅포1982 청라점 파워링크,PC,1982베트남음식,1,0,0,0,2
"파워링크",빅포1982 파워링크,빅포1982 청라점 파워링크,PC,BIGPHO,2,0,0,0,1
"파워링크",빅포1982 파워링크,빅포1982 청라점 파워링크,PC,BIGPHO1982,2,0,0,0,2
"파워링크",빅포1982 파워링크,빅포1982 청라점 파워링크,PC,가양빅포1982쌀국수,1,0,0,0,1
"파워링크",빅포1982 파워링크,빅포1982 청라점 파워링크,PC,가정동맛집,16,0,0,0,10.5
"파워링크",빅포1982 파워링크,빅포1982 청라점 파워링크,PC,가정맛집,13,0,0,0,2.5
"파워링크",빅포1982 파워링크,빅포1982 청라점 파워링크,PC,갈쌈인천청라점인천광역시서구청라동,1,0,0,0,2
"파워링크",빅포1982 파워링크,빅포1982 청라점 파워링크,PC,검단고기집,1,0,0,0,5
"파워링크",빅포1982 파워링크,빅포1982 청라점 파워링크,PC,검단맛집,18,0,0,0,11.2
"파워링크",빅포1982 파워링크,빅포1982 청라점 파워링크,PC,검단사거리맛집,26,0,0,0,9.1
"파워링크",빅포1982 파워링크,빅포1982 청라점 파워링크,PC,검단삼계탕,2,0,0,0,2
"파워링크",빅포1982 파워링크,빅포1982 청라점 파워링크,PC,검단소고기맛집,1,0,0,0,3
"파워링크",빅포1982 파워링크,빅포1982 청라점 파워링크,PC,검암동맛집,106,0,0,0,8
"파워링크",빅포1982 파워링크,빅포1982 청라점 파워링크,PC,계양구맛집,15,0,0,0,13.9
"파워링크",빅포1982 파워링크,빅포1982 청라점 파워링크,PC,계양구청맛집,145,0,0,0,7.6
"파워링크",빅포1982 파워링크,빅포1982 청라점 파워링크,PC,계양맛집,9,0,0,0,10.4
"파워링크",빅포1982 파워링크,빅포1982 청라점 파워링크,PC,고촌맛집,12,0,0,0,11.7
"파워링크",빅포1982 파워링크,빅포1982 청라점 파워링크,PC,곱창쌀국수,235,0,0,0,2.4
"파워링크",빅포1982 파워링크,빅포1982 청라점 파워링크,PC,구래동맛집,69,0,0,0,10
"파워링크",빅포1982 파워링크,빅포1982 청라점 파워링크,PC,구래역맛집,58,1,77,77,9.1
"파워링크",빅포1982 파워링크,빅포1982 청라점 파워링크,PC,구월동맛집,20,0,0,0,27.3
"파워링크",빅포1982 파워링크,빅포1982 청라점 파워링크,PC,국수골목비빔쌀국수,1,0,0,0,1
"파워링크",빅포1982 파워링크,빅포1982 청라점 파워링크,PC,국수요리,7,0,0,0,6.7
"파워링크",빅포1982 파워링크,빅포1982 청라점 파워링크,PC,근처쌀국수맛집,7,0,0,0,2.9
"파워링크",빅포1982 파워링크,빅포1982 청라점 파워링크,PC,근처쌀국수집,1,0,0,0,3
"파워링크",빅포1982 파워링크,빅포1982 청라점 파워링크,PC,김포맛집,12,0,0,0,32.2
"파워링크",빅포1982 파워링크,빅포1982 청라점 파워링크,PC,남동구맛집,4,0,0,0,16
"파워링크",빅포1982 파워링크,빅포1982 청라점 파워링크,PC,남동구식당,1,0,0,0,10
"파워링크",빅포1982 파워링크,빅포1982 청라점 파워링크,PC,당하동맛집,98,0,0,0,7.7
"파워링크",빅포1982 파워링크,빅포1982 청라점 파워링크,PC,도가니쌀국수,4,0,0,0,1
"파워링크",빅포1982 파워링크,빅포1982 청라점 파워링크,PC,동양솥밥청라,8,0,0,0,1.1
"파워링크",빅포1982 파워링크,빅포1982 청라점 파워링크,PC,띤뜨청라,3,0,0,0,1.7
"파워링크",빅포1982 파워링크,빅포1982 청라점 파워링크,PC,루원빅포,2,0,0,0,1
"파워링크",빅포1982 파워링크,빅포1982 청라점 파워링크,PC,루원시티맛집,55,0,0,0,9.7
"파워링크",빅포1982 파워링크,빅포1982 청라점 파워링크,PC,루원시티베트남음식,1,0,0,0,2
"파워링크",빅포1982 파워링크,빅포1982 청라점 파워링크,PC,루원시티빅포1982,1,0,0,0,1
"파워링크",빅포1982 파워링크,빅포1982 청라점 파워링크,PC,루원시티쌀국수,13,0,0,0,1.9
"파워링크",빅포1982 파워링크,빅포1982 청라점 파워링크,PC,루원시티쌀국수맛집,6,0,0,0,1
"파워링크",빅포1982 파워링크,빅포1982 청라점 파워링크,PC,루원시티음식점,4,0,0,0,2
"파워링크",빅포1982 파워링크,빅포1982 청라점 파워링크,PC,루원시티찐맛집,1,0,0,0,3
"파워링크",빅포1982 파워링크,빅포1982 청라점 파워링크,PC,막국수,1,0,0,0,50
"파워링크",빅포1982 파워링크,빅포1982 청라점 파워링크,PC,망향비빔국수청라,19,0,0,0,1
"파워링크",빅포1982 파워링크,빅포1982 청라점 파워링크,PC,모닝글로리볶음,"1,417",2,77,154,5.2
"파워링크",빅포1982 파워링크,빅포1982 청라점 파워링크,PC,반쎄오맛있는베트남음식점,2,0,0,0,1
"파워링크",빅포1982 파워링크,빅포1982 청라점 파워링크,PC,반쎄오맛집,101,0,0,0,2
"파워링크",빅포1982 파워링크,빅포1982 청라점 파워링크,PC,반쎄오분짜,1,0,0,0,3
"파워링크",빅포1982 파워링크,빅포1982 청라점 파워링크,PC,반쎄오파는곳,2,0,0,0,1
"파워링크",빅포1982 파워링크,빅포1982 청라점 파워링크,PC,배곧맛집,48,0,0,0,11.4
"파워링크",빅포1982 파워링크,빅포1982 청라점 파워링크,PC,배달쌀국수,3,0,0,0,4.3
"파워링크",빅포1982 파워링크,빅포1982 청라점 파워링크,PC,베트남다낭가볼만한곳,139,0,0,0,7.9
"파워링크",빅포1982 파워링크,빅포1982 청라점 파워링크,PC,베트남비빔쌀국수,3,0,0,0,1.7
"파워링크",빅포1982 파워링크,빅포1982 청라점 파워링크,PC,베트남식당인천,1,0,0,0,1
"파워링크",빅포1982 파워링크,빅포1982 청라점 파워링크,PC,베트남식쌀국수맛집,1,0,0,0,2
"파워링크",빅포1982 파워링크,빅포1982 청라점 파워링크,PC,베트남쌀국수,10,0,0,0,23.2
"파워링크",빅포1982 파워링크,빅포1982 청라점 파워링크,PC,베트남쌀국수국물,3,0,0,0,1
"파워링크",빅포1982 파워링크,빅포1982 청라점 파워링크,PC,베트남쌀국수맛집,10,0,0,0,3
"파워링크",빅포1982 파워링크,빅포1982 청라점 파워링크,PC,베트남쌀국수맛집깨끗한,1,0,0,0,2
"파워링크",빅포1982 파워링크,빅포1982 청라점 파워링크,PC,베트남쌀국수메뉴판,1,0,0,0,3
"파워링크",빅포1982 파워링크,빅포1982 청라점 파워링크,PC,베트남쌀국수볶음면,3,0,0,0,3
"파워링크",빅포1982 파워링크,빅포1982 청라점 파워링크,PC,베트남쌀국수인천서구건지,1,0,0,0,1
"파워링크",빅포1982 파워링크,빅포1982 청라점 파워링크,PC,베트남쌀국수찐맛집,1,0,0,0,3
"파워링크",빅포1982 파워링크,빅포1982 청라점 파워링크,PC,베트남음식맛집,13,0,0,0,2.9
"파워링크",빅포1982 파워링크,빅포1982 청라점 파워링크,PC,베트남음식점,42,1,77,77,6.2
"파워링크",빅포1982 파워링크,빅포1982 청라점 파워링크,PC,베트남음식점같은맛집,1,0,0,0,1
"파워링크",빅포1982 파워링크,빅포1982 청라점 파워링크,PC,베트남음식점맛집,1,0,0,0,8
"파워링크",빅포1982 파워링크,빅포1982 청라점 파워링크,PC,베트남한우쌀국수,2,0,0,0,1.5
"파워링크",빅포1982 파워링크,빅포1982 청라점 파워링크,PC,베트남현지쌀국수맛집,1,0,0,0,2
"파워링크",빅포1982 파워링크,빅포1982 청라점 파워링크,PC,부천빅포1982짬뽕쌀국수,1,0,0,0,2
"파워링크",빅포1982 파워링크,빅포1982 청라점 파워링크,PC,부평동쌀국수,2,0,0,0,1
"파워링크",빅포1982 파워링크,빅포1982 청라점 파워링크,PC,부평맛집,16,0,0,0,25.7
"파워링크",빅포1982 파워링크,빅포1982 청라점 파워링크,PC,부평빅포1982,2,0,0,0,1
"파워링크",빅포1982 파워링크,빅포1982 청라점 파워링크,PC,부평역맛집,240,0,0,0,9.2
"파워링크",빅포1982 파워링크,빅포1982 청라점 파워링크,PC,분위기좋은레스토랑인천,1,0,0,0,3
"파워링크",빅포1982 파워링크,빅포1982 청라점 파워링크,PC,분위기좋은쌀국수,1,0,0,0,1
"파워링크",빅포1982 파워링크,빅포1982 청라점 파워링크,PC,분짜맛집,1,0,0,0,3
"파워링크",빅포1982 파워링크,빅포1982 청라점 파워링크,PC,분짜무슨맛,1,0,0,0,2
"파워링크",빅포1982 파워링크,빅포1982 청라점 파워링크,PC,분짜반쎄오,4,0,0,0,2.3
"파워링크",빅포1982 파워링크,빅포1982 청라점 파워링크,PC,뷔페쌀국수,1,0,0,0,1
"파워링크",빅포1982 파워링크,빅포1982 청라점 파워링크,PC,비빔쌀국수,10,0,0,0,1.4
"파워링크",빅포1982 파워링크,빅포1982 청라점 파워링크,PC,비빔쌀국수맛집,2,0,0,0,1
"파워링크",빅포1982 파워링크,빅포1982 청라점 파워링크,PC,비빔쌀국수분짜,1,0,0,0,2
"파워링크",빅포1982 파워링크,빅포1982 청라점 파워링크,PC,빅포,96,0,0,0,1.8
"파워링크",빅포1982 파워링크,빅포1982 청라점 파워링크,PC,빅포1982,410,8,55,440,2
"파워링크",빅포1982 파워링크,빅포1982 청라점 파워링크,PC,빅포1982(송도점),1,0,0,0,2
"파워링크",빅포1982 파워링크,빅포1982 청라점 파워링크,PC,빅포1982.,1,0,0,0,2
"파워링크",빅포1982 파워링크,빅포1982 청라점 파워링크,PC,빅포1982\,3,0,0,0,2
"파워링크",빅포1982 파워링크,빅포1982 청라점 파워링크,PC,빅포1982루원,2,0,0,0,1
"파워링크",빅포1982 파워링크,빅포1982 청라점 파워링크,PC,빅포1982루원시티,1,0,0,0,2
"파워링크",빅포1982 파워링크,빅포1982 청라점 파워링크,PC,빅포1982루원시티가정점,5,0,0,0,1
"파워링크",빅포1982 파워링크,빅포1982 청라점 파워링크,PC,빅포1982루원시티가정점고기추가,1,0,0,0,1
"파워링크",빅포1982 파워링크,빅포1982 청라점 파워링크,PC,빅포1982루원시티점,2,0,0,0,1
"파워링크",빅포1982 파워링크,빅포1982 청라점 파워링크,PC,빅포1982메뉴,2,0,0,0,1
"파워링크",빅포1982 파워링크,빅포1982 청라점 파워링크,PC,빅포1982메뉴추천,1,0,0,0,1
"파워링크",빅포1982 파워링크,빅포1982 청라점 파워링크,PC,빅포1982반쎄오,1,0,0,0,1
"파워링크",빅포1982 파워링크,빅포1982 청라점 파워링크,PC,빅포1982본점,2,0,0,0,1
"파워링크",빅포1982 파워링크,빅포1982 청라점 파워링크,PC,빅포1982부평점,1,0,0,0,1
"파워링크",빅포1982 파워링크,빅포1982 청라점 파워링크,PC,빅포1982분짜,1,0,0,0,1
"파워링크",빅포1982 파워링크,빅포1982 청라점 파워링크,PC,빅포1982쌀국수,1,0,0,0,2
"파워링크",빅포1982 파워링크,빅포1982 청라점 파워링크,PC,빅포1982짬뽕쌀국수,1,0,0,0,1
"파워링크",빅포1982 파워링크,빅포1982 청라점 파워링크,PC,빅포1982청라,19,1,77,77,1.1
"파워링크",빅포1982 파워링크,빅포1982 청라점 파워링크,PC,빅포1982청라웨이팅,1,0,0,0,2
"파워링크",빅포1982 파워링크,빅포1982 청라점 파워링크,PC,빅포1982청라점,2,0,0,0,2
"파워링크",빅포1982 파워링크,빅포1982 청라점 파워링크,PC,빅포1982청라포장,1,0,0,0,1
"파워링크",빅포1982 파워링크,빅포1982 청라점 파워링크,PC,빅포1982포장,1,0,0,0,1
"파워링크",빅포1982 파워링크,빅포1982 청라점 파워링크,PC,빅포루원,1,0,0,0,1
"파워링크",빅포1982 파워링크,빅포1982 청라점 파워링크,PC,빅포반쎄오,4,0,0,0,1
"파워링크",빅포1982 파워링크,빅포1982 청라점 파워링크,PC,빅포분짜,1,0,0,0,1
"파워링크",빅포1982 파워링크,빅포1982 청라점 파워링크,PC,빅포쌀국수,11,0,0,0,1
"파워링크",빅포1982 파워링크,빅포1982 청라점 파워링크,PC,빅포청라,3,0,0,0,1.3
"파워링크",빅포1982 파워링크,빅포1982 청라점 파워링크,PC,빅포청라점,1,0,0,0,1
"파워링크",빅포1982 파워링크,빅포1982 청라점 파워링크,PC,서구국수,1,0,0,0,1
"파워링크",빅포1982 파워링크,빅포1982 청라점 파워링크,PC,서구국수맛집,1,0,0,0,1
"파워링크",빅포1982 파워링크,빅포1982 청라점 파워링크,PC,서구당하동맛집,1,0,0,0,2
"파워링크",빅포1982 파워링크,빅포1982 청라점 파워링크,PC,서구루원반쎄오,1,0,0,0,1
"파워링크",빅포1982 파워링크,빅포1982 청라점 파워링크,PC,서구맛집,19,0,0,0,7.7
"파워링크",빅포1982 파워링크,빅포1982 청라점 파워링크,PC,서구맛집쌀국수집,1,0,0,0,1
"파워링크",빅포1982 파워링크,빅포1982 청라점 파워링크,PC,서구베트남음식,1,0,0,0,2
"파워링크",빅포1982 파워링크,빅포1982 청라점 파워링크,PC,서구소고기맛집,2,0,0,0,6
"파워링크",빅포1982 파워링크,빅포1982 청라점 파워링크,PC,서구식당,3,0,0,0,2.3
"파워링크",빅포1982 파워링크,빅포1982 청라점 파워링크,PC,서구쌀국수,4,0,0,0,2
"파워링크",빅포1982 파워링크,빅포1982 청라점 파워링크,PC,서구양식맛집,1,0,0,0,1
"파워링크",빅포1982 파워링크,빅포1982 청라점 파워링크,PC,서구음식,1,0,0,0,2
"파워링크",빅포1982 파워링크,빅포1982 청라점 파워링크,PC,서구청라동,1,0,0,0,2
"파워링크",빅포1982 파워링크,빅포1982 청라점 파워링크,PC,서구청라맛집,1,0,0,0,4
"파워링크",빅포1982 파워링크,빅포1982 청라점 파워링크,PC,서구청맛집,52,0,0,0,7.4
"파워링크",빅포1982 파워링크,빅포1982 청라점 파워링크,PC,성수동맛집,12,0,0,0,20.7
"파워링크",빅포1982 파워링크,빅포1982 청라점 파워링크,PC,성수맛집,25,0,0,0,19.2
"파워링크",빅포1982 파워링크,빅포1982 청라점 파워링크,PC,송도동쌀국수,2,0,0,0,1
"파워링크",빅포1982 파워링크,빅포1982 청라점 파워링크,PC,송도레스토랑,38,0,0,0,5.3
"파워링크",빅포1982 파워링크,빅포1982 청라점 파워링크,PC,송도맛집,14,0,0,0,41
"파워링크",빅포1982 파워링크,빅포1982 청라점 파워링크,PC,송도베트남쌀국수맛집,1,0,0,0,1
"파워링크",빅포1982 파워링크,빅포1982 청라점 파워링크,PC,송도빅포,5,0,0,0,1
"파워링크",빅포1982 파워링크,빅포1982 청라점 파워링크,PC,송도센트럴파크맛집,11,0,0,0,14.6
"파워링크",빅포1982 파워링크,빅포1982 청라점 파워링크,PC,송도쌀국수,32,0,0,0,2.8
"파워링크",빅포1982 파워링크,빅포1982 청라점 파워링크,PC,식당창업,1,0,0,0,347
"파워링크",빅포1982 파워링크,빅포1982 청라점 파워링크,PC,식사동맛집,7,0,0,0,13.9
"파워링크",빅포1982 파워링크,빅포1982 청라점 파워링크,PC,쌀국수,5,1,77,77,52.6
"파워링크",빅포1982 파워링크,빅포1982 청라점 파워링크,PC,쌀국수근교,1,0,0,0,2
"파워링크",빅포1982 파워링크,빅포1982 청라점 파워링크,PC,쌀국수근처,1,0,0,0,1
"파워링크",빅포1982 파워링크,빅포1982 청라점 파워링크,PC,쌀국수마니아들분짜,1,0,0,0,1
"파워링크",빅포1982 파워링크,빅포1982 청라점 파워링크,PC,쌀국수맛있는집,1,0,0,0,8
"파워링크",빅포1982 파워링크,빅포1982 청라점 파워링크,PC,쌀국수맛집,"1,470",8,472,"3,773",2.5
"파워링크",빅포1982 파워링크,빅포1982 청라점 파워링크,PC,쌀국수맛집근처,1,0,0,0,3
"파워링크",빅포1982 파워링크,빅포1982 청라점 파워링크,PC,쌀국수맛집프랜차이즈,1,0,0,0,3
"파워링크",빅포1982 파워링크,빅포1982 청라점 파워링크,PC,쌀국수메뉴판,1,0,0,0,3
"파워링크",빅포1982 파워링크,빅포1982 청라점 파워링크,PC,쌀국수반쎄오,1,0,0,0,2
"파워링크",빅포1982 파워링크,빅포1982 청라점 파워링크,PC,쌀국수볶음밥맛집,3,0,0,0,2.7
"파워링크",빅포1982 파워링크,빅포1982 청라점 파워링크,PC,쌀국수분짜,2,0,0,0,2.5
"파워링크",빅포1982 파워링크,빅포1982 청라점 파워링크,PC,쌀국수에맛,2,0,0,0,1
"파워링크",빅포1982 파워링크,빅포1982 청라점 파워링크,PC,쌀국수에분짜,1,0,0,0,3
"파워링크",빅포1982 파워링크,빅포1982 청라점 파워링크,PC,쌀국수음식점,1,0,0,0,3
"파워링크",빅포1982 파워링크,빅포1982 청라점 파워링크,PC,쌀국수청라,1,0,0,0,1
"파워링크",빅포1982 파워링크,빅포1982 청라점 파워링크,PC,쌀국수포,4,0,0,0,2.8
"파워링크",빅포1982 파워링크,빅포1982 청라점 파워링크,PC,쌀국수프랜차이즈,4,3,77,231,65
"파워링크",빅포1982 파워링크,빅포1982 청라점 파워링크,PC,쌀국수프랜차이즈순위,3,0,0,0,1
"파워링크",빅포1982 파워링크,빅포1982 청라점 파워링크,PC,아라뱃길맛집,89,0,0,0,9
"파워링크",빅포1982 파워링크,빅포1982 청라점 파워링크,PC,연수구맛집,3,0,0,0,29.3
"파워링크",빅포1982 파워링크,빅포1982 청라점 파워링크,PC,연수동맛집,23,0,0,0,12.4
"파워링크",빅포1982 파워링크,빅포1982 청라점 파워링크,PC,영종도맛집,44,0,0,0,17.9
"파워링크",빅포1982 파워링크,빅포1982 청라점 파워링크,PC,완정맛집,18,0,0,0,4.6
"파워링크",빅포1982 파워링크,빅포1982 청라점 파워링크,PC,우삼겹볶음쌀국수,1,0,0,0,1
"파워링크",빅포1982 파워링크,빅포1982 청라점 파워링크,PC,월남쌈,10,0,0,0,12.8
"파워링크",빅포1982 파워링크,빅포1982 청라점 파워링크,PC,월남쌈맛집,4,0,0,0,8
"파워링크",빅포1982 파워링크,빅포1982 청라점 파워링크,PC,인천가면꼭가볼만한맛집,1,0,0,0,3
"파워링크",빅포1982 파워링크,빅포1982 청라점 파워링크,PC,인천가볼만한곳,6,0,0,0,81.7
"파워링크",빅포1982 파워링크,빅포1982 청라점 파워링크,PC,인천가볼만한곳맛집,3,0,0,0,8
"파워링크",빅포1982 파워링크,빅포1982 청라점 파워링크,PC,인천가정맛집,1,0,0,0,2
"파워링크",빅포1982 파워링크,빅포1982 청라점 파워링크,PC,인천가정역맛집,10,0,0,0,1.8
"파워링크",빅포1982 파워링크,빅포1982 청라점 파워링크,PC,인천검단맛집,15,0,0,0,10.1
"파워링크",빅포1982 파워링크,빅포1982 청라점 파워링크,PC,인천검단쌀국수,1,0,0,0,1
"파워링크",빅포1982 파워링크,빅포1982 청라점 파워링크,PC,인천고기국수맛집,1,0,0,0,2
"파워링크",빅포1982 파워링크,빅포1982 청라점 파워링크,PC,인천고기맛집,2,0,0,0,9.5
"파워링크",빅포1982 파워링크,빅포1982 청라점 파워링크,PC,인천공항맛집,"1,252",1,66,66,5.5
"파워링크",빅포1982 파워링크,빅포1982 청라점 파워링크,PC,인천국수,2,0,0,0,2.5
"파워링크",빅포1982 파워링크,빅포1982 청라점 파워링크,PC,인천국수맛집,9,0,0,0,1.8
"파워링크",빅포1982 파워링크,빅포1982 청라점 파워링크,PC,인천남동구쌀국수,1,0,0,0,1
"파워링크",빅포1982 파워링크,빅포1982 청라점 파워링크,PC,인천남동구청맛집,1,0,0,0,1
"파워링크",빅포1982 파워링크,빅포1982 청라점 파워링크,PC,인천당하동맛집,9,0,0,0,3
"파워링크",빅포1982 파워링크,빅포1982 청라점 파워링크,PC,인천대게가,2,0,0,0,2.5
"파워링크",빅포1982 파워링크,빅포1982 청라점 파워링크,PC,인천대게맛집,2,0,0,0,9.5
"파워링크",빅포1982 파워링크,빅포1982 청라점 파워링크,PC,인천대표맛집,2,0,0,0,2.5
"파워링크",빅포1982 파워링크,빅포1982 청라점 파워링크,PC,인천동양솥밥,1,0,0,0,1
"파워링크",빅포1982 파워링크,빅포1982 청라점 파워링크,PC,인천레스토랑,22,0,0,0,9.5
"파워링크",빅포1982 파워링크,빅포1982 청라점 파워링크,PC,인천맛집순위,6,0,0,0,2.5
"파워링크",빅포1982 파워링크,빅포1982 청라점 파워링크,PC,인천매운음식추천,2,0,0,0,1
"파워링크",빅포1982 파워링크,빅포1982 청라점 파워링크,PC,인천반쎄오,6,0,0,0,1.5
"파워링크",빅포1982 파워링크,빅포1982 청라점 파워링크,PC,인천베트남식당,1,0,0,0,2
"파워링크",빅포1982 파워링크,빅포1982 청라점 파워링크,PC,인천베트남쌀국수,2,0,0,0,1
"파워링크",빅포1982 파워링크,빅포1982 청라점 파워링크,PC,인천베트남요리\,1,0,0,0,2
"파워링크",빅포1982 파워링크,빅포1982 청라점 파워링크,PC,인천베트남음식,4,0,0,0,1.5
"파워링크",빅포1982 파워링크,빅포1982 청라점 파워링크,PC,인천베트남음식점,1,0,0,0,2
"파워링크",빅포1982 파워링크,빅포1982 청라점 파워링크,PC,인천볶음쌀국수,1,0,0,0,1
"파워링크",빅포1982 파워링크,빅포1982 청라점 파워링크,PC,인천부평구쌀국수,2,0,0,0,1
"파워링크",빅포1982 파워링크,빅포1982 청라점 파워링크,PC,인천부평맛집,11,0,0,0,11.5
"파워링크",빅포1982 파워링크,빅포1982 청라점 파워링크,PC,인천부평식당,2,0,0,0,5
"파워링크",빅포1982 파워링크,빅포1982 청라점 파워링크,PC,인천부평쌀국수,3,0,0,0,1
"파워링크",빅포1982 파워링크,빅포1982 청라점 파워링크,PC,인천분위기좋은,1,0,0,0,2
"파워링크",빅포1982 파워링크,빅포1982 청라점 파워링크,PC,인천분위기좋은레스토랑,5,0,0,0,5.6
"파워링크",빅포1982 파워링크,빅포1982 청라점 파워링크,PC,인천분위기좋은맛집,1,0,0,0,5
"파워링크",빅포1982 파워링크,빅포1982 청라점 파워링크,PC,인천분위기좋은식당,2,0,0,0,5
"파워링크",빅포1982 파워링크,빅포1982 청라점 파워링크,PC,인천뷔페추천,34,0,0,0,3.6
"파워링크",빅포1982 파워링크,빅포1982 청라점 파워링크,PC,인천뷰좋은맛집,1,0,0,0,7
"파워링크",빅포1982 파워링크,빅포1982 청라점 파워링크,PC,인천빅포,2,0,0,0,1
"파워링크",빅포1982 파워링크,빅포1982 청라점 파워링크,PC,인천서구가볼만한곳,9,0,0,0,2.9
"파워링크",빅포1982 파워링크,빅포1982 청라점 파워링크,PC,인천서구갈만한곳,4,0,0,0,2.5
"파워링크",빅포1982 파워링크,빅포1982 청라점 파워링크,PC,인천서구고기맛집,1,0,0,0,3
"파워링크",빅포1982 파워링크,빅포1982 청라점 파워링크,PC,인천서구국수,5,0,0,0,2.8
"파워링크",빅포1982 파워링크,빅포1982 청라점 파워링크,PC,인천서구동양솥밥,1,0,0,0,1
"파워링크",빅포1982 파워링크,빅포1982 청라점 파워링크,PC,인천서구레스토랑,2,0,0,0,2.5
"파워링크",빅포1982 파워링크,빅포1982 청라점 파워링크,PC,인천서구맛집,3,0,0,0,28.3
"파워링크",빅포1982 파워링크,빅포1982 청라점 파워링크,PC,인천서구맛집추천,4,0,0,0,4.3
"파워링크",빅포1982 파워링크,빅포1982 청라점 파워링크,PC,인천서구베트남식당,2,0,0,0,2
"파워링크",빅포1982 파워링크,빅포1982 청라점 파워링크,PC,인천서구베트남쌀국수,2,0,0,0,2
"파워링크",빅포1982 파워링크,빅포1982 청라점 파워링크,PC,인천서구분위기좋은식당,1,0,0,0,2
"파워링크",빅포1982 파워링크,빅포1982 청라점 파워링크,PC,인천서구빅포1982,1,0,0,0,1
"파워링크",빅포1982 파워링크,빅포1982 청라점 파워링크,PC,인천서구소고기맛집,3,0,0,0,2.3
"파워링크",빅포1982 파워링크,빅포1982 청라점 파워링크,PC,인천서구쌀국수,6,0,0,0,1.7
"파워링크",빅포1982 파워링크,빅포1982 청라점 파워링크,PC,인천서구쌀국수맛집,2,0,0,0,1.5
"파워링크",빅포1982 파워링크,빅포1982 청라점 파워링크,PC,인천서구쌀국수전문점,1,0,0,0,2
"파워링크",빅포1982 파워링크,빅포1982 청라점 파워링크,PC,인천서구양식,1,0,0,0,2
"파워링크",빅포1982 파워링크,빅포1982 청라점 파워링크,PC,인천서구음식,1,0,0,0,1
"파워링크",빅포1982 파워링크,빅포1982 청라점 파워링크,PC,인천서구조개구이,16,0,0,0,1.6
"파워링크",빅포1982 파워링크,빅포1982 청라점 파워링크,PC,인천서구청라맛집,5,0,0,0,5.6
"파워링크",빅포1982 파워링크,빅포1982 청라점 파워링크,PC,인천서구청맛집,96,0,0,0,9.4
"파워링크",빅포1982 파워링크,빅포1982 청라점 파워링크,PC,인천서구카페맛집,1,0,0,0,8
"파워링크",빅포1982 파워링크,빅포1982 청라점 파워링크,PC,인천서구한식,2,0,0,0,2.5
"파워링크",빅포1982 파워링크,빅포1982 청라점 파워링크,PC,인천서구한우맛집,1,0,0,0,6
"파워링크",빅포1982 파워링크,빅포1982 청라점 파워링크,PC,인천송도가볼만한곳,16,0,0,0,25.8
"파워링크",빅포1982 파워링크,빅포1982 청라점 파워링크,PC,인천송도동베트남쌀국수맛집,1,0,0,0,1
"파워링크",빅포1982 파워링크,빅포1982 청라점 파워링크,PC,인천송도맛집,12,0,0,0,39.4
"파워링크",빅포1982 파워링크,빅포1982 청라점 파워링크,PC,인천송도쌀국수,14,0,0,0,1.1
"파워링크",빅포1982 파워링크,빅포1982 청라점 파워링크,PC,인천송도쌀국수맛집,9,0,0,0,1.1
"파워링크",빅포1982 파워링크,빅포1982 청라점 파워링크,PC,인천숨은쌀국수맛집,1,0,0,0,1
"파워링크",빅포1982 파워링크,빅포1982 청라점 파워링크,PC,인천스테이크,82,0,0,0,8.5
"파워링크",빅포1982 파워링크,빅포1982 청라점 파워링크,PC,인천스테이크맛집,87,0,0,0,6.8
"파워링크",빅포1982 파워링크,빅포1982 청라점 파워링크,PC,인천시서구베트남음식,1,0,0,0,2
"파워링크",빅포1982 파워링크,빅포1982 청라점 파워링크,PC,인천쌀,2,0,0,0,2.5
"파워링크",빅포1982 파워링크,빅포1982 청라점 파워링크,PC,인천쌀국수,14,0,0,0,1.7
"파워링크",빅포1982 파워링크,빅포1982 청라점 파워링크,PC,인천쌀국수냉면,1,0,0,0,1
"파워링크",빅포1982 파워링크,빅포1982 청라점 파워링크,PC,인천쌀국수맛집,19,0,0,0,1
"파워링크",빅포1982 파워링크,빅포1982 청라점 파워링크,PC,인천쌀국수추천,1,0,0,0,2
"파워링크",빅포1982 파워링크,빅포1982 청라점 파워링크,PC,인천아라동맛집,6,0,0,0,5.7
"파워링크",빅포1982 파워링크,빅포1982 청라점 파워링크,PC,인천양식맛집,3,0,0,0,2
"파워링크",빅포1982 파워링크,빅포1982 청라점 파워링크,PC,인천에맛집,1,0,0,0,7
"파워링크",빅포1982 파워링크,빅포1982 청라점 파워링크,PC,인천연수구맛집,2,0,0,0,24
"파워링크",빅포1982 파워링크,빅포1982 청라점 파워링크,PC,인천음식,4,0,0,0,2
"파워링크",빅포1982 파워링크,빅포1982 청라점 파워링크,PC,인천음식추천,1,0,0,0,2
"파워링크",빅포1982 파워링크,빅포1982 청라점 파워링크,PC,인천입소문난맛집,2,0,0,0,2
"파워링크",빅포1982 파워링크,빅포1982 청라점 파워링크,PC,인천집근처가볼만한곳,1,0,0,0,3
"파워링크",빅포1982 파워링크,빅포1982 청라점 파워링크,PC,인천청라가볼만한곳,7,0,0,0,1.9
"파워링크",빅포1982 파워링크,빅포1982 청라점 파워링크,PC,인천청라국수,1,0,0,0,2
"파워링크",빅포1982 파워링크,빅포1982 청라점 파워링크,PC,인천청라레스토랑,1,0,0,0,1
"파워링크",빅포1982 파워링크,빅포1982 청라점 파워링크,PC,인천청라맛집,4,0,0,0,21.3
"파워링크",빅포1982 파워링크,빅포1982 청라점 파워링크,PC,인천청라맛집추천,1,1,220,220,2
"파워링크",빅포1982 파워링크,빅포1982 청라점 파워링크,PC,인천청라빅포,1,0,0,0,1
"파워링크",빅포1982 파워링크,빅포1982 청라점 파워링크,PC,인천청라쌀국수,1,0,0,0,3
"파워링크",빅포1982 파워링크,빅포1982 청라점 파워링크,PC,인천추천맛집,1,0,0,0,8
"파워링크",빅포1982 파워링크,빅포1982 청라점 파워링크,PC,인천파스타맛집,56,0,0,0,8.8
"파워링크",빅포1982 파워링크,빅포1982 청라점 파워링크,PC,전국쌀국수맛집,1,0,0,0,1
"파워링크",빅포1982 파워링크,빅포1982 청라점 파워링크,PC,주변맛집쌀국수,1,0,0,0,2
"파워링크",빅포1982 파워링크,빅포1982 청라점 파워링크,PC,주변쌀국수,27,0,0,0,2.5
"파워링크",빅포1982 파워링크,빅포1982 청라점 파워링크,PC,주변쌀국수맛집,1,0,0,0,2
"파워링크",빅포1982 파워링크,빅포1982 청라점 파워링크,PC,주안맛집,79,2,77,154,10.7
"파워링크",빅포1982 파워링크,빅포1982 청라점 파워링크,PC,주안역맛집,74,0,0,0,9.5
"파워링크",빅포1982 파워링크,빅포1982 청라점 파워링크,PC,집에서반쎄오,1,0,0,0,1
"파워링크",빅포1982 파워링크,빅포1982 청라점 파워링크,PC,청라,"6,617",1,77,77,8.6
"파워링크",빅포1982 파워링크,빅포1982 청라점 파워링크,PC,청라1동맛집,1,0,0,0,7
"파워링크",빅포1982 파워링크,빅포1982 청라점 파워링크,PC,청라3동밥집,1,0,0,0,10
"파워링크",빅포1982 파워링크,빅포1982 청라점 파워링크,PC,청라BIGPHO,1,0,0,0,1
"파워링크",빅포1982 파워링크,빅포1982 청라점 파워링크,PC,청라가볼만한곳,7,0,0,0,6.7
"파워링크",빅포1982 파워링크,빅포1982 청라점 파워링크,PC,청라갈만한곳,1,0,0,0,2
"파워링크",빅포1982 파워링크,빅포1982 청라점 파워링크,PC,청라고기국수,3,0,0,0,2
"파워링크",빅포1982 파워링크,빅포1982 청라점 파워링크,PC,청라고기맛집,57,0,0,0,8.2
"파워링크",빅포1982 파워링크,빅포1982 청라점 파워링크,PC,청라고기뷔페,6,0,0,0,1.8
"파워링크",빅포1982 파워링크,빅포1982 청라점 파워링크,PC,청라고기집,71,0,0,0,9.3
"파워링크",빅포1982 파워링크,빅포1982 청라점 파워링크,PC,청라국수,37,0,0,0,1.2
"파워링크",빅포1982 파워링크,빅포1982 청라점 파워링크,PC,청라국수맛집,5,0,0,0,1.8
"파워링크",빅포1982 파워링크,빅포1982 청라점 파워링크,PC,청라까페추천,3,0,0,0,3
"파워링크",빅포1982 파워링크,빅포1982 청라점 파워링크,PC,청라냉면,6,0,0,0,2.8
"파워링크",빅포1982 파워링크,빅포1982 청라점 파워링크,PC,청라냉면맛집,8,0,0,0,2.1
"파워링크",빅포1982 파워링크,빅포1982 청라점 파워링크,PC,청라냉면집,1,0,0,0,2
"파워링크",빅포1982 파워링크,빅포1982 청라점 파워링크,PC,청라대게맛집,1,0,0,0,1
"파워링크",빅포1982 파워링크,빅포1982 청라점 파워링크,PC,청라덮밥,6,0,0,0,1
"파워링크",빅포1982 파워링크,빅포1982 청라점 파워링크,PC,청라동맛집,2,0,0,0,10
"파워링크",빅포1982 파워링크,빅포1982 청라점 파워링크,PC,청라동양솥밥,4,0,0,0,1.3
"파워링크",빅포1982 파워링크,빅포1982 청라점 파워링크,PC,청라디탕,1,0,0,0,2
"파워링크",빅포1982 파워링크,빅포1982 청라점 파워링크,PC,청라띤뜨,24,0,0,0,1.3
"파워링크",빅포1982 파워링크,빅포1982 청라점 파워링크,PC,청라띤뜨나,1,0,0,0,2
"파워링크",빅포1982 파워링크,빅포1982 청라점 파워링크,PC,청라레스토랑,159,0,0,0,6.9
"파워링크",빅포1982 파워링크,빅포1982 청라점 파워링크,PC,청라레스토랑맛집,1,0,0,0,2
"파워링크",빅포1982 파워링크,빅포1982 청라점 파워링크,PC,청라루옥,11,0,0,0,1.3
"파워링크",빅포1982 파워링크,빅포1982 청라점 파워링크,PC,청라막국수맛집,1,0,0,0,3
"파워링크",빅포1982 파워링크,빅포1982 청라점 파워링크,PC,청라맛집,375,2,259,517,8.8
"파워링크",빅포1982 파워링크,빅포1982 청라점 파워링크,PC,청라맛집순위,1,0,0,0,1
"파워링크",빅포1982 파워링크,빅포1982 청라점 파워링크,PC,청라맛집쌀국수,2,0,0,0,1.5
"파워링크",빅포1982 파워링크,빅포1982 청라점 파워링크,PC,청라맛집점심,1,0,0,0,5
"파워링크",빅포1982 파워링크,빅포1982 청라점 파워링크,PC,청라맛집점심특선,1,0,0,0,1
"파워링크",빅포1982 파워링크,빅포1982 청라점 파워링크,PC,청라맛집주차장,1,0,0,0,2
"파워링크",빅포1982 파워링크,빅포1982 청라점 파워링크,PC,청라맛집추천,9,0,0,0,8.8
"파워링크",빅포1982 파워링크,빅포1982 청라점 파워링크,PC,청라맛집파스타,2,0,0,0,6
"파워링크",빅포1982 파워링크,빅포1982 청라점 파워링크,PC,청라맛집포장,2,0,0,0,2
"파워링크",빅포1982 파워링크,빅포1982 청라점 파워링크,PC,청라망향비빔국수,12,0,0,0,1.2
"파워링크",빅포1982 파워링크,빅포1982 청라점 파워링크,PC,청라매운맛집,1,0,0,0,2
"파워링크",빅포1982 파워링크,빅포1982 청라점 파워링크,PC,청라먹자골목,1,0,0,0,5
"파워링크",빅포1982 파워링크,빅포1982 청라점 파워링크,PC,청라명소,1,0,0,0,10
"파워링크",빅포1982 파워링크,빅포1982 청라점 파워링크,PC,청라반쎄오,7,0,0,0,1.6
"파워링크",빅포1982 파워링크,빅포1982 청라점 파워링크,PC,청라반쎄오맛집,7,0,0,0,1.4
"파워링크",빅포1982 파워링크,빅포1982 청라점 파워링크,PC,청라밥맛집,1,0,0,0,2
"파워링크",빅포1982 파워링크,빅포1982 청라점 파워링크,PC,청라밥집추천,1,0,0,0,6
"파워링크",빅포1982 파워링크,빅포1982 청라점 파워링크,PC,청라베이커리까페,1,0,0,0,3
"파워링크",빅포1982 파워링크,빅포1982 청라점 파워링크,PC,청라베이커리카페,3,0,0,0,1
"파워링크",빅포1982 파워링크,빅포1982 청라점 파워링크,PC,청라베트남,2,0,0,0,1.5
"파워링크",빅포1982 파워링크,빅포1982 청라점 파워링크,PC,청라베트남쌀국수,7,0,0,0,1.1
"파워링크",빅포1982 파워링크,빅포1982 청라점 파워링크,PC,청라베트남쌀국수집,1,0,0,0,3
"파워링크",빅포1982 파워링크,빅포1982 청라점 파워링크,PC,청라베트남요리,1,0,0,0,1
"파워링크",빅포1982 파워링크,빅포1982 청라점 파워링크,PC,청라베트남음식,7,0,0,0,2.4
"파워링크",빅포1982 파워링크,빅포1982 청라점 파워링크,PC,청라볶음밥,1,0,0,0,2
"파워링크",빅포1982 파워링크,빅포1982 청라점 파워링크,PC,청라볶음짬뽕,1,0,0,0,1
"파워링크",빅포1982 파워링크,빅포1982 청라점 파워링크,PC,청라분위기맛집,3,0,0,0,3.3
"파워링크",빅포1982 파워링크,빅포1982 청라점 파워링크,PC,청라분위기좋은식당,3,0,0,0,6.7
"파워링크",빅포1982 파워링크,빅포1982 청라점 파워링크,PC,청라분좋카,1,0,0,0,2
"파워링크",빅포1982 파워링크,빅포1982 청라점 파워링크,PC,청라분짜,4,0,0,0,1.3
"파워링크",빅포1982 파워링크,빅포1982 청라점 파워링크,PC,청라분짜하노이,1,0,0,0,1
"파워링크",빅포1982 파워링크,빅포1982 청라점 파워링크,PC,청라불고기맛집,4,0,0,0,1.3
"파워링크",빅포1982 파워링크,빅포1982 청라점 파워링크,PC,청라비빔쌀국수,1,0,0,0,1
"파워링크",빅포1982 파워링크,빅포1982 청라점 파워링크,PC,청라빅포,25,0,0,0,1
"파워링크",빅포1982 파워링크,빅포1982 청라점 파워링크,PC,청라빅포1982,12,0,0,0,2.4
"파워링크",빅포1982 파워링크,빅포1982 청라점 파워링크,PC,청라빅포포장,1,0,0,0,1
"파워링크",빅포1982 파워링크,빅포1982 청라점 파워링크,PC,청라새우,1,0,0,0,1
"파워링크",빅포1982 파워링크,빅포1982 청라점 파워링크,PC,청라술집,81,0,0,0,9.1
"파워링크",빅포1982 파워링크,빅포1982 청라점 파워링크,PC,청라스파게티맛집,3,0,0,0,2
"파워링크",빅포1982 파워링크,빅포1982 청라점 파워링크,PC,청라식당맛집,1,0,0,0,3
"파워링크",빅포1982 파워링크,빅포1982 청라점 파워링크,PC,청라식당추천,2,0,0,0,5
"파워링크",빅포1982 파워링크,빅포1982 청라점 파워링크,PC,청라신도시,114,0,0,0,8.7
"파워링크",빅포1982 파워링크,빅포1982 청라점 파워링크,PC,청라신도시맛집,2,0,0,0,1.5
"파워링크",빅포1982 파워링크,빅포1982 청라점 파워링크,PC,청라쌀국수,186,6,306,"1,837",1.4
"파워링크",빅포1982 파워링크,빅포1982 청라점 파워링크,PC,청라쌀국수띤뜨,1,0,0,0,2
"파워링크",빅포1982 파워링크,빅포1982 청라점 파워링크,PC,청라쌀국수맛집,27,0,0,0,1.3
"파워링크",빅포1982 파워링크,빅포1982 청라점 파워링크,PC,청라쌀국수본점,2,0,0,0,2
"파워링크",빅포1982 파워링크,빅포1982 청라점 파워링크,PC,청라쌀국수분짜,3,0,0,0,1.3
"파워링크",빅포1982 파워링크,빅포1982 청라점 파워링크,PC,청라쌀국수집,1,0,0,0,1
"파워링크",빅포1982 파워링크,빅포1982 청라점 파워링크,PC,청라아침맛집,1,0,0,0,2
"파워링크",빅포1982 파워링크,빅포1982 청라점 파워링크,PC,청라아침메뉴,2,0,0,0,3
"파워링크",빅포1982 파워링크,빅포1982 청라점 파워링크,PC,청라야구장,291,0,0,0,1.6
"파워링크",빅포1982 파워링크,빅포1982 청라점 파워링크,PC,청라양식맛집,7,0,0,0,1.4
"파워링크",빅포1982 파워링크,빅포1982 청라점 파워링크,PC,청라양식집,1,0,0,0,1
"파워링크",빅포1982 파워링크,빅포1982 청라점 파워링크,PC,청라양지쌀국수맛집,4,0,0,0,1
"파워링크",빅포1982 파워링크,빅포1982 청라점 파워링크,PC,청라역맛집,10,0,0,0,2.1
"파워링크",빅포1982 파워링크,빅포1982 청라점 파워링크,PC,청라오픈맛집,1,0,0,0,3
"파워링크",빅포1982 파워링크,빅포1982 청라점 파워링크,PC,청라위드포,2,0,0,0,1
"파워링크",빅포1982 파워링크,빅포1982 청라점 파워링크,PC,청라유명맛집,1,0,0,0,3
"파워링크",빅포1982 파워링크,빅포1982 청라점 파워링크,PC,청라음식,1,0,0,0,5
"파워링크",빅포1982 파워링크,빅포1982 청라점 파워링크,PC,청라음식점,7,0,0,0,2.6
"파워링크",빅포1982 파워링크,빅포1982 청라점 파워링크,PC,청라저녁맛집,2,0,0,0,3
"파워링크",빅포1982 파워링크,빅포1982 청라점 파워링크,PC,청라점심,2,0,0,0,7
"파워링크",빅포1982 파워링크,빅포1982 청라점 파워링크,PC,청라점심맛집,208,0,0,0,5.3
"파워링크",빅포1982 파워링크,빅포1982 청라점 파워링크,PC,청라점심추천,19,0,0,0,3.3
"파워링크",빅포1982 파워링크,빅포1982 청라점 파워링크,PC,청라점심특선,15,0,0,0,2.2
"파워링크",빅포1982 파워링크,빅포1982 청라점 파워링크,PC,청라점심특선맛집,3,0,0,0,3
"파워링크",빅포1982 파워링크,빅포1982 청라점 파워링크,PC,청라주변맛집,3,0,0,0,4
"파워링크",빅포1982 파워링크,빅포1982 청라점 파워링크,PC,청라주점,1,0,0,0,3
"파워링크",빅포1982 파워링크,빅포1982 청라점 파워링크,PC,청라중국집맛집,1,0,0,0,2
"파워링크",빅포1982 파워링크,빅포1982 청라점 파워링크,PC,청라중국집코스,1,0,0,0,1
"파워링크",빅포1982 파워링크,빅포1982 청라점 파워링크,PC,청라지구맛집,17,0,0,0,5.8
"파워링크",빅포1982 파워링크,빅포1982 청라점 파워링크,PC,청라카스테라,2,0,0,0,2.5
"파워링크",빅포1982 파워링크,빅포1982 청라점 파워링크,PC,청라카페,46,0,0,0,2.9
"파워링크",빅포1982 파워링크,빅포1982 청라점 파워링크,PC,청라카페맛집,3,0,0,0,2.3
"파워링크",빅포1982 파워링크,빅포1982 청라점 파워링크,PC,청라카페추천,66,0,0,0,2.4
"파워링크",빅포1982 파워링크,빅포1982 청라점 파워링크,PC,청라커넬,2,0,0,0,2
"파워링크",빅포1982 파워링크,빅포1982 청라점 파워링크,PC,청라커넬맛집,3,0,0,0,2
"파워링크",빅포1982 파워링크,빅포1982 청라점 파워링크,PC,청라커넬웨이맛집,51,0,0,0,1.5
"파워링크",빅포1982 파워링크,빅포1982 청라점 파워링크,PC,청라태국음식점,1,0,0,0,1
"파워링크",빅포1982 파워링크,빅포1982 청라점 파워링크,PC,청라파스타맛있는곳,1,0,0,0,3
"파워링크",빅포1982 파워링크,빅포1982 청라점 파워링크,PC,청라파스타맛집,98,1,77,77,2.4
"파워링크",빅포1982 파워링크,빅포1982 청라점 파워링크,PC,청라파스타존맛,1,0,0,0,2
"파워링크",빅포1982 파워링크,빅포1982 청라점 파워링크,PC,청라파스타집,5,0,0,0,2.4
"파워링크",빅포1982 파워링크,빅포1982 청라점 파워링크,PC,청라파스타추천,1,0,0,0,5
"파워링크",빅포1982 파워링크,빅포1982 청라점 파워링크,PC,청라팟타이,5,0,0,0,1
"파워링크",빅포1982 파워링크,빅포1982 청라점 파워링크,PC,청라포1982,1,0,0,0,1
"파워링크",빅포1982 파워링크,빅포1982 청라점 파워링크,PC,청라포장맛집,1,0,0,0,2
"파워링크",빅포1982 파워링크,빅포1982 청라점 파워링크,PC,청라포장음식,1,0,0,0,2
"파워링크",빅포1982 파워링크,빅포1982 청라점 파워링크,PC,청라한식당추천,1,0,0,0,4
"파워링크",빅포1982 파워링크,빅포1982 청라점 파워링크,PC,청라한우한상,3,0,0,0,1
"파워링크",빅포1982 파워링크,빅포1982 청라점 파워링크,PC,청라한정식,44,0,0,0,2.7
"파워링크",빅포1982 파워링크,빅포1982 청라점 파워링크,PC,청라핫플,12,0,0,0,2.2
"파워링크",빅포1982 파워링크,빅포1982 청라점 파워링크,PC,청라핫플레이스,4,0,0,0,3
"파워링크",빅포1982 파워링크,빅포1982 청라점 파워링크,PC,청라현지맛집,1,0,0,0,1
"파워링크",빅포1982 파워링크,빅포1982 청라점 파워링크,PC,청라현지인맛집,1,0,0,0,3
"파워링크",빅포1982 파워링크,빅포1982 청라점 파워링크,PC,청라호수공원맛집,35,0,0,0,6
"파워링크",빅포1982 파워링크,빅포1982 청라점 파워링크,PC,청라호앙비엣,1,0,0,0,1
"파워링크",빅포1982 파워링크,빅포1982 청라점 파워링크,PC,청라혼밥맛집,3,0,0,0,1
"파워링크",빅포1982 파워링크,빅포1982 청라점 파워링크,PC,청라회식맛집,7,0,0,0,7.9
"파워링크",빅포1982 파워링크,빅포1982 청라점 파워링크,PC,청라회식장소,1,0,0,0,10
"파워링크",빅포1982 파워링크,빅포1982 청라점 파워링크,PC,포웨이쌀국수루원,1,0,0,0,1
"파워링크",빅포1982 파워링크,빅포1982 청라점 파워링크,PC,포웨이쌀국수루원시티,2,0,0,0,1.5
"파워링크",빅포1982 파워링크,빅포1982 청라점 파워링크,PC,포웨이쌀국수청라,1,0,0,0,1
"파워링크",빅포1982 파워링크,빅포1982 청라점 파워링크,PC,프랜차이즈,2,0,0,0,291.5
"파워링크",빅포1982 파워링크,빅포1982 청라점 파워링크,PC,한정식청라,1,0,0,0,1
"파워링크",빅포1982 파워링크,빅포1982 청라점 파워링크,PC,현지쌀국수맛집,1,0,0,0,3
"파워링크",빅포1982 파워링크,빅포1982 청라점 파워링크,PC,호앙비엣청라,1,0,0,0,2
"파워링크",빅포1982 파워링크,빅포1982 청라점 파워링크,PC,후에쌀국수맛집,1,0,0,0,2
"파워링크",빅포1982 파워링크,빅포1982 청라점 파워링크,모바일,1982맛집,1,0,0,0,1
"파워링크",빅포1982 파워링크,빅포1982 청라점 파워링크,모바일,1982반쎄오,1,0,0,0,1
"파워링크",빅포1982 파워링크,빅포1982 청라점 파워링크,모바일,1982빅포,3,0,0,0,1.7
"파워링크",빅포1982 파워링크,빅포1982 청라점 파워링크,모바일,1982쌀국수,4,0,0,0,1.5
"파워링크",빅포1982 파워링크,빅포1982 청라점 파워링크,모바일,1982쌀국수송도,1,0,0,0,2
"파워링크",빅포1982 파워링크,빅포1982 청라점 파워링크,모바일,1982인천매운,3,0,0,0,1
"파워링크",빅포1982 파워링크,빅포1982 청라점 파워링크,모바일,BIGPHO,4,0,0,0,1
"파워링크",빅포1982 파워링크,빅포1982 청라점 파워링크,모바일,BIGPHO1982,11,0,0,0,1.9
"파워링크",빅포1982 파워링크,빅포1982 청라점 파워링크,모바일,BIGPHO1982청라,2,0,0,0,1
"파워링크",빅포1982 파워링크,빅포1982 청라점 파워링크,모바일,BIGPHO1982청라분짜하노이,2,0,0,0,1
"파워링크",빅포1982 파워링크,빅포1982 청라점 파워링크,모바일,BIGPHO1982청라비빔면,1,0,0,0,1
"파워링크",빅포1982 파워링크,빅포1982 청라점 파워링크,모바일,BIGPHO쌀국수,1,0,0,0,2
"파워링크",빅포1982 파워링크,빅포1982 청라점 파워링크,모바일,PHO비빔쌀국수,1,0,0,0,1
"파워링크",빅포1982 파워링크,빅포1982 청라점 파워링크,모바일,가까운베트남쌀국수,1,0,0,0,1
"파워링크",빅포1982 파워링크,빅포1982 청라점 파워링크,모바일,가정동맛집,15,1,77,77,27.5
"파워링크",빅포1982 파워링크,빅포1982 청라점 파워링크,모바일,가정동쌀국수,26,0,0,0,1
"파워링크",빅포1982 파워링크,빅포1982 청라점 파워링크,모바일,가정동쌀국수맛집,9,0,0,0,1
"파워링크",빅포1982 파워링크,빅포1982 청라점 파워링크,모바일,가정루원시티쌀국수,2,0,0,0,1.5
"파워링크",빅포1982 파워링크,빅포1982 청라점 파워링크,모바일,가정맛집,218,0,0,0,2.4
"파워링크",빅포1982 파워링크,빅포1982 청라점 파워링크,모바일,갈쌈청라점,1,0,0,0,2
"파워링크",빅포1982 파워링크,빅포1982 청라점 파워링크,모바일,검단고기집,3,0,0,0,6
"파워링크",빅포1982 파워링크,빅포1982 청라점 파워링크,모바일,검단맛집,61,1,77,77,25.4
"파워링크",빅포1982 파워링크,빅포1982 청라점 파워링크,모바일,검단빅포1982반쎄오,1,0,0,0,1
"파워링크",빅포1982 파워링크,빅포1982 청라점 파워링크,모바일,검단사거리맛집,89,0,0,0,13
"파워링크",빅포1982 파워링크,빅포1982 청라점 파워링크,모바일,검단삼계탕,7,0,0,0,2
"파워링크",빅포1982 파워링크,빅포1982 청라점 파워링크,모바일,검단소고기맛집,14,0,0,0,2.1
"파워링크",빅포1982 파워링크,빅포1982 청라점 파워링크,모바일,검단쌀국수빅포1982,1,0,0,0,1
"파워링크",빅포1982 파워링크,빅포1982 청라점 파워링크,모바일,검단한우맛집,2,0,0,0,2
"파워링크",빅포1982 파워링크,빅포1982 청라점 파워링크,모바일,검암동맛있는집,1,0,0,0,12
"파워링크",빅포1982 파워링크,빅포1982 청라점 파워링크,모바일,검암동맛집,9,0,0,0,6.2
"파워링크",빅포1982 파워링크,빅포1982 청라점 파워링크,모바일,계양구맛집,102,0,0,0,26.2
"파워링크",빅포1982 파워링크,빅포1982 청라점 파워링크,모바일,계양구청맛집,128,0,0,0,13
"파워링크",빅포1982 파워링크,빅포1982 청라점 파워링크,모바일,계양맛집,20,1,77,77,20.7
"파워링크",빅포1982 파워링크,빅포1982 청라점 파워링크,모바일,고촌맛집,92,1,77,77,15.1
"파워링크",빅포1982 파워링크,빅포1982 청라점 파워링크,모바일,곱창쌀국수,"1,643",1,66,66,2.4
"파워링크",빅포1982 파워링크,빅포1982 청라점 파워링크,모바일,곱창쌀국수맛집,2,0,0,0,1
"파워링크",빅포1982 파워링크,빅포1982 청라점 파워링크,모바일,구래동맛집,161,6,77,462,19.7
"파워링크",빅포1982 파워링크,빅포1982 청라점 파워링크,모바일,구래역맛집,57,1,77,77,9.7
"파워링크",빅포1982 파워링크,빅포1982 청라점 파워링크,모바일,구월동맛집,107,1,77,77,34
"파워링크",빅포1982 파워링크,빅포1982 청라점 파워링크,모바일,구월동쌀국수추천,6,0,0,0,1
"파워링크",빅포1982 파워링크,빅포1982 청라점 파워링크,모바일,국수요리,109,0,0,0,2.5
"파워링크",빅포1982 파워링크,빅포1982 청라점 파워링크,모바일,국수인천,1,0,0,0,2
"파워링크",빅포1982 파워링크,빅포1982 청라점 파워링크,모바일,국수청라,8,0,0,0,1.3
"파워링크",빅포1982 파워링크,빅포1982 청라점 파워링크,모바일,근교쌀국수맛집,1,0,0,0,3
"파워링크",빅포1982 파워링크,빅포1982 청라점 파워링크,모바일,근처맛집쌀국수,4,0,0,0,2.5
"파워링크",빅포1982 파워링크,빅포1982 청라점 파워링크,모바일,근처분짜쌀국수,1,0,0,0,2
"파워링크",빅포1982 파워링크,빅포1982 청라점 파워링크,모바일,근처식당쌀국수,2,0,0,0,3
"파워링크",빅포1982 파워링크,빅포1982 청라점 파워링크,모바일,근처쌀국수맛집,175,1,429,429,2.6
"파워링크",빅포1982 파워링크,빅포1982 청라점 파워링크,모바일,근처쌀국수음식점,1,0,0,0,3
"파워링크",빅포1982 파워링크,빅포1982 청라점 파워링크,모바일,근처쌀국수집,6,0,0,0,2.2
"파워링크",빅포1982 파워링크,빅포1982 청라점 파워링크,모바일,김포맛집,122,2,77,154,42.8
"파워링크",빅포1982 파워링크,빅포1982 청라점 파워링크,모바일,까페거리쌀국수,1,1,198,198,1
"파워링크",빅포1982 파워링크,빅포1982 청라점 파워링크,모바일,남동구맛집,20,0,0,0,28.9
"파워링크",빅포1982 파워링크,빅포1982 청라점 파워링크,모바일,내근처쌀국수,43,0,0,0,1.8
"파워링크",빅포1982 파워링크,빅포1982 청라점 파워링크,모바일,내근처쌀국수가게,1,0,0,0,1
"파워링크",빅포1982 파워링크,빅포1982 청라점 파워링크,모바일,내근처쌀국수맛집,7,0,0,0,2.3
"파워링크",빅포1982 파워링크,빅포1982 청라점 파워링크,모바일,내주변맛집갈,1,0,0,0,1
"파워링크",빅포1982 파워링크,빅포1982 청라점 파워링크,모바일,내주변맛집쌀국수,1,0,0,0,1
"파워링크",빅포1982 파워링크,빅포1982 청라점 파워링크,모바일,내주변쌀국수,17,0,0,0,1.9
"파워링크",빅포1982 파워링크,빅포1982 청라점 파워링크,모바일,내주변쌀국수맛집,2,0,0,0,1
"파워링크",빅포1982 파워링크,빅포1982 청라점 파워링크,모바일,내주변쌀국수집,2,0,0,0,1
"파워링크",빅포1982 파워링크,빅포1982 청라점 파워링크,모바일,냉면맛집청라,8,0,0,0,2.3
"파워링크",빅포1982 파워링크,빅포1982 청라점 파워링크,모바일,냉면청라,3,0,0,0,3.3
"파워링크",빅포1982 파워링크,빅포1982 청라점 파워링크,모바일,냐고비엣반쎄오,2,0,0,0,1
"파워링크",빅포1982 파워링크,빅포1982 청라점 파워링크,모바일,당하동맛집,55,2,77,154,9.8
"파워링크",빅포1982 파워링크,빅포1982 청라점 파워링크,모바일,더맛나청라,1,0,0,0,1
"파워링크",빅포1982 파워링크,빅포1982 청라점 파워링크,모바일,덮밥청라,2,0,0,0,1
"파워링크",빅포1982 파워링크,빅포1982 청라점 파워링크,모바일,도가니쌀국수,29,2,77,154,1
"파워링크",빅포1982 파워링크,빅포1982 청라점 파워링크,모바일,동네맛집쌀국수,1,0,0,0,1
"파워링크",빅포1982 파워링크,빅포1982 청라점 파워링크,모바일,동양솥밥인천,2,0,0,0,1
"파워링크",빅포1982 파워링크,빅포1982 청라점 파워링크,모바일,동양솥밥인천서구,1,0,0,0,1
"파워링크",빅포1982 파워링크,빅포1982 청라점 파워링크,모바일,동양솥밥청라,112,0,0,0,1.2
"파워링크",빅포1982 파워링크,빅포1982 청라점 파워링크,모바일,동양솥밥청라점,1,0,0,0,2
"파워링크",빅포1982 파워링크,빅포1982 청라점 파워링크,모바일,두끼인천청라점,1,0,0,0,1
"파워링크",빅포1982 파워링크,빅포1982 청라점 파워링크,모바일,띤뜨청라,22,0,0,0,1.6
"파워링크",빅포1982 파워링크,빅포1982 청라점 파워링크,모바일,띤뜨청라본점,2,0,0,0,1.5
"파워링크",빅포1982 파워링크,빅포1982 청라점 파워링크,모바일,루옥청라맛집양지쌀국수,596,0,0,0,1.2
"파워링크",빅포1982 파워링크,빅포1982 청라점 파워링크,모바일,루원빅포,18,1,77,77,1
"파워링크",빅포1982 파워링크,빅포1982 청라점 파워링크,모바일,루원빅포1982,6,0,0,0,1.3
"파워링크",빅포1982 파워링크,빅포1982 청라점 파워링크,모바일,루원시티.쌀국수,1,0,0,0,2
"파워링크",빅포1982 파워링크,빅포1982 청라점 파워링크,모바일,루원시티국수맛집,3,0,0,0,2.3
"파워링크",빅포1982 파워링크,빅포1982 청라점 파워링크,모바일,루원시티냉면맛있는집,1,0,0,0,3
"파워링크",빅포1982 파워링크,빅포1982 청라점 파워링크,모바일,루원시티디탕,1,0,0,0,2
"파워링크",빅포1982 파워링크,빅포1982 청라점 파워링크,모바일,루원시티맛집,61,1,77,77,23.8
"파워링크",빅포1982 파워링크,빅포1982 청라점 파워링크,모바일,루원시티빅포1982,9,0,0,0,1.1
"파워링크",빅포1982 파워링크,빅포1982 청라점 파워링크,모바일,루원시티쌀국수,57,0,0,0,1.8
"파워링크",빅포1982 파워링크,빅포1982 청라점 파워링크,모바일,루원시티쌀국수맛집,20,0,0,0,1.6
"파워링크",빅포1982 파워링크,빅포1982 청라점 파워링크,모바일,루원시티쌀국수집,3,0,0,0,1.3
"파워링크",빅포1982 파워링크,빅포1982 청라점 파워링크,모바일,루원시티음식점,2,0,0,0,3
"파워링크",빅포1982 파워링크,빅포1982 청라점 파워링크,모바일,막국수,4,0,0,0,75.8
"파워링크",빅포1982 파워링크,빅포1982 청라점 파워링크,모바일,막국수맛집,3,0,0,0,53
"파워링크",빅포1982 파워링크,빅포1982 청라점 파워링크,모바일,맛집,13,0,0,0,19.4
"파워링크",빅포1982 파워링크,빅포1982 청라점 파워링크,모바일,맛집청라,1,0,0,0,4
"파워링크",빅포1982 파워링크,빅포1982 청라점 파워링크,모바일,망향비빔국수청라,112,0,0,0,1
"파워링크",빅포1982 파워링크,빅포1982 청라점 파워링크,모바일,매운쌀국수맛집,1,0,0,0,3
"파워링크",빅포1982 파워링크,빅포1982 청라점 파워링크,모바일,모닝글로리볶음,"2,980",12,77,924,3.6
"파워링크",빅포1982 파워링크,빅포1982 청라점 파워링크,모바일,모듬베트남쌀국수,1,0,0,0,1
"파워링크",빅포1982 파워링크,빅포1982 청라점 파워링크,모바일,반쎄오루원,1,0,0,0,2
"파워링크",빅포1982 파워링크,빅포1982 청라점 파워링크,모바일,반쎄오맛있는집,1,0,0,0,1
"파워링크",빅포1982 파워링크,빅포1982 청라점 파워링크,모바일,반쎄오맛집,921,2,77,154,2
"파워링크",빅포1982 파워링크,빅포1982 청라점 파워링크,모바일,반쎄오분짜,2,0,0,0,3
"파워링크",빅포1982 파워링크,빅포1982 청라점 파워링크,모바일,반쎄오비슷한메뉴,1,0,0,0,1
"파워링크",빅포1982 파워링크,빅포1982 청라점 파워링크,모바일,반쎄오비슷한음식,1,0,0,0,1
"파워링크",빅포1982 파워링크,빅포1982 청라점 파워링크,모바일,반쎄오빅포,1,0,0,0,1
"파워링크",빅포1982 파워링크,빅포1982 청라점 파워링크,모바일,반쎄오쌀국수,4,0,0,0,2
"파워링크",빅포1982 파워링크,빅포1982 청라점 파워링크,모바일,반쎄오주는집,1,0,0,0,2
"파워링크",빅포1982 파워링크,빅포1982 청라점 파워링크,모바일,반쎄오집에서,2,0,0,0,2.5
"파워링크",빅포1982 파워링크,빅포1982 청라점 파워링크,모바일,반쎄오파는곳,3,0,0,0,1.3
"파워링크",빅포1982 파워링크,빅포1982 청라점 파워링크,모바일,배곧맛집,111,1,77,77,24.3
"파워링크",빅포1982 파워링크,빅포1982 청라점 파워링크,모바일,배달쌀국수,13,2,77,154,3.8
"파워링크",빅포1982 파워링크,빅포1982 청라점 파워링크,모바일,배달쌀국수맛집,2,0,0,0,3
"파워링크",빅포1982 파워링크,빅포1982 청라점 파워링크,모바일,베트남.음식점,1,0,0,0,2
"파워링크",빅포1982 파워링크,빅포1982 청라점 파워링크,모바일,베트남다낭가볼만한곳,23,1,77,77,10
"파워링크",빅포1982 파워링크,빅포1982 청라점 파워링크,모바일,베트남맛집쌀국수,1,0,0,0,3
"파워링크",빅포1982 파워링크,빅포1982 청라점 파워링크,모바일,베트남비빔쌀국수,22,0,0,0,1.5
"파워링크",빅포1982 파워링크,빅포1982 청라점 파워링크,모바일,베트남식당청라,1,0,0,0,1
"파워링크",빅포1982 파워링크,빅포1982 청라점 파워링크,모바일,베트남쌀국수,6,2,77,154,26.7
"파워링크",빅포1982 파워링크,빅포1982 청라점 파워링크,모바일,베트남쌀국수1980,2,0,0,0,1
"파워링크",빅포1982 파워링크,빅포1982 청라점 파워링크,모바일,베트남쌀국수1982,2,0,0,0,2
"파워링크",빅포1982 파워링크,빅포1982 청라점 파워링크,모바일,베트남쌀국수국물,4,0,0,0,1
"파워링크",빅포1982 파워링크,빅포1982 청라점 파워링크,모바일,베트남쌀국수랑비슷한곳,1,0,0,0,1
"파워링크",빅포1982 파워링크,빅포1982 청라점 파워링크,모바일,베트남쌀국수맛있는곳,1,0,0,0,2
"파워링크",빅포1982 파워링크,빅포1982 청라점 파워링크,모바일,베트남쌀국수맛집,43,0,0,0,2.9
"파워링크",빅포1982 파워링크,빅포1982 청라점 파워링크,모바일,베트남쌀국수맛집비엣,1,0,0,0,1
"파워링크",빅포1982 파워링크,빅포1982 청라점 파워링크,모바일,베트남쌀국수맛집인천,2,0,0,0,1.5
"파워링크",빅포1982 파워링크,빅포1982 청라점 파워링크,모바일,베트남쌀국수맛집청라,1,0,0,0,2
"파워링크",빅포1982 파워링크,빅포1982 청라점 파워링크,모바일,베트남쌀국수메뉴판,2,0,0,0,3.5
"파워링크",빅포1982 파워링크,빅포1982 청라점 파워링크,모바일,베트남쌀국수서구,3,0,0,0,1.7
"파워링크",빅포1982 파워링크,빅포1982 청라점 파워링크,모바일,베트남쌀국수송도점,1,1,77,77,1
"파워링크",빅포1982 파워링크,빅포1982 청라점 파워링크,모바일,베트남쌀국수쌀튀김,1,0,0,0,2
"파워링크",빅포1982 파워링크,빅포1982 청라점 파워링크,모바일,베트남쌀국수우삼겹,2,0,0,0,2.5
"파워링크",빅포1982 파워링크,빅포1982 청라점 파워링크,모바일,베트남쌀국수인천,4,0,0,0,1.3
"파워링크",빅포1982 파워링크,빅포1982 청라점 파워링크,모바일,베트남쌀국수인천서구,4,0,0,0,1
"파워링크",빅포1982 파워링크,빅포1982 청라점 파워링크,모바일,베트남쌀국수잘하는곳,1,0,0,0,1
"파워링크",빅포1982 파워링크,빅포1982 청라점 파워링크,모바일,베트남쌀국수찐맛집,1,0,0,0,1
"파워링크",빅포1982 파워링크,빅포1982 청라점 파워링크,모바일,베트남쌀국수청라,4,0,0,0,1
"파워링크",빅포1982 파워링크,빅포1982 청라점 파워링크,모바일,베트남쌀국수청라점,2,0,0,0,2
"파워링크",빅포1982 파워링크,빅포1982 청라점 파워링크,모바일,베트남쌀국수하노이맛집,1,0,0,0,1
"파워링크",빅포1982 파워링크,빅포1982 청라점 파워링크,모바일,베트남쌀국수현지인맛집청라,1,0,0,0,2
"파워링크",빅포1982 파워링크,빅포1982 청라점 파워링크,모바일,베트남쌈맛집,13,0,0,0,1.1
"파워링크",빅포1982 파워링크,빅포1982 청라점 파워링크,모바일,베트남에서음식점,1,0,0,0,4
"파워링크",빅포1982 파워링크,빅포1982 청라점 파워링크,모바일,베트남요리,2,0,0,0,17.5
"파워링크",빅포1982 파워링크,빅포1982 청라점 파워링크,모바일,베트남음식맛집,73,0,0,0,2.9
"파워링크",빅포1982 파워링크,빅포1982 청라점 파워링크,모바일,베트남음식맛집송도,1,0,0,0,1
"파워링크",빅포1982 파워링크,빅포1982 청라점 파워링크,모바일,베트남음식요리,1,0,0,0,3
"파워링크",빅포1982 파워링크,빅포1982 청라점 파워링크,모바일,베트남음식점,31,0,0,0,6.4
"파워링크",빅포1982 파워링크,빅포1982 청라점 파워링크,모바일,베트남음식점인천,1,0,0,0,1
"파워링크",빅포1982 파워링크,빅포1982 청라점 파워링크,모바일,베트남음식점청라,5,0,0,0,1.6
"파워링크",빅포1982 파워링크,빅포1982 청라점 파워링크,모바일,베트남한우쌀국수,1,0,0,0,3
"파워링크",빅포1982 파워링크,빅포1982 청라점 파워링크,모바일,베트남현지쌀국수맛집,1,0,0,0,3
"파워링크",빅포1982 파워링크,빅포1982 청라점 파워링크,모바일,볶음쌀국수맛집,8,0,0,0,2
"파워링크",빅포1982 파워링크,빅포1982 청라점 파워링크,모바일,부평동쌀국수,2,0,0,0,1
"파워링크",빅포1982 파워링크,빅포1982 청라점 파워링크,모바일,부평동쌀국수맛집,1,0,0,0,1
"파워링크",빅포1982 파워링크,빅포1982 청라점 파워링크,모바일,부평맛집,80,2,77,154,40.6
"파워링크",빅포1982 파워링크,빅포1982 청라점 파워링크,모바일,부평베트남쌀국수맛집,1,0,0,0,1
"파워링크",빅포1982 파워링크,빅포1982 청라점 파워링크,모바일,부평빅포1982,7,0,0,0,1
"파워링크",빅포1982 파워링크,빅포1982 청라점 파워링크,모바일,부평역맛집,70,0,0,0,30
"파워링크",빅포1982 파워링크,빅포1982 청라점 파워링크,모바일,분위기좋은국수맛집,1,0,0,0,1
"파워링크",빅포1982 파워링크,빅포1982 청라점 파워링크,모바일,분위기좋은레스토랑,1,0,0,0,76
"파워링크",빅포1982 파워링크,빅포1982 청라점 파워링크,모바일,분위기좋은레스토랑인천,2,0,0,0,2
"파워링크",빅포1982 파워링크,빅포1982 청라점 파워링크,모바일,분위기좋은쌀국수,3,0,0,0,2
"파워링크",빅포1982 파워링크,빅포1982 청라점 파워링크,모바일,분짜국수,11,0,0,0,3.1
"파워링크",빅포1982 파워링크,빅포1982 청라점 파워링크,모바일,분짜맛집,6,0,0,0,3.8
"파워링크",빅포1982 파워링크,빅포1982 청라점 파워링크,모바일,분짜반쎄오,6,0,0,0,2.7
"파워링크",빅포1982 파워링크,빅포1982 청라점 파워링크,모바일,분짜반쎄오맛집,1,0,0,0,2
"파워링크",빅포1982 파워링크,빅포1982 청라점 파워링크,모바일,분짜쌀국수,6,0,0,0,3
"파워링크",빅포1982 파워링크,빅포1982 청라점 파워링크,모바일,분짜쌀국수차이,1,0,0,0,1
"파워링크",빅포1982 파워링크,빅포1982 청라점 파워링크,모바일,분짜와쌀국수차이점,1,0,0,0,1
"파워링크",빅포1982 파워링크,빅포1982 청라점 파워링크,모바일,불고기청라,1,0,0,0,2
"파워링크",빅포1982 파워링크,빅포1982 청라점 파워링크,모바일,뷔페쌀국수,1,0,0,0,1
"파워링크",빅포1982 파워링크,빅포1982 청라점 파워링크,모바일,비빔쌀국수,95,0,0,0,1.2
"파워링크",빅포1982 파워링크,빅포1982 청라점 파워링크,모바일,비빔쌀국수맛집,7,0,0,0,1.4
"파워링크",빅포1982 파워링크,빅포1982 청라점 파워링크,모바일,비빔쌀국수분짜,3,0,0,0,2
"파워링크",빅포1982 파워링크,빅포1982 청라점 파워링크,모바일,비빔쌀국수인천,1,1,77,77,1
"파워링크",빅포1982 파워링크,빅포1982 청라점 파워링크,모바일,빅1982분짜,2,0,0,0,1
"파워링크",빅포1982 파워링크,빅포1982 청라점 파워링크,모바일,빅PHO,1,0,0,0,1
"파워링크",빅포1982 파워링크,빅포1982 청라점 파워링크,모바일,빅사이트맛집,1,0,0,0,1
"파워링크",빅포1982 파워링크,빅포1982 청라점 파워링크,모바일,빅포,765,6,77,462,1.6
"파워링크",빅포1982 파워링크,빅포1982 청라점 파워링크,모바일,빅포.청라,1,0,0,0,1
"파워링크",빅포1982 파워링크,빅포1982 청라점 파워링크,모바일,빅포.청라분짜,1,0,0,0,1
"파워링크",빅포1982 파워링크,빅포1982 청라점 파워링크,모바일,빅포1982,"3,997",50,63,"3,135",2
"파워링크",빅포1982 파워링크,빅포1982 청라점 파워링크,모바일,빅포1982도가니쌀국수,1,0,0,0,1
"파워링크",빅포1982 파워링크,빅포1982 청라점 파워링크,모바일,빅포1982루원,12,0,0,0,1
"파워링크",빅포1982 파워링크,빅포1982 청라점 파워링크,모바일,빅포1982루원시티,3,0,0,0,1.7
"파워링크",빅포1982 파워링크,빅포1982 청라점 파워링크,모바일,빅포1982루원시티가정점,2,0,0,0,1
"파워링크",빅포1982 파워링크,빅포1982 청라점 파워링크,모바일,빅포1982루원시티반쎄오,1,0,0,0,2
"파워링크",빅포1982 파워링크,빅포1982 청라점 파워링크,모바일,빅포1982루원시티점,1,0,0,0,1
"파워링크",빅포1982 파워링크,빅포1982 청라점 파워링크,모바일,빅포1982루원주차,1,0,0,0,1
"파워링크",빅포1982 파워링크,빅포1982 청라점 파워링크,모바일,빅포1982마늘,1,0,0,0,1
"파워링크",빅포1982 파워링크,빅포1982 청라점 파워링크,모바일,빅포1982매장청라,1,0,0,0,1
"파워링크",빅포1982 파워링크,빅포1982 청라점 파워링크,모바일,빅포1982맥주,1,0,0,0,1
"파워링크",빅포1982 파워링크,빅포1982 청라점 파워링크,모바일,빅포1982메뉴,6,0,0,0,1
"파워링크",빅포1982 파워링크,빅포1982 청라점 파워링크,모바일,빅포1982메뉴추천,1,0,0,0,2
"파워링크",빅포1982 파워링크,빅포1982 청라점 파워링크,모바일,빅포1982반쎄오,11,1,77,77,1
"파워링크",빅포1982 파워링크,빅포1982 청라점 파워링크,모바일,빅포1982반쎄오먹는법,1,0,0,0,1
"파워링크",빅포1982 파워링크,빅포1982 청라점 파워링크,모바일,빅포1982밥,1,0,0,0,1
"파워링크",빅포1982 파워링크,빅포1982 청라점 파워링크,모바일,빅포1982본점,9,0,0,0,1
"파워링크",빅포1982 파워링크,빅포1982 청라점 파워링크,모바일,빅포1982부평,10,0,0,0,1.1
"파워링크",빅포1982 파워링크,빅포1982 청라점 파워링크,모바일,빅포1982부평메뉴,1,0,0,0,1
"파워링크",빅포1982 파워링크,빅포1982 청라점 파워링크,모바일,빅포1982부평반쎄오,1,0,0,0,1
"파워링크",빅포1982 파워링크,빅포1982 청라점 파워링크,모바일,빅포1982부평점,3,0,0,0,1
"파워링크",빅포1982 파워링크,빅포1982 청라점 파워링크,모바일,빅포1982분짜,13,0,0,0,1
"파워링크",빅포1982 파워링크,빅포1982 청라점 파워링크,모바일,빅포1982분짜하노이,1,0,0,0,1
"파워링크",빅포1982 파워링크,빅포1982 청라점 파워링크,모바일,빅포1982소스,1,0,0,0,1
"파워링크",빅포1982 파워링크,빅포1982 청라점 파워링크,모바일,빅포1982송도점,4,0,0,0,2
"파워링크",빅포1982 파워링크,빅포1982 청라점 파워링크,모바일,빅포1982숙주,1,0,0,0,1
"파워링크",빅포1982 파워링크,빅포1982 청라점 파워링크,모바일,빅포1982스페셜모듬쌀국수,1,0,0,0,1
"파워링크",빅포1982 파워링크,빅포1982 청라점 파워링크,모바일,빅포1982쌀국수,1,0,0,0,2
"파워링크",빅포1982 파워링크,빅포1982 청라점 파워링크,모바일,빅포1982쌀국수맛있게먹는법,1,0,0,0,2
"파워링크",빅포1982 파워링크,빅포1982 청라점 파워링크,모바일,빅포1982쌀국수밥,1,0,0,0,2
"파워링크",빅포1982 파워링크,빅포1982 청라점 파워링크,모바일,빅포1982쌀국수칼로리,2,0,0,0,1.5
"파워링크",빅포1982 파워링크,빅포1982 청라점 파워링크,모바일,빅포1982쎄오,1,0,0,0,1
"파워링크",빅포1982 파워링크,빅포1982 청라점 파워링크,모바일,빅포1982양지쌀국수,1,0,0,0,1
"파워링크",빅포1982 파워링크,빅포1982 청라점 파워링크,모바일,빅포1982양파,1,0,0,0,1
"파워링크",빅포1982 파워링크,빅포1982 청라점 파워링크,모바일,빅포1982얼큰쌀국수,1,0,0,0,2
"파워링크",빅포1982 파워링크,빅포1982 청라점 파워링크,모바일,빅포1982영종분짜,1,0,0,0,1
"파워링크",빅포1982 파워링크,빅포1982 청라점 파워링크,모바일,빅포1982우삼겹,2,0,0,0,1
"파워링크",빅포1982 파워링크,빅포1982 청라점 파워링크,모바일,빅포1982인천,1,0,0,0,1
"파워링크",빅포1982 파워링크,빅포1982 청라점 파워링크,모바일,빅포1982짬뽕,1,0,0,0,1
"파워링크",빅포1982 파워링크,빅포1982 청라점 파워링크,모바일,빅포1982짬뽕쌀국수,2,0,0,0,1.5
"파워링크",빅포1982 파워링크,빅포1982 청라점 파워링크,모바일,빅포1982청라,161,0,0,0,1.1
"파워링크",빅포1982 파워링크,빅포1982 청라점 파워링크,모바일,빅포1982청라가정,2,0,0,0,1
"파워링크",빅포1982 파워링크,빅포1982 청라점 파워링크,모바일,빅포1982청라도가니,1,0,0,0,1
"파워링크",빅포1982 파워링크,빅포1982 청라점 파워링크,모바일,빅포1982청라루원시티,1,0,0,0,1
"파워링크",빅포1982 파워링크,빅포1982 청라점 파워링크,모바일,빅포1982청라반쎄오,1,0,0,0,1
"파워링크",빅포1982 파워링크,빅포1982 청라점 파워링크,모바일,빅포1982청라배달,1,0,0,0,2
"파워링크",빅포1982 파워링크,빅포1982 청라점 파워링크,모바일,빅포1982청라본점,1,0,0,0,1
"파워링크",빅포1982 파워링크,빅포1982 청라점 파워링크,모바일,빅포1982청라점,2,0,0,0,1.5
"파워링크",빅포1982 파워링크,빅포1982 청라점 파워링크,모바일,빅포1982청라주차,2,0,0,0,1
"파워링크",빅포1982 파워링크,빅포1982 청라점 파워링크,모바일,빅포1982청라주차장,2,0,0,0,1
"파워링크",빅포1982 파워링크,빅포1982 청라점 파워링크,모바일,빅포1982청라짬뽕,1,0,0,0,1
"파워링크",빅포1982 파워링크,빅포1982 청라점 파워링크,모바일,빅포1982청라포장,6,0,0,0,1
"파워링크",빅포1982 파워링크,빅포1982 청라점 파워링크,모바일,빅포1982청라포장후기,2,0,0,0,1
"파워링크",빅포1982 파워링크,빅포1982 청라점 파워링크,모바일,빅포1982추천메뉴,2,0,0,0,2
"파워링크",빅포1982 파워링크,빅포1982 청라점 파워링크,모바일,빅포1982포장,15,0,0,0,1
"파워링크",빅포1982 파워링크,빅포1982 청라점 파워링크,모바일,빅포1982하노이분짜,1,0,0,0,1
"파워링크",빅포1982 파워링크,빅포1982 청라점 파워링크,모바일,빅포PHO1982인천,1,0,0,0,1
"파워링크",빅포1982 파워링크,빅포1982 청라점 파워링크,모바일,빅포도가니쌀국수,1,0,0,0,1
"파워링크",빅포1982 파워링크,빅포1982 청라점 파워링크,모바일,빅포루원,4,0,0,0,1.3
"파워링크",빅포1982 파워링크,빅포1982 청라점 파워링크,모바일,빅포반쎄오,9,0,0,0,1
"파워링크",빅포1982 파워링크,빅포1982 청라점 파워링크,모바일,빅포분짜,2,0,0,0,1
"파워링크",빅포1982 파워링크,빅포1982 청라점 파워링크,모바일,빅포송도점,1,0,0,0,1
"파워링크",빅포1982 파워링크,빅포1982 청라점 파워링크,모바일,빅포쌀,1,0,0,0,3
"파워링크",빅포1982 파워링크,빅포1982 청라점 파워링크,모바일,빅포쌀국수,114,0,0,0,1
"파워링크",빅포1982 파워링크,빅포1982 청라점 파워링크,모바일,빅포쌀국수매장사진,1,1,77,77,1
"파워링크",빅포1982 파워링크,빅포1982 청라점 파워링크,모바일,빅포쌀국수송도,1,0,0,0,2
"파워링크",빅포1982 파워링크,빅포1982 청라점 파워링크,모바일,빅포쌀국수청라점,1,0,0,0,1
"파워링크",빅포1982 파워링크,빅포1982 청라점 파워링크,모바일,빅포청라,38,0,0,0,1.2
"파워링크",빅포1982 파워링크,빅포1982 청라점 파워링크,모바일,빅포청라점,3,0,0,0,1
"파워링크",빅포1982 파워링크,빅포1982 청라점 파워링크,모바일,빅포청라포장,1,0,0,0,1
"파워링크",빅포1982 파워링크,빅포1982 청라점 파워링크,모바일,삼거리쌀국수비빔,1,0,0,0,1
"파워링크",빅포1982 파워링크,빅포1982 청라점 파워링크,모바일,서구가볼만한곳,8,0,0,0,3.3
"파워링크",빅포1982 파워링크,빅포1982 청라점 파워링크,모바일,서구가정동쌀국수,1,0,0,0,2
"파워링크",빅포1982 파워링크,빅포1982 청라점 파워링크,모바일,서구골목맛집,3,0,0,0,1
"파워링크",빅포1982 파워링크,빅포1982 청라점 파워링크,모바일,서구국수,15,0,0,0,1.4
"파워링크",빅포1982 파워링크,빅포1982 청라점 파워링크,모바일,서구국수맛집,5,0,0,0,1.6
"파워링크",빅포1982 파워링크,빅포1982 청라점 파워링크,모바일,서구당하동맛집,1,0,0,0,1
"파워링크",빅포1982 파워링크,빅포1982 청라점 파워링크,모바일,서구당하동쌀국수,3,0,0,0,1
"파워링크",빅포1982 파워링크,빅포1982 청라점 파워링크,모바일,서구맛집,28,0,0,0,14.3
"파워링크",빅포1982 파워링크,빅포1982 청라점 파워링크,모바일,서구맛집.,1,0,0,0,3
"파워링크",빅포1982 파워링크,빅포1982 청라점 파워링크,모바일,서구맛집인천,1,0,0,0,2
"파워링크",빅포1982 파워링크,빅포1982 청라점 파워링크,모바일,서구반쎄오,2,0,0,0,1
"파워링크",빅포1982 파워링크,빅포1982 청라점 파워링크,모바일,서구반쎄오맛집,1,0,0,0,2
"파워링크",빅포1982 파워링크,빅포1982 청라점 파워링크,모바일,서구베이커리,6,0,0,0,2.2
"파워링크",빅포1982 파워링크,빅포1982 청라점 파워링크,모바일,서구베트남식당,2,0,0,0,1.5
"파워링크",빅포1982 파워링크,빅포1982 청라점 파워링크,모바일,서구베트남쌀국수,3,1,209,209,1.3
"파워링크",빅포1982 파워링크,빅포1982 청라점 파워링크,모바일,서구베트남음식,2,0,0,0,2
"파워링크",빅포1982 파워링크,빅포1982 청라점 파워링크,모바일,서구베트남음식점,1,0,0,0,2
"파워링크",빅포1982 파워링크,빅포1982 청라점 파워링크,모바일,서구소고기맛집,1,0,0,0,4
"파워링크",빅포1982 파워링크,빅포1982 청라점 파워링크,모바일,서구송도맛집,2,0,0,0,1
"파워링크",빅포1982 파워링크,빅포1982 청라점 파워링크,모바일,서구식당,25,0,0,0,2.2
"파워링크",빅포1982 파워링크,빅포1982 청라점 파워링크,모바일,서구쌀국수,42,0,0,0,1.7
"파워링크",빅포1982 파워링크,빅포1982 청라점 파워링크,모바일,서구쌀국수맛집,3,0,0,0,1.7
"파워링크",빅포1982 파워링크,빅포1982 청라점 파워링크,모바일,서구양식맛집,3,0,0,0,1.7
"파워링크",빅포1982 파워링크,빅포1982 청라점 파워링크,모바일,서구양식집,2,0,0,0,1
"파워링크",빅포1982 파워링크,빅포1982 청라점 파워링크,모바일,서구음식,4,0,0,0,1.8
"파워링크",빅포1982 파워링크,빅포1982 청라점 파워링크,모바일,서구음식점,1,0,0,0,4
"파워링크",빅포1982 파워링크,빅포1982 청라점 파워링크,모바일,서구인천카페,1,0,0,0,2
"파워링크",빅포1982 파워링크,빅포1982 청라점 파워링크,모바일,서구청라냉면,3,0,0,0,2
"파워링크",빅포1982 파워링크,빅포1982 청라점 파워링크,모바일,서구청라맛집,8,0,0,0,2.6
"파워링크",빅포1982 파워링크,빅포1982 청라점 파워링크,모바일,서구청라맛집추천,1,0,0,0,3
"파워링크",빅포1982 파워링크,빅포1982 청라점 파워링크,모바일,서구청맛집,106,1,77,77,15.8
"파워링크",빅포1982 파워링크,빅포1982 청라점 파워링크,모바일,서구카페맛집,4,0,0,0,1.8
"파워링크",빅포1982 파워링크,빅포1982 청라점 파워링크,모바일,서구한식맛집,4,0,0,0,3.8
"파워링크",빅포1982 파워링크,빅포1982 청라점 파워링크,모바일,성수동맛집,45,1,77,77,40
"파워링크",빅포1982 파워링크,빅포1982 청라점 파워링크,모바일,성수맛집,26,0,0,0,42.1
"파워링크",빅포1982 파워링크,빅포1982 청라점 파워링크,모바일,송도동쌀국수,8,0,0,0,1.1
"파워링크",빅포1982 파워링크,빅포1982 청라점 파워링크,모바일,송도레스토랑,24,1,77,77,4.6
"파워링크",빅포1982 파워링크,빅포1982 청라점 파워링크,모바일,송도맛집,53,2,77,154,61
"파워링크",빅포1982 파워링크,빅포1982 청라점 파워링크,모바일,송도베트남쌀국수맛집,2,0,0,0,1.5
"파워링크",빅포1982 파워링크,빅포1982 청라점 파워링크,모바일,송도베트남쌀국수집,2,0,0,0,1.5
"파워링크",빅포1982 파워링크,빅포1982 청라점 파워링크,모바일,송도빅포,61,1,77,77,1
"파워링크",빅포1982 파워링크,빅포1982 청라점 파워링크,모바일,송도빅포1982,7,1,77,77,1.3
"파워링크",빅포1982 파워링크,빅포1982 청라점 파워링크,모바일,송도센트럴파크맛집,11,0,0,0,25.5
"파워링크",빅포1982 파워링크,빅포1982 청라점 파워링크,모바일,송도신도시맛집,8,0,0,0,29.8
"파워링크",빅포1982 파워링크,빅포1982 청라점 파워링크,모바일,송도쌀국수,117,0,0,0,2.7
"파워링크",빅포1982 파워링크,빅포1982 청라점 파워링크,모바일,송도쌀국수1982,1,0,0,0,2
"파워링크",빅포1982 파워링크,빅포1982 청라점 파워링크,모바일,식당청라,1,0,0,0,4
"파워링크",빅포1982 파워링크,빅포1982 청라점 파워링크,모바일,식사동맛집,26,1,77,77,24.7
"파워링크",빅포1982 파워링크,빅포1982 청라점 파워링크,모바일,식사동쌀국수맛집,2,0,0,0,1
"파워링크",빅포1982 파워링크,빅포1982 청라점 파워링크,모바일,쌀국수,18,0,0,0,9.2
"파워링크",빅포1982 파워링크,빅포1982 청라점 파워링크,모바일,쌀국수&반쎄오,1,0,0,0,3
"파워링크",빅포1982 파워링크,빅포1982 청라점 파워링크,모바일,쌀국수1982,1,0,0,0,2
"파워링크",빅포1982 파워링크,빅포1982 청라점 파워링크,모바일,쌀국수가맛있는집,1,0,0,0,2
"파워링크",빅포1982 파워링크,빅포1982 청라점 파워링크,모바일,쌀국수가정루원,1,0,0,0,3
"파워링크",빅포1982 파워링크,빅포1982 청라점 파워링크,모바일,쌀국수고기우삼겹,2,0,0,0,1.5
"파워링크",빅포1982 파워링크,빅포1982 청라점 파워링크,모바일,쌀국수국수차이,1,0,0,0,1
"파워링크",빅포1982 파워링크,빅포1982 청라점 파워링크,모바일,쌀국수근처,10,0,0,0,2.4
"파워링크",빅포1982 파워링크,빅포1982 청라점 파워링크,모바일,쌀국수는어떤맛인가요?,1,0,0,0,1
"파워링크",빅포1982 파워링크,빅포1982 청라점 파워링크,모바일,쌀국수대표메뉴,1,0,0,0,2
"파워링크",빅포1982 파워링크,빅포1982 청라점 파워링크,모바일,쌀국수루원,3,0,0,0,2.3
"파워링크",빅포1982 파워링크,빅포1982 청라점 파워링크,모바일,쌀국수루원시티,2,0,0,0,2.5
"파워링크",빅포1982 파워링크,빅포1982 청라점 파워링크,모바일,쌀국수맛집,"10,146",73,496,"36,190",3
"파워링크",빅포1982 파워링크,빅포1982 청라점 파워링크,모바일,쌀국수맛집근처,4,0,0,0,2
"파워링크",빅포1982 파워링크,빅포1982 청라점 파워링크,모바일,쌀국수맛집분짜,1,0,0,0,2
"파워링크",빅포1982 파워링크,빅포1982 청라점 파워링크,모바일,쌀국수맛집인천,8,0,0,0,1.5
"파워링크",빅포1982 파워링크,빅포1982 청라점 파워링크,모바일,쌀국수맛집청라,1,0,0,0,2
"파워링크",빅포1982 파워링크,빅포1982 청라점 파워링크,모바일,쌀국수맛집추천,1,0,0,0,2
"파워링크",빅포1982 파워링크,빅포1982 청라점 파워링크,모바일,쌀국수맛집포,1,0,0,0,2
"파워링크",빅포1982 파워링크,빅포1982 청라점 파워링크,모바일,쌀국수맛집혼밥,1,0,0,0,1
"파워링크",빅포1982 파워링크,빅포1982 청라점 파워링크,모바일,쌀국수먹는곳,1,0,0,0,2
"파워링크",빅포1982 파워링크,빅포1982 청라점 파워링크,모바일,쌀국수먹는사진,1,0,0,0,1
"파워링크",빅포1982 파워링크,빅포1982 청라점 파워링크,모바일,쌀국수메뉴판,2,0,0,0,2.5
"파워링크",빅포1982 파워링크,빅포1982 청라점 파워링크,모바일,쌀국수반쎄오,4,0,0,0,2
"파워링크",빅포1982 파워링크,빅포1982 청라점 파워링크,모바일,쌀국수반쎄오맛집,1,0,0,0,2
"파워링크",빅포1982 파워링크,빅포1982 청라점 파워링크,모바일,쌀국수볶음국수분짜,1,0,0,0,2
"파워링크",빅포1982 파워링크,빅포1982 청라점 파워링크,모바일,쌀국수분위기좋은,1,0,0,0,1
"파워링크",빅포1982 파워링크,빅포1982 청라점 파워링크,모바일,쌀국수분짜,11,0,0,0,2.7
"파워링크",빅포1982 파워링크,빅포1982 청라점 파워링크,모바일,쌀국수분짜유명,1,0,0,0,1
"파워링크",빅포1982 파워링크,빅포1982 청라점 파워링크,모바일,쌀국수뷔페,7,1,77,77,1
"파워링크",빅포1982 파워링크,빅포1982 청라점 파워링크,모바일,쌀국수빅,2,0,0,0,1
"파워링크",빅포1982 파워링크,빅포1982 청라점 파워링크,모바일,쌀국수빅포,1,0,0,0,2
"파워링크",빅포1982 파워링크,빅포1982 청라점 파워링크,모바일,쌀국수빅포1982,1,0,0,0,2
"파워링크",빅포1982 파워링크,빅포1982 청라점 파워링크,모바일,쌀국수빅포포장청라,1,0,0,0,2
"파워링크",빅포1982 파워링크,빅포1982 청라점 파워링크,모바일,쌀국수서구,3,0,0,0,1.7
"파워링크",빅포1982 파워링크,빅포1982 청라점 파워링크,모바일,쌀국수순위,3,0,0,0,1
"파워링크",빅포1982 파워링크,빅포1982 청라점 파워링크,모바일,쌀국수싼집인천,1,0,0,0,1
"파워링크",빅포1982 파워링크,빅포1982 청라점 파워링크,모바일,쌀국수유명,3,0,0,0,1
"파워링크",빅포1982 파워링크,빅포1982 청라점 파워링크,모바일,쌀국수유명맛집,1,0,0,0,2
"파워링크",빅포1982 파워링크,빅포1982 청라점 파워링크,모바일,쌀국수음식점,5,0,0,0,3.4
"파워링크",빅포1982 파워링크,빅포1982 청라점 파워링크,모바일,쌀국수인천,1,0,0,0,1
"파워링크",빅포1982 파워링크,빅포1982 청라점 파워링크,모바일,쌀국수인천맛집,1,0,0,0,1
"파워링크",빅포1982 파워링크,빅포1982 청라점 파워링크,모바일,쌀국수인천서구,2,0,0,0,1
"파워링크",빅포1982 파워링크,빅포1982 청라점 파워링크,모바일,쌀국수인천점,1,0,0,0,1
"파워링크",빅포1982 파워링크,빅포1982 청라점 파워링크,모바일,쌀국수전국맛집,1,0,0,0,2
"파워링크",빅포1982 파워링크,빅포1982 청라점 파워링크,모바일,쌀국수주변,2,0,0,0,1
"파워링크",빅포1982 파워링크,빅포1982 청라점 파워링크,모바일,쌀국수청라,39,0,0,0,1.5
"파워링크",빅포1982 파워링크,빅포1982 청라점 파워링크,모바일,쌀국수카페거리,3,0,0,0,1.7
"파워링크",빅포1982 파워링크,빅포1982 청라점 파워링크,모바일,쌀국수포,22,0,0,0,2.1
"파워링크",빅포1982 파워링크,빅포1982 청라점 파워링크,모바일,쌀국수프랜차이즈,1,0,0,0,67
"파워링크",빅포1982 파워링크,빅포1982 청라점 파워링크,모바일,쌀국수프랜차이즈순위,2,0,0,0,1
"파워링크",빅포1982 파워링크,빅포1982 청라점 파워링크,모바일,쌈이랑청라,1,0,0,0,2
"파워링크",빅포1982 파워링크,빅포1982 청라점 파워링크,모바일,아라뱃길맛집,72,0,0,0,11.8
"파워링크",빅포1982 파워링크,빅포1982 청라점 파워링크,모바일,양지쌀국수맛집,3,0,0,0,1.7
"파워링크",빅포1982 파워링크,빅포1982 청라점 파워링크,모바일,연수구맛집,8,0,0,0,40.9
"파워링크",빅포1982 파워링크,빅포1982 청라점 파워링크,모바일,연수동맛집,37,1,77,77,28.8
"파워링크",빅포1982 파워링크,빅포1982 청라점 파워링크,모바일,영종도맛집,154,0,0,0,42.1
"파워링크",빅포1982 파워링크,빅포1982 청라점 파워링크,모바일,영종도빅포1982,2,0,0,0,1
"파워링크",빅포1982 파워링크,빅포1982 청라점 파워링크,모바일,영종도빅포1982스페셜모듬,1,0,0,0,1
"파워링크",빅포1982 파워링크,빅포1982 청라점 파워링크,모바일,영종도빅포쌀국수,1,0,0,0,1
"파워링크",빅포1982 파워링크,빅포1982 청라점 파워링크,모바일,완정맛집,10,0,0,0,2.8
"파워링크",빅포1982 파워링크,빅포1982 청라점 파워링크,모바일,우삼겹베트남쌀국수,4,0,0,0,2
"파워링크",빅포1982 파워링크,빅포1982 청라점 파워링크,모바일,우삼겹볶음쌀국수,1,0,0,0,1
"파워링크",빅포1982 파워링크,빅포1982 청라점 파워링크,모바일,우삼겹쌀국수,2,0,0,0,1
"파워링크",빅포1982 파워링크,빅포1982 청라점 파워링크,모바일,월남쌈,1,0,0,0,29
"파워링크",빅포1982 파워링크,빅포1982 청라점 파워링크,모바일,월남쌈맛집,7,0,0,0,6
"파워링크",빅포1982 파워링크,빅포1982 청라점 파워링크,모바일,음식점청라,1,0,0,0,2
"파워링크",빅포1982 파워링크,빅포1982 청라점 파워링크,모바일,인천.맛집,1,0,0,0,4
"파워링크",빅포1982 파워링크,빅포1982 청라점 파워링크,모바일,인천.쌀국수,1,0,0,0,2
"파워링크",빅포1982 파워링크,빅포1982 청라점 파워링크,모바일,인천PHO,2,0,0,0,1
"파워링크",빅포1982 파워링크,빅포1982 청라점 파워링크,모바일,인천가볼만한곳,3,0,0,0,122.7
"파워링크",빅포1982 파워링크,빅포1982 청라점 파워링크,모바일,인천가볼만한곳맛집,2,0,0,0,3.5
"파워링크",빅포1982 파워링크,빅포1982 청라점 파워링크,모바일,인천가정맛집,4,0,0,0,2.5
"파워링크",빅포1982 파워링크,빅포1982 청라점 파워링크,모바일,인천가정역맛집,62,0,0,0,2.8
"파워링크",빅포1982 파워링크,빅포1982 청라점 파워링크,모바일,인천갈비쌀국수,1,0,0,0,1
"파워링크",빅포1982 파워링크,빅포1982 청라점 파워링크,모바일,인천검단맛집,17,0,0,0,14.9
"파워링크",빅포1982 파워링크,빅포1982 청라점 파워링크,모바일,인천검단빅포1982,1,0,0,0,1
"파워링크",빅포1982 파워링크,빅포1982 청라점 파워링크,모바일,인천검단쌀국수,1,0,0,0,1
"파워링크",빅포1982 파워링크,빅포1982 청라점 파워링크,모바일,인천검암쌀국수,1,0,0,0,1
"파워링크",빅포1982 파워링크,빅포1982 청라점 파워링크,모바일,인천계양구카페가볼만한곳,1,0,0,0,1
"파워링크",빅포1982 파워링크,빅포1982 청라점 파워링크,모바일,인천계양쌀국수,5,0,0,0,1
"파워링크",빅포1982 파워링크,빅포1982 청라점 파워링크,모바일,인천고기국수맛집,4,0,0,0,1.5
"파워링크",빅포1982 파워링크,빅포1982 청라점 파워링크,모바일,인천고기맛집,7,0,0,0,28
"파워링크",빅포1982 파워링크,빅포1982 청라점 파워링크,모바일,인천곱창쌀국수,2,0,0,0,1
"파워링크",빅포1982 파워링크,빅포1982 청라점 파워링크,모바일,인천공항맛집,403,1,77,77,3.9
"파워링크",빅포1982 파워링크,빅포1982 청라점 파워링크,모바일,인천공항먹을곳,2,0,0,0,2
"파워링크",빅포1982 파워링크,빅포1982 청라점 파워링크,모바일,인천광역시서구중봉대로612번길10-8(청라동),1,0,0,0,1
"파워링크",빅포1982 파워링크,빅포1982 청라점 파워링크,모바일,인천구월동쌀국수,6,0,0,0,1.2
"파워링크",빅포1982 파워링크,빅포1982 청라점 파워링크,모바일,인천국수,43,0,0,0,1.8
"파워링크",빅포1982 파워링크,빅포1982 청라점 파워링크,모바일,인천국수골목,1,0,0,0,1
"파워링크",빅포1982 파워링크,빅포1982 청라점 파워링크,모바일,인천국수골목비빔쌀국수,1,0,0,0,1
"파워링크",빅포1982 파워링크,빅포1982 청라점 파워링크,모바일,인천국수맛집,97,0,0,0,1.7
"파워링크",빅포1982 파워링크,빅포1982 청라점 파워링크,모바일,인천국수맛집추천,3,0,0,0,1
"파워링크",빅포1982 파워링크,빅포1982 청라점 파워링크,모바일,인천꼭가볼맛집,2,0,0,0,2
"파워링크",빅포1982 파워링크,빅포1982 청라점 파워링크,모바일,인천꼭가봐야할맛집,1,0,0,0,2
"파워링크",빅포1982 파워링크,빅포1982 청라점 파워링크,모바일,인천남동구쌀국수,5,0,0,0,1
"파워링크",빅포1982 파워링크,빅포1982 청라점 파워링크,모바일,인천남동구쌀국수맛집,3,0,0,0,1
"파워링크",빅포1982 파워링크,빅포1982 청라점 파워링크,모바일,인천남동구청맛집,3,0,0,0,1.3
"파워링크",빅포1982 파워링크,빅포1982 청라점 파워링크,모바일,인천당하동맛집,40,0,0,0,3.2
"파워링크",빅포1982 파워링크,빅포1982 청라점 파워링크,모바일,인천대게가,5,0,0,0,2.4
"파워링크",빅포1982 파워링크,빅포1982 청라점 파워링크,모바일,인천대게맛집,32,0,0,0,12.3
"파워링크",빅포1982 파워링크,빅포1982 청라점 파워링크,모바일,인천대표맛집,11,0,0,0,3
"파워링크",빅포1982 파워링크,빅포1982 청라점 파워링크,모바일,인천동양솥밥,3,0,0,0,1.7
"파워링크",빅포1982 파워링크,빅포1982 청라점 파워링크,모바일,인천레스토랑,3,0,0,0,9.3
"파워링크",빅포1982 파워링크,빅포1982 청라점 파워링크,모바일,인천레스토랑맛집,1,0,0,0,3
"파워링크",빅포1982 파워링크,빅포1982 청라점 파워링크,모바일,인천루원맛집,2,0,0,0,2
"파워링크",빅포1982 파워링크,빅포1982 청라점 파워링크,모바일,인천루원시티빅포1982,1,0,0,0,1
"파워링크",빅포1982 파워링크,빅포1982 청라점 파워링크,모바일,인천루원쌀국수,1,0,0,0,2
"파워링크",빅포1982 파워링크,빅포1982 청라점 파워링크,모바일,인천맛,1,0,0,0,2
"파워링크",빅포1982 파워링크,빅포1982 청라점 파워링크,모바일,인천맛있는음식추천,1,0,0,0,2
"파워링크",빅포1982 파워링크,빅포1982 청라점 파워링크,모바일,인천맛집,5,0,0,0,126.4
"파워링크",빅포1982 파워링크,빅포1982 청라점 파워링크,모바일,인천맛집50년,1,0,0,0,1
"파워링크",빅포1982 파워링크,빅포1982 청라점 파워링크,모바일,인천맛집골목,1,0,0,0,1
"파워링크",빅포1982 파워링크,빅포1982 청라점 파워링크,모바일,인천맛집과가볼만한곳,1,0,0,0,2
"파워링크",빅포1982 파워링크,빅포1982 청라점 파워링크,모바일,인천맛집국수,2,0,0,0,2
"파워링크",빅포1982 파워링크,빅포1982 청라점 파워링크,모바일,인천맛집리스트,2,0,0,0,2.5
"파워링크",빅포1982 파워링크,빅포1982 청라점 파워링크,모바일,인천맛집순위,28,0,0,0,2.9
"파워링크",빅포1982 파워링크,빅포1982 청라점 파워링크,모바일,인천맛집쌀국수,2,0,0,0,1.5
"파워링크",빅포1982 파워링크,빅포1982 청라점 파워링크,모바일,인천맛집추천,4,0,0,0,58
"파워링크",빅포1982 파워링크,빅포1982 청라점 파워링크,모바일,인천매운음식추천,2,0,0,0,1.5
"파워링크",빅포1982 파워링크,빅포1982 청라점 파워링크,모바일,인천반쎄오,12,0,0,0,1.3
"파워링크",빅포1982 파워링크,빅포1982 청라점 파워링크,모바일,인천반쎄오맛집,28,0,0,0,1
"파워링크",빅포1982 파워링크,빅포1982 청라점 파워링크,모바일,인천밥집추천,1,0,0,0,4
"파워링크",빅포1982 파워링크,빅포1982 청라점 파워링크,모바일,인천베트남국수,2,1,99,99,1.5
"파워링크",빅포1982 파워링크,빅포1982 청라점 파워링크,모바일,인천베트남맛집,1,0,0,0,2
"파워링크",빅포1982 파워링크,빅포1982 청라점 파워링크,모바일,인천베트남식당,2,0,0,0,1.5
"파워링크",빅포1982 파워링크,빅포1982 청라점 파워링크,모바일,인천베트남식당맛집,1,0,0,0,3
"파워링크",빅포1982 파워링크,빅포1982 청라점 파워링크,모바일,인천베트남쌀국수,44,1,121,121,1.3
"파워링크",빅포1982 파워링크,빅포1982 청라점 파워링크,모바일,인천베트남쌀국수맛집,30,0,0,0,1.5
"파워링크",빅포1982 파워링크,빅포1982 청라점 파워링크,모바일,인천베트남쌀국수전문점,1,0,0,0,1
"파워링크",빅포1982 파워링크,빅포1982 청라점 파워링크,모바일,인천베트남쌀국수집,3,0,0,0,1.7
"파워링크",빅포1982 파워링크,빅포1982 청라점 파워링크,모바일,인천베트남요리,3,0,0,0,1.7
"파워링크",빅포1982 파워링크,빅포1982 청라점 파워링크,모바일,인천베트남음식,27,0,0,0,1.7
"파워링크",빅포1982 파워링크,빅포1982 청라점 파워링크,모바일,인천베트남음식맛집,9,1,88,88,1.9
"파워링크",빅포1982 파워링크,빅포1982 청라점 파워링크,모바일,인천베트남음식점,11,0,0,0,1.4
"파워링크",빅포1982 파워링크,빅포1982 청라점 파워링크,모바일,인천볶음쌀국수,1,0,0,0,1
"파워링크",빅포1982 파워링크,빅포1982 청라점 파워링크,모바일,인천부평.서구.주안점심맛집,1,0,0,0,2
"파워링크",빅포1982 파워링크,빅포1982 청라점 파워링크,모바일,인천부평구서구연수구맛집베스트10,1,0,0,0,2
"파워링크",빅포1982 파워링크,빅포1982 청라점 파워링크,모바일,인천부평구쌀국수맛집,1,0,0,0,1
"파워링크",빅포1982 파워링크,빅포1982 청라점 파워링크,모바일,인천부평맛집,6,0,0,0,30.3
"파워링크",빅포1982 파워링크,빅포1982 청라점 파워링크,모바일,인천부평베트남식당,1,0,0,0,1
"파워링크",빅포1982 파워링크,빅포1982 청라점 파워링크,모바일,인천부평쌀국수,23,0,0,0,1
"파워링크",빅포1982 파워링크,빅포1982 청라점 파워링크,모바일,인천부평쌀국수맛집,2,0,0,0,1
"파워링크",빅포1982 파워링크,빅포1982 청라점 파워링크,모바일,인천분위기좋은레스토랑,7,0,0,0,3.6
"파워링크",빅포1982 파워링크,빅포1982 청라점 파워링크,모바일,인천분위기좋은식당,12,0,0,0,2.7
"파워링크",빅포1982 파워링크,빅포1982 청라점 파워링크,모바일,인천뷔페추천,118,2,77,154,3.5
"파워링크",빅포1982 파워링크,빅포1982 청라점 파워링크,모바일,인천뷰좋은맛집,6,0,0,0,3.5
"파워링크",빅포1982 파워링크,빅포1982 청라점 파워링크,모바일,인천뷰좋은식당,2,0,0,0,2.5
"파워링크",빅포1982 파워링크,빅포1982 청라점 파워링크,모바일,인천비빔쌀국수,2,0,0,0,1
"파워링크",빅포1982 파워링크,빅포1982 청라점 파워링크,모바일,인천빅포,3,0,0,0,1
"파워링크",빅포1982 파워링크,빅포1982 청라점 파워링크,모바일,인천빅포1982,6,0,0,0,1
"파워링크",빅포1982 파워링크,빅포1982 청라점 파워링크,모바일,인천빅포1982쌀국수,1,0,0,0,1
"파워링크",빅포1982 파워링크,빅포1982 청라점 파워링크,모바일,인천빅포반쎄오,2,0,0,0,1
"파워링크",빅포1982 파워링크,빅포1982 청라점 파워링크,모바일,인천서구가볼만한곳,83,0,0,0,2.8
"파워링크",빅포1982 파워링크,빅포1982 청라점 파워링크,모바일,인천서구가정동쌀국수,2,0,0,0,1.5
"파워링크",빅포1982 파워링크,빅포1982 청라점 파워링크,모바일,인천서구갈만한곳,60,0,0,0,2.4
"파워링크",빅포1982 파워링크,빅포1982 청라점 파워링크,모바일,인천서구검단베트남음식점,1,0,0,0,1
"파워링크",빅포1982 파워링크,빅포1982 청라점 파워링크,모바일,인천서구고기국수,1,0,0,0,1
"파워링크",빅포1982 파워링크,빅포1982 청라점 파워링크,모바일,인천서구고기맛집,2,0,0,0,2.5
"파워링크",빅포1982 파워링크,빅포1982 청라점 파워링크,모바일,인천서구국수,33,1,132,132,1.8
"파워링크",빅포1982 파워링크,빅포1982 청라점 파워링크,모바일,인천서구국수골목,2,0,0,0,1
"파워링크",빅포1982 파워링크,빅포1982 청라점 파워링크,모바일,인천서구국수맛집,17,0,0,0,1.6
"파워링크",빅포1982 파워링크,빅포1982 청라점 파워링크,모바일,인천서구내주변가볼만한곳,1,0,0,0,1
"파워링크",빅포1982 파워링크,빅포1982 청라점 파워링크,모바일,인천서구레스토랑,6,0,0,0,2.7
"파워링크",빅포1982 파워링크,빅포1982 청라점 파워링크,모바일,인천서구루원시티쌀국수,1,0,0,0,2
"파워링크",빅포1982 파워링크,빅포1982 청라점 파워링크,모바일,인천서구맛있는집음식점,1,1,407,407,3
"파워링크",빅포1982 파워링크,빅포1982 청라점 파워링크,모바일,인천서구맛집,16,0,0,0,46.9
"파워링크",빅포1982 파워링크,빅포1982 청라점 파워링크,모바일,인천서구맛집추천,9,0,0,0,3.2
"파워링크",빅포1982 파워링크,빅포1982 청라점 파워링크,모바일,인천서구반쎄오맛집,2,0,0,0,2
"파워링크",빅포1982 파워링크,빅포1982 청라점 파워링크,모바일,인천서구밥,2,0,0,0,1
"파워링크",빅포1982 파워링크,빅포1982 청라점 파워링크,모바일,인천서구베이커리,2,0,0,0,2.5
"파워링크",빅포1982 파워링크,빅포1982 청라점 파워링크,모바일,인천서구베트남식당,7,0,0,0,1.4
"파워링크",빅포1982 파워링크,빅포1982 청라점 파워링크,모바일,인천서구베트남쌀국수,15,0,0,0,1.4
"파워링크",빅포1982 파워링크,빅포1982 청라점 파워링크,모바일,인천서구베트남쌀국수집,1,0,0,0,2
"파워링크",빅포1982 파워링크,빅포1982 청라점 파워링크,모바일,인천서구베트남음식,1,0,0,0,2
"파워링크",빅포1982 파워링크,빅포1982 청라점 파워링크,모바일,인천서구베트남음식점,7,0,0,0,1.6
"파워링크",빅포1982 파워링크,빅포1982 청라점 파워링크,모바일,인천서구보신맛집,1,0,0,0,3
"파워링크",빅포1982 파워링크,빅포1982 청라점 파워링크,모바일,인천서구보양식,1,0,0,0,1
"파워링크",빅포1982 파워링크,빅포1982 청라점 파워링크,모바일,인천서구볶음쌀국수,1,0,0,0,1
"파워링크",빅포1982 파워링크,빅포1982 청라점 파워링크,모바일,인천서구분위기맛집,3,0,0,0,2
"파워링크",빅포1982 파워링크,빅포1982 청라점 파워링크,모바일,인천서구분위기좋은맛집,1,0,0,0,1
"파워링크",빅포1982 파워링크,빅포1982 청라점 파워링크,모바일,인천서구분위기좋은식당,2,0,0,0,1.5
"파워링크",빅포1982 파워링크,빅포1982 청라점 파워링크,모바일,인천서구분짜,1,0,0,0,1
"파워링크",빅포1982 파워링크,빅포1982 청라점 파워링크,모바일,인천서구뷰좋은맛집,1,0,0,0,3
"파워링크",빅포1982 파워링크,빅포1982 청라점 파워링크,모바일,인천서구뷰좋은식당,1,0,0,0,2
"파워링크",빅포1982 파워링크,빅포1982 청라점 파워링크,모바일,인천서구빅포1982,3,0,0,0,1
"파워링크",빅포1982 파워링크,빅포1982 청라점 파워링크,모바일,인천서구소고기맛집,9,0,0,0,2.7
"파워링크",빅포1982 파워링크,빅포1982 청라점 파워링크,모바일,인천서구솥밥,2,0,0,0,1
"파워링크",빅포1982 파워링크,빅포1982 청라점 파워링크,모바일,인천서구쌀국수,52,0,0,0,1.6
"파워링크",빅포1982 파워링크,빅포1982 청라점 파워링크,모바일,인천서구쌀국수루옥,2,0,0,0,2
"파워링크",빅포1982 파워링크,빅포1982 청라점 파워링크,모바일,인천서구쌀국수맛집,13,0,0,0,1.2
"파워링크",빅포1982 파워링크,빅포1982 청라점 파워링크,모바일,인천서구쌀국수반쎄오,1,0,0,0,1
"파워링크",빅포1982 파워링크,빅포1982 청라점 파워링크,모바일,인천서구쌀국수유명맛집,1,0,0,0,2
"파워링크",빅포1982 파워링크,빅포1982 청라점 파워링크,모바일,인천서구쌀국수집,5,1,121,121,1.6
"파워링크",빅포1982 파워링크,빅포1982 청라점 파워링크,모바일,인천서구양식,5,0,0,0,2
"파워링크",빅포1982 파워링크,빅포1982 청라점 파워링크,모바일,인천서구양식맛집,3,0,0,0,1.3
"파워링크",빅포1982 파워링크,빅포1982 청라점 파워링크,모바일,인천서구월남쌀국수맛집,1,0,0,0,1
"파워링크",빅포1982 파워링크,빅포1982 청라점 파워링크,모바일,인천서구조개구이,82,0,0,0,1.9
"파워링크",빅포1982 파워링크,빅포1982 청라점 파워링크,모바일,인천서구존맛,1,0,0,0,3
"파워링크",빅포1982 파워링크,빅포1982 청라점 파워링크,모바일,인천서구청라동쌀국수,1,0,0,0,2
"파워링크",빅포1982 파워링크,빅포1982 청라점 파워링크,모바일,인천서구청라맛집,3,0,0,0,3.7
"파워링크",빅포1982 파워링크,빅포1982 청라점 파워링크,모바일,인천서구청라멘집,1,0,0,0,1
"파워링크",빅포1982 파워링크,빅포1982 청라점 파워링크,모바일,인천서구청맛집,52,0,0,0,20.2
"파워링크",빅포1982 파워링크,빅포1982 청라점 파워링크,모바일,인천서구카페맛집,5,0,0,0,1.8
"파워링크",빅포1982 파워링크,빅포1982 청라점 파워링크,모바일,인천서구한상,1,0,0,0,3
"파워링크",빅포1982 파워링크,빅포1982 청라점 파워링크,모바일,인천서구한식,11,0,0,0,2.9
"파워링크",빅포1982 파워링크,빅포1982 청라점 파워링크,모바일,인천서구혼밥맛집,1,0,0,0,1
"파워링크",빅포1982 파워링크,빅포1982 청라점 파워링크,모바일,인천송도.쌀국수,3,0,0,0,1
"파워링크",빅포1982 파워링크,빅포1982 청라점 파워링크,모바일,인천송도가볼만한곳,2,0,0,0,33.5
"파워링크",빅포1982 파워링크,빅포1982 청라점 파워링크,모바일,인천송도맛집,35,0,0,0,49.9
"파워링크",빅포1982 파워링크,빅포1982 청라점 파워링크,모바일,인천송도맛집쌀국수,1,0,0,0,1
"파워링크",빅포1982 파워링크,빅포1982 청라점 파워링크,모바일,인천송도베트남쌀국수인천송도베트남쌀국수,2,0,0,0,1
"파워링크",빅포1982 파워링크,빅포1982 청라점 파워링크,모바일,인천송도쌀국수,76,0,0,0,1.2
"파워링크",빅포1982 파워링크,빅포1982 청라점 파워링크,모바일,인천송도쌀국수맛집,24,0,0,0,1.4
"파워링크",빅포1982 파워링크,빅포1982 청라점 파워링크,모바일,인천스테이크,10,0,0,0,6.2
"파워링크",빅포1982 파워링크,빅포1982 청라점 파워링크,모바일,인천스테이크맛집,86,0,0,0,3.8
"파워링크",빅포1982 파워링크,빅포1982 청라점 파워링크,모바일,인천쌀,4,0,0,0,2
"파워링크",빅포1982 파워링크,빅포1982 청라점 파워링크,모바일,인천쌀국수,112,0,0,0,2.1
"파워링크",빅포1982 파워링크,빅포1982 청라점 파워링크,모바일,인천쌀국수띤뜨,1,0,0,0,1
"파워링크",빅포1982 파워링크,빅포1982 청라점 파워링크,모바일,인천쌀국수맛집,315,1,198,198,1
"파워링크",빅포1982 파워링크,빅포1982 청라점 파워링크,모바일,인천쌀국수맛집.,1,0,0,0,1
"파워링크",빅포1982 파워링크,빅포1982 청라점 파워링크,모바일,인천쌀국수맛집띤뜨,1,0,0,0,1
"파워링크",빅포1982 파워링크,빅포1982 청라점 파워링크,모바일,인천쌀국수볶음밥맛집,3,0,0,0,1
"파워링크",빅포1982 파워링크,빅포1982 청라점 파워링크,모바일,인천쌀국수송도,1,0,0,0,1
"파워링크",빅포1982 파워링크,빅포1982 청라점 파워링크,모바일,인천쌀국수유명,1,0,0,0,1
"파워링크",빅포1982 파워링크,빅포1982 청라점 파워링크,모바일,인천쌀국수집,1,0,0,0,2
"파워링크",빅포1982 파워링크,빅포1982 청라점 파워링크,모바일,인천쌀국수프랜차이즈,1,0,0,0,1
"파워링크",빅포1982 파워링크,빅포1982 청라점 파워링크,모바일,인천아라동맛집,77,0,0,0,3.2
"파워링크",빅포1982 파워링크,빅포1982 청라점 파워링크,모바일,인천양식맛집,11,0,0,0,1.6
"파워링크",빅포1982 파워링크,빅포1982 청라점 파워링크,모바일,인천에쌀국수맛집,1,0,0,0,1
"파워링크",빅포1982 파워링크,빅포1982 청라점 파워링크,모바일,인천에포,1,0,0,0,1
"파워링크",빅포1982 파워링크,빅포1982 청라점 파워링크,모바일,인천연수구맛집,20,0,0,0,30.9
"파워링크",빅포1982 파워링크,빅포1982 청라점 파워링크,모바일,인천우삼겹,1,0,0,0,1
"파워링크",빅포1982 파워링크,빅포1982 청라점 파워링크,모바일,인천음식,21,0,0,0,1.8
"파워링크",빅포1982 파워링크,빅포1982 청라점 파워링크,모바일,인천음식골목,1,0,0,0,1
"파워링크",빅포1982 파워링크,빅포1982 청라점 파워링크,모바일,인천음식맛집,3,0,0,0,2.3
"파워링크",빅포1982 파워링크,빅포1982 청라점 파워링크,모바일,인천음식점추천,2,0,0,0,3
"파워링크",빅포1982 파워링크,빅포1982 청라점 파워링크,모바일,인천저렴한쌀국수맛집,1,0,0,0,1
"파워링크",빅포1982 파워링크,빅포1982 청라점 파워링크,모바일,인천주안쌀국수,11,0,0,0,1
"파워링크",빅포1982 파워링크,빅포1982 청라점 파워링크,모바일,인천주안쌀국수맛집,1,0,0,0,1
"파워링크",빅포1982 파워링크,빅포1982 청라점 파워링크,모바일,인천줄서서먹는맛집,2,0,0,0,2
"파워링크",빅포1982 파워링크,빅포1982 청라점 파워링크,모바일,인천줄서서먹는집,5,0,0,0,2
"파워링크",빅포1982 파워링크,빅포1982 청라점 파워링크,모바일,인천짬뽕쌀국수,1,0,0,0,2
"파워링크",빅포1982 파워링크,빅포1982 청라점 파워링크,모바일,인천청라가볼만한곳,73,1,132,132,1.8
"파워링크",빅포1982 파워링크,빅포1982 청라점 파워링크,모바일,인천청라국수,1,0,0,0,2
"파워링크",빅포1982 파워링크,빅포1982 청라점 파워링크,모바일,인천청라냉면,2,0,0,0,1.5
"파워링크",빅포1982 파워링크,빅포1982 청라점 파워링크,모바일,인천청라냉면맛집,13,0,0,0,2.4
"파워링크",빅포1982 파워링크,빅포1982 청라점 파워링크,모바일,인천청라냉면잘하는집,1,0,0,0,1
"파워링크",빅포1982 파워링크,빅포1982 청라점 파워링크,모바일,인천청라데이트맛집,2,0,0,0,2
"파워링크",빅포1982 파워링크,빅포1982 청라점 파워링크,모바일,인천청라도시맛집,3,2,88,176,2
"파워링크",빅포1982 파워링크,빅포1982 청라점 파워링크,모바일,인천청라동양많은음식점,1,0,0,0,1
"파워링크",빅포1982 파워링크,빅포1982 청라점 파워링크,모바일,인천청라동양솥밥,1,0,0,0,2
"파워링크",빅포1982 파워링크,빅포1982 청라점 파워링크,모바일,인천청라레스토랑,35,0,0,0,3.3
"파워링크",빅포1982 파워링크,빅포1982 청라점 파워링크,모바일,인천청라맛집,10,1,77,77,29.1
"파워링크",빅포1982 파워링크,빅포1982 청라점 파워링크,모바일,인천청라맛집추천,4,1,407,407,1.8
"파워링크",빅포1982 파워링크,빅포1982 청라점 파워링크,모바일,인천청라베트남식당,1,0,0,0,1
"파워링크",빅포1982 파워링크,빅포1982 청라점 파워링크,모바일,인천청라분위기맛집,1,0,0,0,3
"파워링크",빅포1982 파워링크,빅포1982 청라점 파워링크,모바일,인천청라뷔페,5,0,0,0,2.2
"파워링크",빅포1982 파워링크,빅포1982 청라점 파워링크,모바일,인천청라빅포1982,1,0,0,0,1
"파워링크",빅포1982 파워링크,빅포1982 청라점 파워링크,모바일,인천청라쌀국수,15,0,0,0,1.7
"파워링크",빅포1982 파워링크,빅포1982 청라점 파워링크,모바일,인천청라짬뽕맛집,3,0,0,0,1
"파워링크",빅포1982 파워링크,빅포1982 청라점 파워링크,모바일,인천청라한식,1,0,0,0,3
"파워링크",빅포1982 파워링크,빅포1982 청라점 파워링크,모바일,인천청라한식맛집,3,0,0,0,3
"파워링크",빅포1982 파워링크,빅포1982 청라점 파워링크,모바일,인천청라한쌈,1,0,0,0,3
"파워링크",빅포1982 파워링크,빅포1982 청라점 파워링크,모바일,인천카페맛집,8,0,0,0,2.9
"파워링크",빅포1982 파워링크,빅포1982 청라점 파워링크,모바일,인천카페서구,1,0,0,0,2
"파워링크",빅포1982 파워링크,빅포1982 청라점 파워링크,모바일,인천태국쌀국수맛집,2,0,0,0,1
"파워링크",빅포1982 파워링크,빅포1982 청라점 파워링크,모바일,인천파스타맛집,13,1,77,77,9.7
"파워링크",빅포1982 파워링크,빅포1982 청라점 파워링크,모바일,인천핫플맛집,3,0,0,0,2.3
"파워링크",빅포1982 파워링크,빅포1982 청라점 파워링크,모바일,인천현지쌀국수,1,0,0,0,3
"파워링크",빅포1982 파워링크,빅포1982 청라점 파워링크,모바일,전국쌀국수맛집,12,1,77,77,1.6
"파워링크",빅포1982 파워링크,빅포1982 청라점 파워링크,모바일,점심메뉴추천,1,0,0,0,112
"파워링크",빅포1982 파워링크,빅포1982 청라점 파워링크,모바일,점심특선청라,3,0,0,0,1.3
"파워링크",빅포1982 파워링크,빅포1982 청라점 파워링크,모바일,주변국수맛집,30,0,0,0,2.3
"파워링크",빅포1982 파워링크,빅포1982 청라점 파워링크,모바일,주변맛집쌀국수,4,0,0,0,2
"파워링크",빅포1982 파워링크,빅포1982 청라점 파워링크,모바일,주변맛집쌀국수추천,2,0,0,0,1
"파워링크",빅포1982 파워링크,빅포1982 청라점 파워링크,모바일,주변쌀국수,467,0,0,0,2.3
"파워링크",빅포1982 파워링크,빅포1982 청라점 파워링크,모바일,주변쌀국수맛집,109,0,0,0,1.8
"파워링크",빅포1982 파워링크,빅포1982 청라점 파워링크,모바일,주변쌀국수집,1,0,0,0,3
"파워링크",빅포1982 파워링크,빅포1982 청라점 파워링크,모바일,주안동쌀국수,3,0,0,0,1
"파워링크",빅포1982 파워링크,빅포1982 청라점 파워링크,모바일,주안맛집,93,3,77,231,24.7
"파워링크",빅포1982 파워링크,빅포1982 청라점 파워링크,모바일,주안쌀국수,1,0,0,0,1
"파워링크",빅포1982 파워링크,빅포1982 청라점 파워링크,모바일,주안역맛집,71,1,77,77,18.9
"파워링크",빅포1982 파워링크,빅포1982 청라점 파워링크,모바일,주위쌀국수맛집,1,0,0,0,1
"파워링크",빅포1982 파워링크,빅포1982 청라점 파워링크,모바일,주차쌀국수맛집,1,0,0,0,2
"파워링크",빅포1982 파워링크,빅포1982 청라점 파워링크,모바일,줄서서먹는쌀국수맛집,1,0,0,0,1
"파워링크",빅포1982 파워링크,빅포1982 청라점 파워링크,모바일,중동빅포,1,0,0,0,1
"파워링크",빅포1982 파워링크,빅포1982 청라점 파워링크,모바일,집근처쌀국수,1,0,0,0,2
"파워링크",빅포1982 파워링크,빅포1982 청라점 파워링크,모바일,집에서반쎄오,8,0,0,0,1.9
"파워링크",빅포1982 파워링크,빅포1982 청라점 파워링크,모바일,청라,45,0,0,0,11.2
"파워링크",빅포1982 파워링크,빅포1982 청라점 파워링크,모바일,청라.띤뜨,2,0,0,0,1.5
"파워링크",빅포1982 파워링크,빅포1982 청라점 파워링크,모바일,청라.루옥,2,0,0,0,1.5
"파워링크",빅포1982 파워링크,빅포1982 청라점 파워링크,모바일,청라.빅포,3,0,0,0,1
"파워링크",빅포1982 파워링크,빅포1982 청라점 파워링크,모바일,청라.쌀국수,6,0,0,0,1.8
"파워링크",빅포1982 파워링크,빅포1982 청라점 파워링크,모바일,청라1동맛집추천,1,0,0,0,3
"파워링크",빅포1982 파워링크,빅포1982 청라점 파워링크,모바일,청라2동맛집,7,0,0,0,2.9
"파워링크",빅포1982 파워링크,빅포1982 청라점 파워링크,모바일,청라3동식당,3,0,0,0,3
"파워링크",빅포1982 파워링크,빅포1982 청라점 파워링크,모바일,청라3동쌀국수,1,0,0,0,2
"파워링크",빅포1982 파워링크,빅포1982 청라점 파워링크,모바일,청라3동점심맛집,1,0,0,0,3
"파워링크",빅포1982 파워링크,빅포1982 청라점 파워링크,모바일,청라5담지쌀국수,1,0,0,0,1
"파워링크",빅포1982 파워링크,빅포1982 청라점 파워링크,모바일,청라BIGPHO,2,0,0,0,1
"파워링크",빅포1982 파워링크,빅포1982 청라점 파워링크,모바일,청라가볼만한곳,11,0,0,0,6.1
"파워링크",빅포1982 파워링크,빅포1982 청라점 파워링크,모바일,청라가볼만한카페,2,0,0,0,3
"파워링크",빅포1982 파워링크,빅포1982 청라점 파워링크,모바일,청라가족식당,1,0,0,0,3
"파워링크",빅포1982 파워링크,빅포1982 청라점 파워링크,모바일,청라가족외식,2,0,0,0,2.5
"파워링크",빅포1982 파워링크,빅포1982 청라점 파워링크,모바일,청라갈만한곳,4,0,0,0,2.5
"파워링크",빅포1982 파워링크,빅포1982 청라점 파워링크,모바일,청라갈만한카페,2,0,0,0,2
"파워링크",빅포1982 파워링크,빅포1982 청라점 파워링크,모바일,청라검단맛집,1,0,0,0,1
"파워링크",빅포1982 파워링크,빅포1982 청라점 파워링크,모바일,청라고기국수,15,0,0,0,1.8
"파워링크",빅포1982 파워링크,빅포1982 청라점 파워링크,모바일,청라고기맛집,9,0,0,0,15
"파워링크",빅포1982 파워링크,빅포1982 청라점 파워링크,모바일,청라고기뷔페,27,0,0,0,2.5
"파워링크",빅포1982 파워링크,빅포1982 청라점 파워링크,모바일,청라고기집,6,0,0,0,13.8
"파워링크",빅포1982 파워링크,빅포1982 청라점 파워링크,모바일,청라곱창쌀국수,1,0,0,0,1
"파워링크",빅포1982 파워링크,빅포1982 청라점 파워링크,모바일,청라공원맛집,1,0,0,0,2
"파워링크",빅포1982 파워링크,빅포1982 청라점 파워링크,모바일,청라국수,362,1,77,77,2.2
"파워링크",빅포1982 파워링크,빅포1982 청라점 파워링크,모바일,청라국수맛있는집,2,0,0,0,1
"파워링크",빅포1982 파워링크,빅포1982 청라점 파워링크,모바일,청라국수맛집,66,0,0,0,2.3
"파워링크",빅포1982 파워링크,빅포1982 청라점 파워링크,모바일,청라국수싼곳,1,0,0,0,1
"파워링크",빅포1982 파워링크,빅포1982 청라점 파워링크,모바일,청라국수추천,4,1,462,462,1.3
"파워링크",빅포1982 파워링크,빅포1982 청라점 파워링크,모바일,청라근처가볼만한곳,5,0,0,0,2.4
"파워링크",빅포1982 파워링크,빅포1982 청라점 파워링크,모바일,청라근처맛집,7,0,0,0,2.6
"파워링크",빅포1982 파워링크,빅포1982 청라점 파워링크,모바일,청라까페맛집,7,0,0,0,2.6
"파워링크",빅포1982 파워링크,빅포1982 청라점 파워링크,모바일,청라까페추천,38,1,77,77,2.8
"파워링크",빅포1982 파워링크,빅포1982 청라점 파워링크,모바일,청라냉면,26,0,0,0,6.1
"파워링크",빅포1982 파워링크,빅포1982 청라점 파워링크,모바일,청라냉면맛있는집,6,0,0,0,2.7
"파워링크",빅포1982 파워링크,빅포1982 청라점 파워링크,모바일,청라냉면맛집,71,1,308,308,2.3
"파워링크",빅포1982 파워링크,빅포1982 청라점 파워링크,모바일,청라냉면싼집,1,0,0,0,1
"파워링크",빅포1982 파워링크,빅포1982 청라점 파워링크,모바일,청라냉면잘하는집,3,0,0,0,1
"파워링크",빅포1982 파워링크,빅포1982 청라점 파워링크,모바일,청라냉면집,13,0,0,0,1.2
"파워링크",빅포1982 파워링크,빅포1982 청라점 파워링크,모바일,청라냉면추천,3,0,0,0,1
"파워링크",빅포1982 파워링크,빅포1982 청라점 파워링크,모바일,청라늦은시간쌀국수,1,0,0,0,1
"파워링크",빅포1982 파워링크,빅포1982 청라점 파워링크,모바일,청라단골맛집,1,0,0,0,1
"파워링크",빅포1982 파워링크,빅포1982 청라점 파워링크,모바일,청라대게맛집,8,0,0,0,1
"파워링크",빅포1982 파워링크,빅포1982 청라점 파워링크,모바일,청라더맛나,1,0,0,0,2
"파워링크",빅포1982 파워링크,빅포1982 청라점 파워링크,모바일,청라덮밥,64,0,0,0,1.1
"파워링크",빅포1982 파워링크,빅포1982 청라점 파워링크,모바일,청라덮밥맛집,1,0,0,0,1
"파워링크",빅포1982 파워링크,빅포1982 청라점 파워링크,모바일,청라도가니,3,0,0,0,1
"파워링크",빅포1982 파워링크,빅포1982 청라점 파워링크,모바일,청라동가볼만한곳,2,0,0,0,2
"파워링크",빅포1982 파워링크,빅포1982 청라점 파워링크,모바일,청라동국수,2,0,0,0,4
"파워링크",빅포1982 파워링크,빅포1982 청라점 파워링크,모바일,청라동맛집,2,0,0,0,9.5
"파워링크",빅포1982 파워링크,빅포1982 청라점 파워링크,모바일,청라동빅포,1,0,0,0,1
"파워링크",빅포1982 파워링크,빅포1982 청라점 파워링크,모바일,청라동쌀국수,1,0,0,0,1
"파워링크",빅포1982 파워링크,빅포1982 청라점 파워링크,모바일,청라동쌀국수.,1,0,0,0,1
"파워링크",빅포1982 파워링크,빅포1982 청라점 파워링크,모바일,청라동쌀국수맛집,1,0,0,0,3
"파워링크",빅포1982 파워링크,빅포1982 청라점 파워링크,모바일,청라동양솥밥,51,0,0,0,1.2
"파워링크",빅포1982 파워링크,빅포1982 청라점 파워링크,모바일,청라동양식맛집,1,0,0,0,2
"파워링크",빅포1982 파워링크,빅포1982 청라점 파워링크,모바일,청라동카페,2,0,0,0,1.5
"파워링크",빅포1982 파워링크,빅포1982 청라점 파워링크,모바일,청라동한식,3,0,0,0,3.7
"파워링크",빅포1982 파워링크,빅포1982 청라점 파워링크,모바일,청라돼지고기맛집,2,0,0,0,2
"파워링크",빅포1982 파워링크,빅포1982 청라점 파워링크,모바일,청라되지곱창맛집,1,0,0,0,1
"파워링크",빅포1982 파워링크,빅포1982 청라점 파워링크,모바일,청라디탕,1,0,0,0,1
"파워링크",빅포1982 파워링크,빅포1982 청라점 파워링크,모바일,청라띤뜨,215,0,0,0,1.3
"파워링크",빅포1982 파워링크,빅포1982 청라점 파워링크,모바일,청라띤뜨주차,2,0,0,0,1
"파워링크",빅포1982 파워링크,빅포1982 청라점 파워링크,모바일,청라띤뜨혼밥,1,0,0,0,1
"파워링크",빅포1982 파워링크,빅포1982 청라점 파워링크,모바일,청라런치맛집,5,0,0,0,3
"파워링크",빅포1982 파워링크,빅포1982 청라점 파워링크,모바일,청라레스토랑,22,0,0,0,5
"파워링크",빅포1982 파워링크,빅포1982 청라점 파워링크,모바일,청라레스토랑맛집,1,0,0,0,4
"파워링크",빅포1982 파워링크,빅포1982 청라점 파워링크,모바일,청라루옥,53,0,0,0,1.6
"파워링크",빅포1982 파워링크,빅포1982 청라점 파워링크,모바일,청라루옥],1,0,0,0,1
"파워링크",빅포1982 파워링크,빅포1982 청라점 파워링크,모바일,청라루옥쌀국수,1,0,0,0,2
"파워링크",빅포1982 파워링크,빅포1982 청라점 파워링크,모바일,청라루원,1,0,0,0,3
"파워링크",빅포1982 파워링크,빅포1982 청라점 파워링크,모바일,청라루원맛집,1,0,0,0,4
"파워링크",빅포1982 파워링크,빅포1982 청라점 파워링크,모바일,청라루원분위기,1,0,0,0,2
"파워링크",빅포1982 파워링크,빅포1982 청라점 파워링크,모바일,청라루원시티가볼만한곳,1,0,0,0,1
"파워링크",빅포1982 파워링크,빅포1982 청라점 파워링크,모바일,청라루원시티맛집,2,0,0,0,2.5
"파워링크",빅포1982 파워링크,빅포1982 청라점 파워링크,모바일,청라루원시티쌀국수,2,0,0,0,1
"파워링크",빅포1982 파워링크,빅포1982 청라점 파워링크,모바일,청라루원시티줄서서맛집,1,0,0,0,3
"파워링크",빅포1982 파워링크,빅포1982 청라점 파워링크,모바일,청라루원쌀국수,4,0,0,0,1.3
"파워링크",빅포1982 파워링크,빅포1982 청라점 파워링크,모바일,청라막국수맛집,6,0,0,0,2.2
"파워링크",빅포1982 파워링크,빅포1982 청라점 파워링크,모바일,청라막국수집,1,0,0,0,2
"파워링크",빅포1982 파워링크,빅포1982 청라점 파워링크,모바일,청라맛있는빵집,4,0,0,0,3.8
"파워링크",빅포1982 파워링크,빅포1982 청라점 파워링크,모바일,청라맛집,620,5,246,"1,232",14.1
"파워링크",빅포1982 파워링크,빅포1982 청라점 파워링크,모바일,청라맛집.카페,1,0,0,0,3
"파워링크",빅포1982 파워링크,빅포1982 청라점 파워링크,모바일,청라맛집국수집,1,0,0,0,3
"파워링크",빅포1982 파워링크,빅포1982 청라점 파워링크,모바일,청라맛집냉면,5,0,0,0,2.6
"파워링크",빅포1982 파워링크,빅포1982 청라점 파워링크,모바일,청라맛집랭킹,1,0,0,0,1
"파워링크",빅포1982 파워링크,빅포1982 청라점 파워링크,모바일,청라맛집레스토랑,1,0,0,0,3
"파워링크",빅포1982 파워링크,빅포1982 청라점 파워링크,모바일,청라맛집리스트,1,0,0,0,2
"파워링크",빅포1982 파워링크,빅포1982 청라점 파워링크,모바일,청라맛집많은곳,1,0,0,0,3
"파워링크",빅포1982 파워링크,빅포1982 청라점 파워링크,모바일,청라맛집면,1,0,0,0,2
"파워링크",빅포1982 파워링크,빅포1982 청라점 파워링크,모바일,청라맛집물냉면,1,0,0,0,2
"파워링크",빅포1982 파워링크,빅포1982 청라점 파워링크,모바일,청라맛집새로운곳,1,0,0,0,3
"파워링크",빅포1982 파워링크,빅포1982 청라점 파워링크,모바일,청라맛집순위,6,0,0,0,1.8
"파워링크",빅포1982 파워링크,빅포1982 청라점 파워링크,모바일,청라맛집쌀국수,3,0,0,0,2
"파워링크",빅포1982 파워링크,빅포1982 청라점 파워링크,모바일,청라맛집저녁,1,0,0,0,2
"파워링크",빅포1982 파워링크,빅포1982 청라점 파워링크,모바일,청라맛집저장많은,1,0,0,0,4
"파워링크",빅포1982 파워링크,빅포1982 청라점 파워링크,모바일,청라맛집점심,7,0,0,0,3.1
"파워링크",빅포1982 파워링크,빅포1982 청라점 파워링크,모바일,청라맛집추천,20,2,77,154,10.7
"파워링크",빅포1982 파워링크,빅포1982 청라점 파워링크,모바일,청라맛집포장,9,0,0,0,1.7
"파워링크",빅포1982 파워링크,빅포1982 청라점 파워링크,모바일,청라맛집한식,11,0,0,0,3.3
"파워링크",빅포1982 파워링크,빅포1982 청라점 파워링크,모바일,청라맛집혼밥,2,0,0,0,1.5
"파워링크",빅포1982 파워링크,빅포1982 청라점 파워링크,모바일,청라망향비빔국수,220,0,0,0,1
"파워링크",빅포1982 파워링크,빅포1982 청라점 파워링크,모바일,청라매운맛집,14,0,0,0,2.9
"파워링크",빅포1982 파워링크,빅포1982 청라점 파워링크,모바일,청라매운쌀국수,2,0,0,0,2
"파워링크",빅포1982 파워링크,빅포1982 청라점 파워링크,모바일,청라매운음식추천,1,0,0,0,3
"파워링크",빅포1982 파워링크,빅포1982 청라점 파워링크,모바일,청라먹을곳,2,0,0,0,2.5
"파워링크",빅포1982 파워링크,빅포1982 청라점 파워링크,모바일,청라먹자골목,2,0,0,0,3
"파워링크",빅포1982 파워링크,빅포1982 청라점 파워링크,모바일,청라물냉면,2,0,0,0,2
"파워링크",빅포1982 파워링크,빅포1982 청라점 파워링크,모바일,청라반쎄오,32,0,0,0,1.2
"파워링크",빅포1982 파워링크,빅포1982 청라점 파워링크,모바일,청라반쎄오맛집,"1,428",2,231,462,1.4
"파워링크",빅포1982 파워링크,빅포1982 청라점 파워링크,모바일,청라반쎄오맛집.,1,0,0,0,2
"파워링크",빅포1982 파워링크,빅포1982 청라점 파워링크,모바일,청라밥맛집,1,0,0,0,3
"파워링크",빅포1982 파워링크,빅포1982 청라점 파워링크,모바일,청라밥집추천,5,0,0,0,3.6
"파워링크",빅포1982 파워링크,빅포1982 청라점 파워링크,모바일,청라배달음식,6,0,0,0,1.7
"파워링크",빅포1982 파워링크,빅포1982 청라점 파워링크,모바일,청라베이커리.카페,1,0,0,0,3
"파워링크",빅포1982 파워링크,빅포1982 청라점 파워링크,모바일,청라베이커리까페,9,0,0,0,1.7
"파워링크",빅포1982 파워링크,빅포1982 청라점 파워링크,모바일,청라베이커리맛집,6,0,0,0,3.2
"파워링크",빅포1982 파워링크,빅포1982 청라점 파워링크,모바일,청라베이커리카페,46,1,176,176,1.7
"파워링크",빅포1982 파워링크,빅포1982 청라점 파워링크,모바일,청라베트남,15,0,0,0,1.3
"파워링크",빅포1982 파워링크,빅포1982 청라점 파워링크,모바일,청라베트남국수,2,0,0,0,1
"파워링크",빅포1982 파워링크,빅포1982 청라점 파워링크,모바일,청라베트남맛집,23,0,0,0,1.6
"파워링크",빅포1982 파워링크,빅포1982 청라점 파워링크,모바일,청라베트남식당,12,1,429,429,1.1
"파워링크",빅포1982 파워링크,빅포1982 청라점 파워링크,모바일,청라베트남쌀국수,48,1,462,462,1.4
"파워링크",빅포1982 파워링크,빅포1982 청라점 파워링크,모바일,청라베트남쌀국수맛집,6,0,0,0,1.2
"파워링크",빅포1982 파워링크,빅포1982 청라점 파워링크,모바일,청라베트남쌀국수집,4,0,0,0,2.5
"파워링크",빅포1982 파워링크,빅포1982 청라점 파워링크,모바일,청라베트남음식,90,0,0,0,1.4
"파워링크",빅포1982 파워링크,빅포1982 청라점 파워링크,모바일,청라베트남음식맛집,2,0,0,0,1
"파워링크",빅포1982 파워링크,빅포1982 청라점 파워링크,모바일,청라베트남음식점,30,0,0,0,1.6
"파워링크",빅포1982 파워링크,빅포1982 청라점 파워링크,모바일,청라베트남현지인쌀국수,1,0,0,0,1
"파워링크",빅포1982 파워링크,빅포1982 청라점 파워링크,모바일,청라보양식,2,0,0,0,1.5
"파워링크",빅포1982 파워링크,빅포1982 청라점 파워링크,모바일,청라볶음밥,4,0,0,0,1
"파워링크",빅포1982 파워링크,빅포1982 청라점 파워링크,모바일,청라볶음짬뽕,2,0,0,0,1
"파워링크",빅포1982 파워링크,빅포1982 청라점 파워링크,모바일,청라볼만한곳,1,0,0,0,4
"파워링크",빅포1982 파워링크,빅포1982 청라점 파워링크,모바일,청라분위기맛집,7,0,0,0,2
"파워링크",빅포1982 파워링크,빅포1982 청라점 파워링크,모바일,청라분위기좋은레스토랑,2,0,0,0,3.5
"파워링크",빅포1982 파워링크,빅포1982 청라점 파워링크,모바일,청라분위기좋은맛집,4,0,0,0,3.3
"파워링크",빅포1982 파워링크,빅포1982 청라점 파워링크,모바일,청라분위기좋은술집,2,0,0,0,1
"파워링크",빅포1982 파워링크,빅포1982 청라점 파워링크,모바일,청라분위기좋은식당,6,0,0,0,2.5
"파워링크",빅포1982 파워링크,빅포1982 청라점 파워링크,모바일,청라분좋카,2,0,0,0,2
"파워링크",빅포1982 파워링크,빅포1982 청라점 파워링크,모바일,청라분짜,19,0,0,0,1.4
"파워링크",빅포1982 파워링크,빅포1982 청라점 파워링크,모바일,청라분짜맛,1,0,0,0,1
"파워링크",빅포1982 파워링크,빅포1982 청라점 파워링크,모바일,청라분짜맛집,370,0,0,0,1.6
"파워링크",빅포1982 파워링크,빅포1982 청라점 파워링크,모바일,청라불고기맛집,427,0,0,0,1.4
"파워링크",빅포1982 파워링크,빅포1982 청라점 파워링크,모바일,청라빅포,302,1,77,77,1
"파워링크",빅포1982 파워링크,빅포1982 청라점 파워링크,모바일,청라빅포1982,111,1,77,77,2.2
"파워링크",빅포1982 파워링크,빅포1982 청라점 파워링크,모바일,청라빅포1982밥추가,1,0,0,0,1
"파워링크",빅포1982 파워링크,빅포1982 청라점 파워링크,모바일,청라빅포1982추천,1,0,0,0,1
"파워링크",빅포1982 파워링크,빅포1982 청라점 파워링크,모바일,청라빅포1982포장,1,0,0,0,1
"파워링크",빅포1982 파워링크,빅포1982 청라점 파워링크,모바일,청라빅포1982후레이크,2,0,0,0,1
"파워링크",빅포1982 파워링크,빅포1982 청라점 파워링크,모바일,청라빅포반쎄오,1,0,0,0,1
"파워링크",빅포1982 파워링크,빅포1982 청라점 파워링크,모바일,청라빅포볶음밥,1,0,0,0,1
"파워링크",빅포1982 파워링크,빅포1982 청라점 파워링크,모바일,청라빅포쌀국수,13,1,363,363,1
"파워링크",빅포1982 파워링크,빅포1982 청라점 파워링크,모바일,청라빅포주차,1,0,0,0,1
"파워링크",빅포1982 파워링크,빅포1982 청라점 파워링크,모바일,청라삼계탕잘하는집,1,0,0,0,1
"파워링크",빅포1982 파워링크,빅포1982 청라점 파워링크,모바일,청라삼계탕집,6,0,0,0,1.2
"파워링크",빅포1982 파워링크,빅포1982 청라점 파워링크,모바일,청라새우,5,0,0,0,1
"파워링크",빅포1982 파워링크,빅포1982 청라점 파워링크,모바일,청라생면파스타,4,0,0,0,1
"파워링크",빅포1982 파워링크,빅포1982 청라점 파워링크,모바일,청라서구맛집,3,0,0,0,4
"파워링크",빅포1982 파워링크,빅포1982 청라점 파워링크,모바일,청라서구카페,1,0,0,0,3
"파워링크",빅포1982 파워링크,빅포1982 청라점 파워링크,모바일,청라선술집,1,0,0,0,1
"파워링크",빅포1982 파워링크,빅포1982 청라점 파워링크,모바일,청라솥밥맛집,3,0,0,0,1.3
"파워링크",빅포1982 파워링크,빅포1982 청라점 파워링크,모바일,청라술집,6,0,0,0,8.5
"파워링크",빅포1982 파워링크,빅포1982 청라점 파워링크,모바일,청라스퀘어7맛집,2,0,0,0,1
"파워링크",빅포1982 파워링크,빅포1982 청라점 파워링크,모바일,청라스파게티,40,0,0,0,2.7
"파워링크",빅포1982 파워링크,빅포1982 청라점 파워링크,모바일,청라스파게티맛집,20,0,0,0,3
"파워링크",빅포1982 파워링크,빅포1982 청라점 파워링크,모바일,청라시원한맛집,1,0,0,0,2
"파워링크",빅포1982 파워링크,빅포1982 청라점 파워링크,모바일,청라시티맛집,1,0,0,0,3
"파워링크",빅포1982 파워링크,빅포1982 청라점 파워링크,모바일,청라식당가,1,0,0,0,1
"파워링크",빅포1982 파워링크,빅포1982 청라점 파워링크,모바일,청라식당추천,3,0,0,0,2.7
"파워링크",빅포1982 파워링크,빅포1982 청라점 파워링크,모바일,청라신도시맛집,23,1,88,88,1.6
"파워링크",빅포1982 파워링크,빅포1982 청라점 파워링크,모바일,청라쌀국수,916,17,232,"3,949",3.5
"파워링크",빅포1982 파워링크,빅포1982 청라점 파워링크,모바일,청라쌀국수3단지,1,0,0,0,1
"파워링크",빅포1982 파워링크,빅포1982 청라점 파워링크,모바일,청라쌀국수내돈내산,1,0,0,0,2
"파워링크",빅포1982 파워링크,빅포1982 청라점 파워링크,모바일,청라쌀국수띤뜨,10,0,0,0,1.6
"파워링크",빅포1982 파워링크,빅포1982 청라점 파워링크,모바일,청라쌀국수루옥,3,1,77,77,1.3
"파워링크",빅포1982 파워링크,빅포1982 청라점 파워링크,모바일,청라쌀국수맛,1,0,0,0,1
"파워링크",빅포1982 파워링크,빅포1982 청라점 파워링크,모바일,청라쌀국수맛집,"1,983",3,139,418,1.3
"파워링크",빅포1982 파워링크,빅포1982 청라점 파워링크,모바일,청라쌀국수배달,1,0,0,0,2
"파워링크",빅포1982 파워링크,빅포1982 청라점 파워링크,모바일,청라쌀국수볶음밥,1,0,0,0,1
"파워링크",빅포1982 파워링크,빅포1982 청라점 파워링크,모바일,청라쌀국수분짜,"2,684",4,160,638,1.4
"파워링크",빅포1982 파워링크,빅포1982 청라점 파워링크,모바일,청라쌀국수빅포,4,0,0,0,1
"파워링크",빅포1982 파워링크,빅포1982 청라점 파워링크,모바일,청라쌀국수식당,1,0,0,0,1
"파워링크",빅포1982 파워링크,빅포1982 청라점 파워링크,모바일,청라쌀국수싼곳,1,0,0,0,1
"파워링크",빅포1982 파워링크,빅포1982 청라점 파워링크,모바일,청라쌀국수전문점,1,0,0,0,1
"파워링크",빅포1982 파워링크,빅포1982 청라점 파워링크,모바일,청라쌀국수집,15,0,0,0,1.8
"파워링크",빅포1982 파워링크,빅포1982 청라점 파워링크,모바일,청라쌀국수짬뽕,1,0,0,0,1
"파워링크",빅포1982 파워링크,빅포1982 청라점 파워링크,모바일,청라쌀국수추천,1,0,0,0,1
"파워링크",빅포1982 파워링크,빅포1982 청라점 파워링크,모바일,청라쌀국수혼밥,1,0,0,0,1
"파워링크",빅포1982 파워링크,빅포1982 청라점 파워링크,모바일,청라아침맛집,5,0,0,0,1.4
"파워링크",빅포1982 파워링크,빅포1982 청라점 파워링크,모바일,청라야구구장,2,0,0,0,1.5
"파워링크",빅포1982 파워링크,빅포1982 청라점 파워링크,모바일,청라야구장,"1,247",0,0,0,1.5
"파워링크",빅포1982 파워링크,빅포1982 청라점 파워링크,모바일,청라양고기맛집,2,0,0,0,4
"파워링크",빅포1982 파워링크,빅포1982 청라점 파워링크,모바일,청라양식맛집,47,0,0,0,2
"파워링크",빅포1982 파워링크,빅포1982 청라점 파워링크,모바일,청라양식집,3,0,0,0,2
"파워링크",빅포1982 파워링크,빅포1982 청라점 파워링크,모바일,청라양지쌀국수,1,0,0,0,1
"파워링크",빅포1982 파워링크,빅포1982 청라점 파워링크,모바일,청라양지쌀국수맛집,"6,546",1,429,429,1.4
"파워링크",빅포1982 파워링크,빅포1982 청라점 파워링크,모바일,청라양지쌀국수맛집3,1,0,0,0,1
"파워링크",빅포1982 파워링크,빅포1982 청라점 파워링크,모바일,청라양지쌀국수맛집루옥,5,0,0,0,1.2
"파워링크",빅포1982 파워링크,빅포1982 청라점 파워링크,모바일,청라언덕고기집,2,0,0,0,2
"파워링크",빅포1982 파워링크,빅포1982 청라점 파워링크,모바일,청라에서만먹는맛집,2,0,0,0,3
"파워링크",빅포1982 파워링크,빅포1982 청라점 파워링크,모바일,청라역맛집,109,1,77,77,1.7
"파워링크",빅포1982 파워링크,빅포1982 청라점 파워링크,모바일,청라열무냉면,1,0,0,0,1
"파워링크",빅포1982 파워링크,빅포1982 청라점 파워링크,모바일,청라영업중인식당,1,0,0,0,3
"파워링크",빅포1982 파워링크,빅포1982 청라점 파워링크,모바일,청라우삼겹,2,0,0,0,1
"파워링크",빅포1982 파워링크,빅포1982 청라점 파워링크,모바일,청라위드포,6,0,0,0,1
"파워링크",빅포1982 파워링크,빅포1982 청라점 파워링크,모바일,청라위드포153,1,0,0,0,1
"파워링크",빅포1982 파워링크,빅포1982 청라점 파워링크,모바일,청라유명맛집,11,1,77,77,2.5
"파워링크",빅포1982 파워링크,빅포1982 청라점 파워링크,모바일,청라유명카페,1,0,0,0,1
"파워링크",빅포1982 파워링크,빅포1982 청라점 파워링크,모바일,청라음식,3,0,0,0,3.7
"파워링크",빅포1982 파워링크,빅포1982 청라점 파워링크,모바일,청라음식점,3,0,0,0,1.7
"파워링크",빅포1982 파워링크,빅포1982 청라점 파워링크,모바일,청라음식포장,1,0,0,0,1
"파워링크",빅포1982 파워링크,빅포1982 청라점 파워링크,모바일,청라인근맛집,1,0,0,0,4
"파워링크",빅포1982 파워링크,빅포1982 청라점 파워링크,모바일,청라인생맛집,1,0,0,0,1
"파워링크",빅포1982 파워링크,빅포1982 청라점 파워링크,모바일,청라저녁맛집,8,0,0,0,3
"파워링크",빅포1982 파워링크,빅포1982 청라점 파워링크,모바일,청라저녁추천,3,0,0,0,1.7
"파워링크",빅포1982 파워링크,빅포1982 청라점 파워링크,모바일,청라점심,4,0,0,0,5.8
"파워링크",빅포1982 파워링크,빅포1982 청라점 파워링크,모바일,청라점심맛집,104,1,154,154,3.8
"파워링크",빅포1982 파워링크,빅포1982 청라점 파워링크,모바일,청라점심추천,10,0,0,0,2.6
"파워링크",빅포1982 파워링크,빅포1982 청라점 파워링크,모바일,청라점심특선,27,0,0,0,2.3
"파워링크",빅포1982 파워링크,빅포1982 청라점 파워링크,모바일,청라점심특선맛집,139,1,99,99,1.4
"파워링크",빅포1982 파워링크,빅포1982 청라점 파워링크,모바일,청라점주변가볼만한곳,1,0,0,0,1
"파워링크",빅포1982 파워링크,빅포1982 청라점 파워링크,모바일,청라좋은점,1,0,0,0,2
"파워링크",빅포1982 파워링크,빅포1982 청라점 파워링크,모바일,청라주변가볼만한곳,1,0,0,0,1
"파워링크",빅포1982 파워링크,빅포1982 청라점 파워링크,모바일,청라주변맛집,15,0,0,0,3
"파워링크",빅포1982 파워링크,빅포1982 청라점 파워링크,모바일,청라주점,6,0,0,0,2.5
"파워링크",빅포1982 파워링크,빅포1982 청라점 파워링크,모바일,청라줄서서먹는맛집,1,0,0,0,1
"파워링크",빅포1982 파워링크,빅포1982 청라점 파워링크,모바일,청라중국집맛집,25,0,0,0,1.8
"파워링크",빅포1982 파워링크,빅포1982 청라점 파워링크,모바일,청라중국집코스,1,0,0,0,1
"파워링크",빅포1982 파워링크,빅포1982 청라점 파워링크,모바일,청라중봉대로맛집,3,0,0,0,3
"파워링크",빅포1982 파워링크,빅포1982 청라점 파워링크,모바일,청라중식당맛집,6,0,0,0,1
"파워링크",빅포1982 파워링크,빅포1982 청라점 파워링크,모바일,청라중식맛집,16,0,0,0,1.5
"파워링크",빅포1982 파워링크,빅포1982 청라점 파워링크,모바일,청라지구맛집,33,0,0,0,3.7
"파워링크",빅포1982 파워링크,빅포1982 청라점 파워링크,모바일,청라지역맛집,1,0,0,0,3
"파워링크",빅포1982 파워링크,빅포1982 청라점 파워링크,모바일,청라집밥,1,0,0,0,4
"파워링크",빅포1982 파워링크,빅포1982 청라점 파워링크,모바일,청라짬뽕쌀국수,1,0,0,0,1
"파워링크",빅포1982 파워링크,빅포1982 청라점 파워링크,모바일,청라짬뽕잘하는집,1,0,0,0,1
"파워링크",빅포1982 파워링크,빅포1982 청라점 파워링크,모바일,청라청라양지쌀국수맛집,1,0,0,0,2
"파워링크",빅포1982 파워링크,빅포1982 청라점 파워링크,모바일,청라최고맛집,1,0,0,0,1
"파워링크",빅포1982 파워링크,빅포1982 청라점 파워링크,모바일,청라카스테라,9,0,0,0,2.4
"파워링크",빅포1982 파워링크,빅포1982 청라점 파워링크,모바일,청라카페,664,0,0,0,3
"파워링크",빅포1982 파워링크,빅포1982 청라점 파워링크,모바일,청라카페맛집,19,0,0,0,3.1
"파워링크",빅포1982 파워링크,빅포1982 청라점 파워링크,모바일,청라카페추천,191,1,77,77,1.8
"파워링크",빅포1982 파워링크,빅포1982 청라점 파워링크,모바일,청라커낼맛집,4,0,0,0,2
"파워링크",빅포1982 파워링크,빅포1982 청라점 파워링크,모바일,청라커낼쌀국수,1,0,0,0,1
"파워링크",빅포1982 파워링크,빅포1982 청라점 파워링크,모바일,청라커넬,8,0,0,0,1.5
"파워링크",빅포1982 파워링크,빅포1982 청라점 파워링크,모바일,청라커넬맛집,5,0,0,0,2.4
"파워링크",빅포1982 파워링크,빅포1982 청라점 파워링크,모바일,청라커넬웨이맛집,309,0,0,0,1.7
"파워링크",빅포1982 파워링크,빅포1982 청라점 파워링크,모바일,청라태국맛집,1,0,0,0,1
"파워링크",빅포1982 파워링크,빅포1982 청라점 파워링크,모바일,청라태국음식,25,0,0,0,1
"파워링크",빅포1982 파워링크,빅포1982 청라점 파워링크,모바일,청라태국음식점,12,0,0,0,1
"파워링크",빅포1982 파워링크,빅포1982 청라점 파워링크,모바일,청라파스타맛있는곳,25,0,0,0,2.7
"파워링크",빅포1982 파워링크,빅포1982 청라점 파워링크,모바일,청라파스타맛집,267,0,0,0,2.1
"파워링크",빅포1982 파워링크,빅포1982 청라점 파워링크,모바일,청라파스타집,28,0,0,0,2.6
"파워링크",빅포1982 파워링크,빅포1982 청라점 파워링크,모바일,청라파스타추천,10,0,0,0,2.7
"파워링크",빅포1982 파워링크,빅포1982 청라점 파워링크,모바일,청라팟타이,14,1,77,77,1
"파워링크",빅포1982 파워링크,빅포1982 청라점 파워링크,모바일,청라포쌀국수,3,0,0,0,1
"파워링크",빅포1982 파워링크,빅포1982 청라점 파워링크,모바일,청라포웨이쌀국수,1,0,0,0,1
"파워링크",빅포1982 파워링크,빅포1982 청라점 파워링크,모바일,청라포장맛집,6,0,0,0,2
"파워링크",빅포1982 파워링크,빅포1982 청라점 파워링크,모바일,청라포장음식,4,0,0,0,2.3
"파워링크",빅포1982 파워링크,빅포1982 청라점 파워링크,모바일,청라한식맛집,4,0,0,0,2.8
"파워링크",빅포1982 파워링크,빅포1982 청라점 파워링크,모바일,청라한식맛집추천,1,0,0,0,3
"파워링크",빅포1982 파워링크,빅포1982 청라점 파워링크,모바일,청라한식집,90,0,0,0,2.8
"파워링크",빅포1982 파워링크,빅포1982 청라점 파워링크,모바일,청라한우한상,4,0,0,0,1
"파워링크",빅포1982 파워링크,빅포1982 청라점 파워링크,모바일,청라한정식,389,0,0,0,2.9
"파워링크",빅포1982 파워링크,빅포1982 청라점 파워링크,모바일,청라한정식추천,2,0,0,0,1.5
"파워링크",빅포1982 파워링크,빅포1982 청라점 파워링크,모바일,청라핫플,109,1,176,176,2.4
"파워링크",빅포1982 파워링크,빅포1982 청라점 파워링크,모바일,청라핫플레이스,7,0,0,0,3.1
"파워링크",빅포1982 파워링크,빅포1982 청라점 파워링크,모바일,청라현지맛집,3,0,0,0,2
"파워링크",빅포1982 파워링크,빅포1982 청라점 파워링크,모바일,청라현지베트남쌀국수,1,0,0,0,1
"파워링크",빅포1982 파워링크,빅포1982 청라점 파워링크,모바일,청라호수가볼만,1,0,0,0,1
"파워링크",빅포1982 파워링크,빅포1982 청라점 파워링크,모바일,청라호수공원맛집,17,2,77,154,12.1
"파워링크",빅포1982 파워링크,빅포1982 청라점 파워링크,모바일,청라호수맛집,4,0,0,0,3
"파워링크",빅포1982 파워링크,빅포1982 청라점 파워링크,모바일,청라호앙비엣,3,0,0,0,1.7
"파워링크",빅포1982 파워링크,빅포1982 청라점 파워링크,모바일,청라혼밥고기,1,0,0,0,1
"파워링크",빅포1982 파워링크,빅포1982 청라점 파워링크,모바일,청라혼밥맛집,33,0,0,0,1.8
"파워링크",빅포1982 파워링크,빅포1982 청라점 파워링크,모바일,청라혼밥식당,1,0,0,0,2
"파워링크",빅포1982 파워링크,빅포1982 청라점 파워링크,모바일,청라혼밥집,1,0,0,0,1
"파워링크",빅포1982 파워링크,빅포1982 청라점 파워링크,모바일,청라혼밥추천,1,0,0,0,1
"파워링크",빅포1982 파워링크,빅포1982 청라점 파워링크,모바일,청라회식장소,3,0,0,0,12.3
"파워링크",빅포1982 파워링크,빅포1982 청라점 파워링크,모바일,카페청라추천,1,0,0,0,2
"파워링크",빅포1982 파워링크,빅포1982 청라점 파워링크,모바일,파스타집이야인천,2,0,0,0,2.5
"파워링크",빅포1982 파워링크,빅포1982 청라점 파워링크,모바일,포1982,4,0,0,0,2
"파워링크",빅포1982 파워링크,빅포1982 청라점 파워링크,모바일,포베트남음식,1,0,0,0,3
"파워링크",빅포1982 파워링크,빅포1982 청라점 파워링크,모바일,포분짜차이점,1,0,0,0,1
"파워링크",빅포1982 파워링크,빅포1982 청라점 파워링크,모바일,포웨이쌀국수루원,3,0,0,0,1
"파워링크",빅포1982 파워링크,빅포1982 청라점 파워링크,모바일,포웨이쌀국수부평점,2,0,0,0,1
"파워링크",빅포1982 파워링크,빅포1982 청라점 파워링크,모바일,포웨이쌀국수서구,1,0,0,0,1
"파워링크",빅포1982 파워링크,빅포1982 청라점 파워링크,모바일,포웨이쌀국수청라,8,0,0,0,1.3
"파워링크",빅포1982 파워링크,빅포1982 청라점 파워링크,모바일,프랜차이즈,34,0,0,0,3.3
"파워링크",빅포1982 파워링크,빅포1982 청라점 파워링크,모바일,프랜차이즈쌀국수맛집,1,0,0,0,3
"파워링크",빅포1982 파워링크,빅포1982 청라점 파워링크,모바일,한식뷔페청라,3,0,0,0,2.3
"파워링크",빅포1982 파워링크,빅포1982 청라점 파워링크,모바일,한식청라,1,0,0,0,3
"파워링크",빅포1982 파워링크,빅포1982 청라점 파워링크,모바일,한우한상청라,5,0,0,0,1.2
"파워링크",빅포1982 파워링크,빅포1982 청라점 파워링크,모바일,한정식청라,6,0,0,0,1
"파워링크",빅포1982 파워링크,빅포1982 청라점 파워링크,모바일,현지쌀국수맛집,2,0,0,0,2
"파워링크",빅포1982 파워링크,빅포1982 청라점 파워링크,모바일,호앙비엣청라,8,0,0,0,1.5
"파워링크",빅포1982 파워링크,빅포1982 청라점 파워링크,모바일,혼밥쌀국수맛집,1,0,0,0,1
"파워링크",빅포1982 파워링크,빅포1982 프랜차이즈_파워링크,PC,1982베트남음식,1,0,0,0,1
"파워링크",빅포1982 파워링크,빅포1982 프랜차이즈_파워링크,PC,BIGPHO1982,2,0,0,0,1
"파워링크",빅포1982 파워링크,빅포1982 프랜차이즈_파워링크,PC,고기집창업,3,0,0,0,172.3
"파워링크",빅포1982 파워링크,빅포1982 프랜차이즈_파워링크,PC,고깃집창업,1,0,0,0,149
"파워링크",빅포1982 파워링크,빅포1982 프랜차이즈_파워링크,PC,남양주빅포1982,1,0,0,0,1
"파워링크",빅포1982 파워링크,빅포1982 프랜차이즈_파워링크,PC,돈버는창업,1,0,0,0,84
"파워링크",빅포1982 파워링크,빅포1982 프랜차이즈_파워링크,PC,뜨는프렌차이즈,1,0,0,0,269
"파워링크",빅포1982 파워링크,빅포1982 프랜차이즈_파워링크,PC,맛집프랜차이즈,1,1,77,77,60
"파워링크",빅포1982 파워링크,빅포1982 프랜차이즈_파워링크,PC,무인창업,5,0,0,0,175.6
"파워링크",빅포1982 파워링크,빅포1982 프랜차이즈_파워링크,PC,배달대행창업,1,0,0,0,41
"파워링크",빅포1982 파워링크,빅포1982 프랜차이즈_파워링크,PC,배달아이템,1,0,0,0,62
"파워링크",빅포1982 파워링크,빅포1982 프랜차이즈_파워링크,PC,배달전문점,2,0,0,0,132.5
"파워링크",빅포1982 파워링크,빅포1982 프랜차이즈_파워링크,PC,배달전문점창업,1,0,0,0,203
"파워링크",빅포1982 파워링크,빅포1982 프랜차이즈_파워링크,PC,배달창업,4,0,0,0,261
"파워링크",빅포1982 파워링크,빅포1982 프랜차이즈_파워링크,PC,부천빅포1982짬뽕쌀국수,1,0,0,0,1
"파워링크",빅포1982 파워링크,빅포1982 프랜차이즈_파워링크,PC,브랜드순위,5,0,0,0,3
"파워링크",빅포1982 파워링크,빅포1982 프랜차이즈_파워링크,PC,브렌드순위,1,0,0,0,2
"파워링크",빅포1982 파워링크,빅포1982 프랜차이즈_파워링크,PC,빅포,109,0,0,0,1.2
"파워링크",빅포1982 파워링크,빅포1982 프랜차이즈_파워링크,PC,빅포1982,395,29,68,"1,958",1
"파워링크",빅포1982 파워링크,빅포1982 프랜차이즈_파워링크,PC,빅포1982(송도점),1,0,0,0,1
"파워링크",빅포1982 파워링크,빅포1982 프랜차이즈_파워링크,PC,빅포1982.,1,0,0,0,1
"파워링크",빅포1982 파워링크,빅포1982 프랜차이즈_파워링크,PC,빅포1982\,3,1,396,396,1
"파워링크",빅포1982 파워링크,빅포1982 프랜차이즈_파워링크,PC,빅포1982가맹,1,1,77,77,2
"파워링크",빅포1982 파워링크,빅포1982 프랜차이즈_파워링크,PC,빅포1982가양점,1,0,0,0,1
"파워링크",빅포1982 파워링크,빅포1982 프랜차이즈_파워링크,PC,빅포1982검단신도시점,5,0,0,0,1
"파워링크",빅포1982 파워링크,빅포1982 프랜차이즈_파워링크,PC,빅포1982구래점,1,0,0,0,1
"파워링크",빅포1982 파워링크,빅포1982 프랜차이즈_파워링크,PC,빅포1982김포,1,0,0,0,1
"파워링크",빅포1982 파워링크,빅포1982 프랜차이즈_파워링크,PC,빅포1982배달,1,0,0,0,1
"파워링크",빅포1982 파워링크,빅포1982 프랜차이즈_파워링크,PC,빅포1982부천,3,0,0,0,1
"파워링크",빅포1982 파워링크,빅포1982 프랜차이즈_파워링크,PC,빅포1982부평삼산점,2,0,0,0,1
"파워링크",빅포1982 파워링크,빅포1982 프랜차이즈_파워링크,PC,빅포1982송도점,3,0,0,0,1
"파워링크",빅포1982 파워링크,빅포1982 프랜차이즈_파워링크,PC,빅포1982쌀국수,1,0,0,0,1
"파워링크",빅포1982 파워링크,빅포1982 프랜차이즈_파워링크,PC,빅포1982영종,4,0,0,0,1
"파워링크",빅포1982 파워링크,빅포1982 프랜차이즈_파워링크,PC,빅포1982짬뽕쌀국수,1,0,0,0,2
"파워링크",빅포1982 파워링크,빅포1982 프랜차이즈_파워링크,PC,빅포1982청라,6,0,0,0,1.7
"파워링크",빅포1982 파워링크,빅포1982 프랜차이즈_파워링크,PC,빅포1982청라웨이팅,1,0,0,0,1
"파워링크",빅포1982 파워링크,빅포1982 프랜차이즈_파워링크,PC,빅포1982청라점,2,0,0,0,1
"파워링크",빅포1982 파워링크,빅포1982 프랜차이즈_파워링크,PC,소규모프랜차이즈,1,0,0,0,157
"파워링크",빅포1982 파워링크,빅포1982 프랜차이즈_파워링크,PC,소자본무인창업,1,0,0,0,79
"파워링크",빅포1982 파워링크,빅포1982 프랜차이즈_파워링크,PC,소자본창업,4,1,77,77,719
"파워링크",빅포1982 파워링크,빅포1982 프랜차이즈_파워링크,PC,소형창업,2,0,0,0,141.5
"파워링크",빅포1982 파워링크,빅포1982 프랜차이즈_파워링크,PC,송도쌀국수,82,0,0,0,2.8
"파워링크",빅포1982 파워링크,빅포1982 프랜차이즈_파워링크,PC,식당창업,1,0,0,0,348
"파워링크",빅포1982 파워링크,빅포1982 프랜차이즈_파워링크,PC,신규창업,1,0,0,0,285
"파워링크",빅포1982 파워링크,빅포1982 프랜차이즈_파워링크,PC,쌀국수,8,0,0,0,46.8
"파워링크",빅포1982 파워링크,빅포1982 프랜차이즈_파워링크,PC,쌀국수맛있는집,1,0,0,0,3
"파워링크",빅포1982 파워링크,빅포1982 프랜차이즈_파워링크,PC,쌀국수맛집,"2,321",7,553,"3,872",1.9
"파워링크",빅포1982 파워링크,빅포1982 프랜차이즈_파워링크,PC,쌀국수베트남,3,0,0,0,2
"파워링크",빅포1982 파워링크,빅포1982 프랜차이즈_파워링크,PC,쌀국수브랜드순위,1,0,0,0,2
"파워링크",빅포1982 파워링크,빅포1982 프랜차이즈_파워링크,PC,쌀국수송도,2,0,0,0,1
"파워링크",빅포1982 파워링크,빅포1982 프랜차이즈_파워링크,PC,쌀국수음식점,1,0,0,0,1
"파워링크",빅포1982 파워링크,빅포1982 프랜차이즈_파워링크,PC,쌀국수포,9,0,0,0,2.6
"파워링크",빅포1982 파워링크,빅포1982 프랜차이즈_파워링크,PC,외식프랜차이즈,2,0,0,0,237.5
"파워링크",빅포1982 파워링크,빅포1982 프랜차이즈_파워링크,PC,요식업창업,1,0,0,0,300
"파워링크",빅포1982 파워링크,빅포1982 프랜차이즈_파워링크,PC,유망직종,1,0,0,0,45
"파워링크",빅포1982 파워링크,빅포1982 프랜차이즈_파워링크,PC,잘나가는체인점,1,0,0,0,54
"파워링크",빅포1982 파워링크,빅포1982 프랜차이즈_파워링크,PC,저자본창업,3,0,0,0,147.7
"파워링크",빅포1982 파워링크,빅포1982 프랜차이즈_파워링크,PC,창업,20,0,0,0,448
"파워링크",빅포1982 파워링크,빅포1982 프랜차이즈_파워링크,PC,창업아이템추천,1,0,0,0,268
"파워링크",빅포1982 파워링크,빅포1982 프랜차이즈_파워링크,PC,창업지원금,1,0,0,0,60
"파워링크",빅포1982 파워링크,빅포1982 프랜차이즈_파워링크,PC,청라빅포1982,10,0,0,0,1
"파워링크",빅포1982 파워링크,빅포1982 프랜차이즈_파워링크,PC,청라쌀국수,149,0,0,0,5.8
"파워링크",빅포1982 파워링크,빅포1982 프랜차이즈_파워링크,PC,청라쌀국수맛집,4,0,0,0,3
"파워링크",빅포1982 파워링크,빅포1982 프랜차이즈_파워링크,PC,체인점,3,0,0,0,184
"파워링크",빅포1982 파워링크,빅포1982 프랜차이즈_파워링크,PC,카페창업,6,1,77,77,250.3
"파워링크",빅포1982 파워링크,빅포1982 프랜차이즈_파워링크,PC,포1982,1,0,0,0,1
"파워링크",빅포1982 파워링크,빅포1982 프랜차이즈_파워링크,PC,프랜차이즈,2,0,0,0,226.5
"파워링크",빅포1982 파워링크,빅포1982 프랜차이즈_파워링크,PC,프랜차이즈박람회,1,0,0,0,153
"파워링크",빅포1982 파워링크,빅포1982 프랜차이즈_파워링크,PC,프랜차이즈순위,1,0,0,0,127
"파워링크",빅포1982 파워링크,빅포1982 프랜차이즈_파워링크,PC,프랜차이즈쌀국수,2,0,0,0,3
"파워링크",빅포1982 파워링크,빅포1982 프랜차이즈_파워링크,PC,프랜차이즈창업,2,0,0,0,558.5
"파워링크",빅포1982 파워링크,빅포1982 프랜차이즈_파워링크,PC,프렌차이즈,1,0,0,0,236
"파워링크",빅포1982 파워링크,빅포1982 프랜차이즈_파워링크,모바일,1982강릉,3,0,0,0,1
"파워링크",빅포1982 파워링크,빅포1982 프랜차이즈_파워링크,모바일,1982빅포,13,0,0,0,1
"파워링크",빅포1982 파워링크,빅포1982 프랜차이즈_파워링크,모바일,1982쌀국수,3,0,0,0,1
"파워링크",빅포1982 파워링크,빅포1982 프랜차이즈_파워링크,모바일,1982쌀국수송도,1,0,0,0,1
"파워링크",빅포1982 파워링크,빅포1982 프랜차이즈_파워링크,모바일,1982포,1,0,0,0,1
"파워링크",빅포1982 파워링크,빅포1982 프랜차이즈_파워링크,모바일,1인창업,1,0,0,0,351
"파워링크",빅포1982 파워링크,빅포1982 프랜차이즈_파워링크,모바일,1인창업아이템,2,0,0,0,231
"파워링크",빅포1982 파워링크,빅포1982 프랜차이즈_파워링크,모바일,BIGPHO1982,23,0,0,0,1
"파워링크",빅포1982 파워링크,빅포1982 프랜차이즈_파워링크,모바일,PHO1982,2,0,0,0,1
"파워링크",빅포1982 파워링크,빅포1982 프랜차이즈_파워링크,모바일,가양빅포1982,1,0,0,0,1
"파워링크",빅포1982 파워링크,빅포1982 프랜차이즈_파워링크,모바일,고기집창업,1,0,0,0,188
"파워링크",빅포1982 파워링크,빅포1982 프랜차이즈_파워링크,모바일,구래동빅포1982,1,0,0,0,1
"파워링크",빅포1982 파워링크,빅포1982 프랜차이즈_파워링크,모바일,김포빅포1982,2,0,0,0,1
"파워링크",빅포1982 파워링크,빅포1982 프랜차이즈_파워링크,모바일,마곡빅포1982,1,0,0,0,1
"파워링크",빅포1982 파워링크,빅포1982 프랜차이즈_파워링크,모바일,무인창업,6,0,0,0,186.7
"파워링크",빅포1982 파워링크,빅포1982 프랜차이즈_파워링크,모바일,배달대행창업,1,0,0,0,52
"파워링크",빅포1982 파워링크,빅포1982 프랜차이즈_파워링크,모바일,배달전문점,1,0,0,0,176
"파워링크",빅포1982 파워링크,빅포1982 프랜차이즈_파워링크,모바일,배달체인점,1,0,0,0,112
"파워링크",빅포1982 파워링크,빅포1982 프랜차이즈_파워링크,모바일,베트남쌀국수1982,4,0,0,0,1
"파워링크",빅포1982 파워링크,빅포1982 프랜차이즈_파워링크,모바일,베트남포먹는방법,1,0,0,0,1
"파워링크",빅포1982 파워링크,빅포1982 프랜차이즈_파워링크,모바일,브랜드순위,1,0,0,0,3
"파워링크",빅포1982 파워링크,빅포1982 프랜차이즈_파워링크,모바일,빅PHO,1,0,0,0,2
"파워링크",빅포1982 파워링크,빅포1982 프랜차이즈_파워링크,모바일,빅포,"1,085",3,77,231,1.2
"파워링크",빅포1982 파워링크,빅포1982 프랜차이즈_파워링크,모바일,빅포1982,"4,325",67,77,"5,137",1.1
"파워링크",빅포1982 파워링크,빅포1982 프랜차이즈_파워링크,모바일,빅포1982가맹,2,0,0,0,2
"파워링크",빅포1982 파워링크,빅포1982 프랜차이즈_파워링크,모바일,빅포1982가양점,2,0,0,0,1
"파워링크",빅포1982 파워링크,빅포1982 프랜차이즈_파워링크,모바일,빅포1982검단신도시점,16,0,0,0,1
"파워링크",빅포1982 파워링크,빅포1982 프랜차이즈_파워링크,모바일,빅포1982구래점,4,0,0,0,1
"파워링크",빅포1982 파워링크,빅포1982 프랜차이즈_파워링크,모바일,빅포1982근처카페,2,0,0,0,1
"파워링크",빅포1982 파워링크,빅포1982 프랜차이즈_파워링크,모바일,빅포1982김포,13,0,0,0,1
"파워링크",빅포1982 파워링크,빅포1982 프랜차이즈_파워링크,모바일,빅포1982동그란면,1,0,0,0,1
"파워링크",빅포1982 파워링크,빅포1982 프랜차이즈_파워링크,모바일,빅포1982둥근면,1,0,0,0,1
"파워링크",빅포1982 파워링크,빅포1982 프랜차이즈_파워링크,모바일,빅포1982매장,1,0,0,0,1
"파워링크",빅포1982 파워링크,빅포1982 프랜차이즈_파워링크,모바일,빅포1982배달,4,0,0,0,1
"파워링크",빅포1982 파워링크,빅포1982 프랜차이즈_파워링크,모바일,빅포1982부천,16,0,0,0,1
"파워링크",빅포1982 파워링크,빅포1982 프랜차이즈_파워링크,모바일,빅포1982부평,1,0,0,0,1
"파워링크",빅포1982 파워링크,빅포1982 프랜차이즈_파워링크,모바일,빅포1982부평삼산점,3,0,0,0,1
"파워링크",빅포1982 파워링크,빅포1982 프랜차이즈_파워링크,모바일,빅포1982송도배달,1,0,0,0,1
"파워링크",빅포1982 파워링크,빅포1982 프랜차이즈_파워링크,모바일,빅포1982송도점,12,0,0,0,1
"파워링크",빅포1982 파워링크,빅포1982 프랜차이즈_파워링크,모바일,빅포1982쌀국수,1,0,0,0,1
"파워링크",빅포1982 파워링크,빅포1982 프랜차이즈_파워링크,모바일,빅포1982쌀국수맛있게먹는법,1,0,0,0,1
"파워링크",빅포1982 파워링크,빅포1982 프랜차이즈_파워링크,모바일,빅포1982쌀국수밥,1,0,0,0,1
"파워링크",빅포1982 파워링크,빅포1982 프랜차이즈_파워링크,모바일,빅포1982쌀국수칼로리,2,0,0,0,1
"파워링크",빅포1982 파워링크,빅포1982 프랜차이즈_파워링크,모바일,빅포1982얼큰쌀국수,1,0,0,0,1
"파워링크",빅포1982 파워링크,빅포1982 프랜차이즈_파워링크,모바일,빅포1982영종,30,1,77,77,1
"파워링크",빅포1982 파워링크,빅포1982 프랜차이즈_파워링크,모바일,빅포1982짬뽕쌀국수,2,0,0,0,1.5
"파워링크",빅포1982 파워링크,빅포1982 프랜차이즈_파워링크,모바일,빅포1982창업,4,0,0,0,1.3
"파워링크",빅포1982 파워링크,빅포1982 프랜차이즈_파워링크,모바일,빅포1982창업문의,1,0,0,0,1
"파워링크",빅포1982 파워링크,빅포1982 프랜차이즈_파워링크,모바일,빅포1982청라,42,0,0,0,1.7
"파워링크",빅포1982 파워링크,빅포1982 프랜차이즈_파워링크,모바일,빅포1982청라배달,1,0,0,0,1
"파워링크",빅포1982 파워링크,빅포1982 프랜차이즈_파워링크,모바일,빅포1982청라점,1,0,0,0,1
"파워링크",빅포1982 파워링크,빅포1982 프랜차이즈_파워링크,모바일,빅포1982추천메뉴,2,0,0,0,1
"파워링크",빅포1982 파워링크,빅포1982 프랜차이즈_파워링크,모바일,빅포국수,1,0,0,0,1
"파워링크",빅포1982 파워링크,빅포1982 프랜차이즈_파워링크,모바일,빅포쌀,1,0,0,0,1
"파워링크",빅포1982 파워링크,빅포1982 프랜차이즈_파워링크,모바일,빅포쌀국수송도,1,0,0,0,1
"파워링크",빅포1982 파워링크,빅포1982 프랜차이즈_파워링크,모바일,생쌀국수맛집,2,0,0,0,1
"파워링크",빅포1982 파워링크,빅포1982 프랜차이즈_파워링크,모바일,소자본창업,1,0,0,0,497
"파워링크",빅포1982 파워링크,빅포1982 프랜차이즈_파워링크,모바일,소호창업,1,0,0,0,113
"파워링크",빅포1982 파워링크,빅포1982 프랜차이즈_파워링크,모바일,송도동쌀국수,1,0,0,0,1
"파워링크",빅포1982 파워링크,빅포1982 프랜차이즈_파워링크,모바일,송도빅포1982,2,0,0,0,1
"파워링크",빅포1982 파워링크,빅포1982 프랜차이즈_파워링크,모바일,송도쌀국수,448,1,77,77,3
"파워링크",빅포1982 파워링크,빅포1982 프랜차이즈_파워링크,모바일,송도쌀국수1982,1,0,0,0,1
"파워링크",빅포1982 파워링크,빅포1982 프랜차이즈_파워링크,모바일,신규창업,1,0,0,0,207
"파워링크",빅포1982 파워링크,빅포1982 프랜차이즈_파워링크,모바일,신규창업아이템,1,0,0,0,96
"파워링크",빅포1982 파워링크,빅포1982 프랜차이즈_파워링크,모바일,쌀국수,501,0,0,0,3.1
"파워링크",빅포1982 파워링크,빅포1982 프랜차이즈_파워링크,모바일,쌀국수.맛집,1,0,0,0,3
"파워링크",빅포1982 파워링크,빅포1982 프랜차이즈_파워링크,모바일,쌀국수1982,4,0,0,0,1
"파워링크",빅포1982 파워링크,빅포1982 프랜차이즈_파워링크,모바일,쌀국수강남,1,0,0,0,2
"파워링크",빅포1982 파워링크,빅포1982 프랜차이즈_파워링크,모바일,쌀국수맛있는집,7,0,0,0,2.3
"파워링크",빅포1982 파워링크,빅포1982 프랜차이즈_파워링크,모바일,쌀국수맛집,"12,145",76,524,"39,809",2.6
"파워링크",빅포1982 파워링크,빅포1982 프랜차이즈_파워링크,모바일,쌀국수맛집\,1,0,0,0,4
"파워링크",빅포1982 파워링크,빅포1982 프랜차이즈_파워링크,모바일,쌀국수맛집브랜드,2,0,0,0,2.5
"파워링크",빅포1982 파워링크,빅포1982 프랜차이즈_파워링크,모바일,쌀국수베트남,23,0,0,0,2.6
"파워링크",빅포1982 파워링크,빅포1982 프랜차이즈_파워링크,모바일,쌀국수빅포,4,0,0,0,1
"파워링크",빅포1982 파워링크,빅포1982 프랜차이즈_파워링크,모바일,쌀국수빅포1982,1,0,0,0,1
"파워링크",빅포1982 파워링크,빅포1982 프랜차이즈_파워링크,모바일,쌀국수송도,4,0,0,0,1
"파워링크",빅포1982 파워링크,빅포1982 프랜차이즈_파워링크,모바일,쌀국수음식점,5,0,0,0,1.8
"파워링크",빅포1982 파워링크,빅포1982 프랜차이즈_파워링크,모바일,쌀국수차돌박이,1,0,0,0,1
"파워링크",빅포1982 파워링크,빅포1982 프랜차이즈_파워링크,모바일,쌀국수포,46,0,0,0,1.7
"파워링크",빅포1982 파워링크,빅포1982 프랜차이즈_파워링크,모바일,쌀국수프랜차이즈종류,1,0,0,0,2
"파워링크",빅포1982 파워링크,빅포1982 프랜차이즈_파워링크,모바일,쌀국수프랜차이즈포,1,0,0,0,1
"파워링크",빅포1982 파워링크,빅포1982 프랜차이즈_파워링크,모바일,쌀맛3000만,2,0,0,0,1
"파워링크",빅포1982 파워링크,빅포1982 프랜차이즈_파워링크,모바일,외식프랜차이즈,1,1,77,77,200
"파워링크",빅포1982 파워링크,빅포1982 프랜차이즈_파워링크,모바일,요즘뜨는쌀,1,0,0,0,1
"파워링크",빅포1982 파워링크,빅포1982 프랜차이즈_파워링크,모바일,요즘뜨는창업,2,0,0,0,269
"파워링크",빅포1982 파워링크,빅포1982 프랜차이즈_파워링크,모바일,중동빅포1982,4,0,0,0,1
"파워링크",빅포1982 파워링크,빅포1982 프랜차이즈_파워링크,모바일,창업,8,0,0,0,366.4
"파워링크",빅포1982 파워링크,빅포1982 프랜차이즈_파워링크,모바일,청라빅포1982,75,1,88,88,1
"파워링크",빅포1982 파워링크,빅포1982 프랜차이즈_파워링크,모바일,청라빅포1982추천,1,0,0,0,2
"파워링크",빅포1982 파워링크,빅포1982 프랜차이즈_파워링크,모바일,청라쌀국수,21,1,77,77,5.6
"파워링크",빅포1982 파워링크,빅포1982 프랜차이즈_파워링크,모바일,청라쌀국수맛집,10,1,77,77,3.1
"파워링크",빅포1982 파워링크,빅포1982 프랜차이즈_파워링크,모바일,체인,1,0,0,0,105
"파워링크",빅포1982 파워링크,빅포1982 프랜차이즈_파워링크,모바일,체인점추천,1,0,0,0,121
"파워링크",빅포1982 파워링크,빅포1982 프랜차이즈_파워링크,모바일,포1982,8,0,0,0,1
"파워링크",빅포1982 파워링크,빅포1982 프랜차이즈_파워링크,모바일,프랜차이즈맛집,1,0,0,0,64
"파워링크",빅포1982 파워링크,빅포1982 프랜차이즈_파워링크,모바일,프랜차이즈쌀국수,2,0,0,0,3
"파워링크",빅포1982 파워링크,빅포1982 프랜차이즈_파워링크,모바일,학교근처창업,"7,898",21,77,"1,617",2.8
"플레이스",빅포1982 플레이스광고,빅포1982_광고그룹#1,PC,-,"3,702",2,303,605,2.3
"플레이스",빅포1982 플레이스광고,빅포1982_광고그룹#1,PC,근처쌀국수,3,1,330,330,1.3
"플레이스",빅포1982 플레이스광고,빅포1982_광고그룹#1,PC,루원시티SK리더스뷰맛집,1,0,0,0,4
"플레이스",빅포1982 플레이스광고,빅포1982_광고그룹#1,PC,맛집,13,0,0,0,4.4
"플레이스",빅포1982 플레이스광고,빅포1982_광고그룹#1,PC,베트남식당,1,0,0,0,2
"플레이스",빅포1982 플레이스광고,빅포1982_광고그룹#1,PC,베트남쌀국수,4,0,0,0,2
"플레이스",빅포1982 플레이스광고,빅포1982_광고그룹#1,PC,베트남음식,10,1,55,55,1.5
"플레이스",빅포1982 플레이스광고,빅포1982_광고그룹#1,PC,베트남음식점,1,0,0,0,2
"플레이스",빅포1982 플레이스광고,빅포1982_광고그룹#1,PC,서구쌀국수,4,0,0,0,1.5
"플레이스",빅포1982 플레이스광고,빅포1982_광고그룹#1,PC,식당,1,0,0,0,7
"플레이스",빅포1982 플레이스광고,빅포1982_광고그룹#1,PC,쌀국수,70,11,253,"2,783",1.4
"플레이스",빅포1982 플레이스광고,빅포1982_광고그룹#1,PC,쌀국수청라,2,0,0,0,2
"플레이스",빅포1982 플레이스광고,빅포1982_광고그룹#1,PC,아시아음식,1,0,0,0,2
"플레이스",빅포1982 플레이스광고,빅포1982_광고그룹#1,PC,음식,1,0,0,0,5
"플레이스",빅포1982 플레이스광고,빅포1982_광고그룹#1,PC,음식점,215,22,345,"7,590",4.2
"플레이스",빅포1982 플레이스광고,빅포1982_광고그룹#1,PC,인천베트남식당,5,0,0,0,4.2
"플레이스",빅포1982 플레이스광고,빅포1982_광고그룹#1,PC,인천베트남쌀국수,1,0,0,0,3
"플레이스",빅포1982 플레이스광고,빅포1982_광고그룹#1,PC,인천베트남음식,2,0,0,0,5
"플레이스",빅포1982 플레이스광고,빅포1982_광고그룹#1,PC,인천베트남음식맛집,1,0,0,0,4
"플레이스",빅포1982 플레이스광고,빅포1982_광고그룹#1,PC,인천베트남음식점,1,1,374,374,3
"플레이스",빅포1982 플레이스광고,빅포1982_광고그룹#1,PC,인천서구베트남쌀국수,3,0,0,0,1
"플레이스",빅포1982 플레이스광고,빅포1982_광고그룹#1,PC,인천서구쌀국수,14,2,369,737,1.4
"플레이스",빅포1982 플레이스광고,빅포1982_광고그룹#1,PC,인천서구쌀국수맛집,3,1,352,352,2
"플레이스",빅포1982 플레이스광고,빅포1982_광고그룹#1,PC,인천쌀국수,22,2,358,715,2.9
"플레이스",빅포1982 플레이스광고,빅포1982_광고그룹#1,PC,인천쌀국수맛집,8,1,374,374,2.3
"플레이스",빅포1982 플레이스광고,빅포1982_광고그룹#1,PC,인천청라맛집,3,0,0,0,7.7
"플레이스",빅포1982 플레이스광고,빅포1982_광고그룹#1,PC,인천청라식당,2,0,0,0,9
"플레이스",빅포1982 플레이스광고,빅포1982_광고그룹#1,PC,인천청라쌀국수,1,0,0,0,2
"플레이스",빅포1982 플레이스광고,빅포1982_광고그룹#1,PC,청라동쌀국수,1,0,0,0,1
"플레이스",빅포1982 플레이스광고,빅포1982_광고그룹#1,PC,청라맛집,76,3,378,"1,133",8.1
"플레이스",빅포1982 플레이스광고,빅포1982_광고그룹#1,PC,청라맛집쌀국수,2,0,0,0,1
"플레이스",빅포1982 플레이스광고,빅포1982_광고그룹#1,PC,청라베트남,17,3,59,176,1.6
"플레이스",빅포1982 플레이스광고,빅포1982_광고그룹#1,PC,청라베트남쌀국수,11,0,0,0,1.4
"플레이스",빅포1982 플레이스광고,빅포1982_광고그룹#1,PC,청라베트남음식,11,1,55,55,1.5
"플레이스",빅포1982 플레이스광고,빅포1982_광고그룹#1,PC,청라베트남음식점,4,2,55,110,1.3
"플레이스",빅포1982 플레이스광고,빅포1982_광고그룹#1,PC,청라식당,3,0,0,0,10.7
"플레이스",빅포1982 플레이스광고,빅포1982_광고그룹#1,PC,청라쌀국수,284,31,313,"9,691",1.6
"플레이스",빅포1982 플레이스광고,빅포1982_광고그룹#1,PC,청라쌀국수맛집,35,4,294,"1,177",1.6
"플레이스",빅포1982 플레이스광고,빅포1982_광고그룹#1,PC,청라역맛집,1,0,0,0,6
"플레이스",빅포1982 플레이스광고,빅포1982_광고그룹#1,PC,청라음식점,3,0,0,0,8
"플레이스",빅포1982 플레이스광고,빅포1982_광고그룹#1,PC,청라호수공원맛집,1,0,0,0,8
"플레이스",빅포1982 플레이스광고,빅포1982_광고그룹#1,모바일,-,"15,049",13,322,"4,180",2.5
"플레이스",빅포1982 플레이스광고,빅포1982_광고그룹#1,모바일,근처맛집,10,0,0,0,7.5
"플레이스",빅포1982 플레이스광고,빅포1982_광고그룹#1,모바일,근처베트남쌀국수,9,0,0,0,1.9
"플레이스",빅포1982 플레이스광고,빅포1982_광고그룹#1,모바일,근처식당,4,0,0,0,7.5
"플레이스",빅포1982 플레이스광고,빅포1982_광고그룹#1,모바일,근처쌀국수,25,5,198,990,1.6
"플레이스",빅포1982 플레이스광고,빅포1982_광고그룹#1,모바일,근처음식점,1,0,0,0,10
"플레이스",빅포1982 플레이스광고,빅포1982_광고그룹#1,모바일,내근처쌀국수,1,1,297,297,2
"플레이스",빅포1982 플레이스광고,빅포1982_광고그룹#1,모바일,내근처쌀국수맛집,2,1,352,352,1.5
"플레이스",빅포1982 플레이스광고,빅포1982_광고그룹#1,모바일,내주변맛집,5,0,0,0,6.4
"플레이스",빅포1982 플레이스광고,빅포1982_광고그룹#1,모바일,내주변쌀국수,17,0,0,0,3.1
"플레이스",빅포1982 플레이스광고,빅포1982_광고그룹#1,모바일,동남아음식,4,0,0,0,1.5
"플레이스",빅포1982 플레이스광고,빅포1982_광고그룹#1,모바일,루원시티SK리더스뷰맛집,6,0,0,0,6
"플레이스",빅포1982 플레이스광고,빅포1982_광고그룹#1,모바일,루원시티쌀국수,1,0,0,0,1
"플레이스",빅포1982 플레이스광고,빅포1982_광고그룹#1,모바일,맛집,106,1,319,319,6.5
"플레이스",빅포1982 플레이스광고,빅포1982_광고그룹#1,모바일,베트남식당,16,2,215,429,1.8
"플레이스",빅포1982 플레이스광고,빅포1982_광고그룹#1,모바일,베트남쌀국수,93,9,82,737,1.8
"플레이스",빅포1982 플레이스광고,빅포1982_광고그룹#1,모바일,베트남쌀국수인천,4,1,275,275,1.5
"플레이스",빅포1982 플레이스광고,빅포1982_광고그룹#1,모바일,베트남쌀국수청라,10,1,77,77,2.1
"플레이스",빅포1982 플레이스광고,빅포1982_광고그룹#1,모바일,베트남요리,5,0,0,0,3
"플레이스",빅포1982 플레이스광고,빅포1982_광고그룹#1,모바일,베트남음식,123,22,137,"3,003",1.7
"플레이스",빅포1982 플레이스광고,빅포1982_광고그룹#1,모바일,베트남음식맛집,3,0,0,0,1.7
"플레이스",빅포1982 플레이스광고,빅포1982_광고그룹#1,모바일,베트남음식점,25,2,72,143,1.6
"플레이스",빅포1982 플레이스광고,빅포1982_광고그룹#1,모바일,베트남음식점청라,5,0,0,0,2.4
"플레이스",빅포1982 플레이스광고,빅포1982_광고그룹#1,모바일,서구맛집,3,0,0,0,6
"플레이스",빅포1982 플레이스광고,빅포1982_광고그룹#1,모바일,서구베트남쌀국수,1,0,0,0,2
"플레이스",빅포1982 플레이스광고,빅포1982_광고그룹#1,모바일,서구쌀국수,24,5,240,"1,199",1.8
"플레이스",빅포1982 플레이스광고,빅포1982_광고그룹#1,모바일,식당,76,0,0,0,6.8
"플레이스",빅포1982 플레이스광고,빅포1982_광고그룹#1,모바일,신머이쌀국수,1,0,0,0,2
"플레이스",빅포1982 플레이스광고,빅포1982_광고그룹#1,모바일,쌀국수,"1,503",140,250,"35,024",2.1
"플레이스",빅포1982 플레이스광고,빅포1982_광고그룹#1,모바일,쌀국수맛집,88,7,328,"2,299",2.7
"플레이스",빅포1982 플레이스광고,빅포1982_광고그룹#1,모바일,쌀국수맛집인천,6,0,0,0,5
"플레이스",빅포1982 플레이스광고,빅포1982_광고그룹#1,모바일,쌀국수맛집청라,3,0,0,0,2.7
"플레이스",빅포1982 플레이스광고,빅포1982_광고그룹#1,모바일,쌀국수인천,1,0,0,0,1
"플레이스",빅포1982 플레이스광고,빅포1982_광고그룹#1,모바일,쌀국수청라,55,13,339,"4,411",1.9
"플레이스",빅포1982 플레이스광고,빅포1982_광고그룹#1,모바일,아시아음식,9,0,0,0,1.9
"플레이스",빅포1982 플레이스광고,빅포1982_광고그룹#1,모바일,음식,2,0,0,0,9
"플레이스",빅포1982 플레이스광고,빅포1982_광고그룹#1,모바일,음식점,"3,267",40,306,"12,243",5.2
"플레이스",빅포1982 플레이스광고,빅포1982_광고그룹#1,모바일,인천베트남맛집,5,0,0,0,3.6
"플레이스",빅포1982 플레이스광고,빅포1982_광고그룹#1,모바일,인천베트남식당,26,1,143,143,4
"플레이스",빅포1982 플레이스광고,빅포1982_광고그룹#1,모바일,인천베트남쌀국수,96,2,297,594,2.7
"플레이스",빅포1982 플레이스광고,빅포1982_광고그룹#1,모바일,인천베트남쌀국수맛집,28,1,220,220,1.9
"플레이스",빅포1982 플레이스광고,빅포1982_광고그룹#1,모바일,인천베트남요리,4,0,0,0,3
"플레이스",빅포1982 플레이스광고,빅포1982_광고그룹#1,모바일,인천베트남음식,30,1,187,187,4
"플레이스",빅포1982 플레이스광고,빅포1982_광고그룹#1,모바일,인천베트남음식맛집,3,0,0,0,5.3
"플레이스",빅포1982 플레이스광고,빅포1982_광고그룹#1,모바일,인천베트남음식점,28,1,209,209,4
"플레이스",빅포1982 플레이스광고,빅포1982_광고그룹#1,모바일,인천서구베트남쌀국수,16,1,88,88,1.4
"플레이스",빅포1982 플레이스광고,빅포1982_광고그룹#1,모바일,인천서구쌀국수,76,9,328,"2,948",1.8
"플레이스",빅포1982 플레이스광고,빅포1982_광고그룹#1,모바일,인천서구쌀국수맛집,16,2,363,726,2.4
"플레이스",빅포1982 플레이스광고,빅포1982_광고그룹#1,모바일,인천서구청맛집,2,0,0,0,6
"플레이스",빅포1982 플레이스광고,빅포1982_광고그룹#1,모바일,인천쌀국수,197,11,353,"3,883",3.5
"플레이스",빅포1982 플레이스광고,빅포1982_광고그룹#1,모바일,인천쌀국수맛집,229,23,346,"7,964",3.6
"플레이스",빅포1982 플레이스광고,빅포1982_광고그룹#1,모바일,인천청라맛집,22,0,0,0,9.2
"플레이스",빅포1982 플레이스광고,빅포1982_광고그룹#1,모바일,인천청라쌀국수,16,2,358,715,1.7
"플레이스",빅포1982 플레이스광고,빅포1982_광고그룹#1,모바일,인천청라쌀국수맛집,3,1,385,385,1.7
"플레이스",빅포1982 플레이스광고,빅포1982_광고그룹#1,모바일,주변맛집,14,0,0,0,6.9
"플레이스",빅포1982 플레이스광고,빅포1982_광고그룹#1,모바일,주변식당,1,0,0,0,6
"플레이스",빅포1982 플레이스광고,빅포1982_광고그룹#1,모바일,주변쌀국수,5,0,0,0,1.6
"플레이스",빅포1982 플레이스광고,빅포1982_광고그룹#1,모바일,주변음식점,7,0,0,0,9
"플레이스",빅포1982 플레이스광고,빅포1982_광고그룹#1,모바일,청라.쌀국수,6,0,0,0,1.5
"플레이스",빅포1982 플레이스광고,빅포1982_광고그룹#1,모바일,청라동맛집,3,0,0,0,9
"플레이스",빅포1982 플레이스광고,빅포1982_광고그룹#1,모바일,청라동쌀국수,5,0,0,0,2.2
"플레이스",빅포1982 플레이스광고,빅포1982_광고그룹#1,모바일,청라맛집,371,0,0,0,8.2
"플레이스",빅포1982 플레이스광고,빅포1982_광고그룹#1,모바일,청라맛집쌀국수,3,3,370,"1,111",1.7
"플레이스",빅포1982 플레이스광고,빅포1982_광고그룹#1,모바일,청라베트남,84,8,154,"1,232",1.6
"플레이스",빅포1982 플레이스광고,빅포1982_광고그룹#1,모바일,청라베트남맛집,40,8,151,"1,210",1.7
"플레이스",빅포1982 플레이스광고,빅포1982_광고그룹#1,모바일,청라베트남식당,19,4,83,330,1.7
"플레이스",빅포1982 플레이스광고,빅포1982_광고그룹#1,모바일,청라베트남쌀국수,62,9,152,"1,364",1.7
"플레이스",빅포1982 플레이스광고,빅포1982_광고그룹#1,모바일,청라베트남음식,121,17,137,"2,321",1.5
"플레이스",빅포1982 플레이스광고,빅포1982_광고그룹#1,모바일,청라베트남음식맛집,4,2,72,143,1
"플레이스",빅포1982 플레이스광고,빅포1982_광고그룹#1,모바일,청라베트남음식점,38,2,226,451,1.6
"플레이스",빅포1982 플레이스광고,빅포1982_광고그룹#1,모바일,청라식당,37,1,385,385,6.6
"플레이스",빅포1982 플레이스광고,빅포1982_광고그룹#1,모바일,청라쌀국수,"2,083",251,309,"77,473",1.8
"플레이스",빅포1982 플레이스광고,빅포1982_광고그룹#1,모바일,청라쌀국수맛집,"3,489",64,309,"19,778",1.4
"플레이스",빅포1982 플레이스광고,빅포1982_광고그룹#1,모바일,청라음식점,11,0,0,0,8.6
"플레이스",빅포1982 플레이스광고,빅포1982_광고그룹#1,모바일,청라지구맛집,14,0,0,0,6.9
"플레이스",빅포1982 플레이스광고,빅포1982_광고그룹#1,모바일,청라호수공원맛집,11,0,0,0,9.1
"플레이스",빅포1982 플레이스광고,빅포1982_광고그룹#1,모바일,포레스트쌀국수,1,0,0,0,6
"플레이스",빅포1982 소상공인광고,빅포1982 소상공인광고_광고그룹#1,PC,-,"2,161",4,296,"1,184.15",1
"플레이스",빅포1982 소상공인광고,빅포1982 소상공인광고_광고그룹#1,모바일,-,"10,370",69,81,"5,592.95",1.1
