"파워링크보고서(2025.06.01.~2025.06.30.),skjrchan127:naver"
"캠페인유형",캠페인,광고그룹,키워드,PC/모바일 매체,노출수,클릭수,"평균클릭비용(VAT포함,원)","총비용(VAT포함,원)",평균노출순위,방문당 평균페이지뷰,방문당 평균체류시간(초),전환수,전환매출액(원)
"파워링크",보라홈페이지,보라홈페이지_광고그룹#1,-,PC,54,0,0,0,2.7,0,0,0,0
"파워링크",보라홈페이지,보라홈페이지_광고그룹#1,-,모바일,88,1,77,77,2,0,0,0,0
"파워링크",보라홈페이지,보라홈페이지_광고그룹#1,사천전단지,PC,1,0,0,0,8,0,0,0,0
"파워링크",보라홈페이지,보라홈페이지_광고그룹#1,사천전단지,모바일,3,0,0,0,4,0,0,0,0
"파워링크",보라홈페이지,보라홈페이지_광고그룹#1,사천전단지배포,PC,1,0,0,0,2,0,0,0,0
"파워링크",보라홈페이지,보라홈페이지_광고그룹#1,진주광고,PC,1,0,0,0,38,0,0,0,0
"파워링크",보라홈페이지,보라홈페이지_광고그룹#1,진주디자인,PC,7,0,0,0,7.3,0,0,0,0
"파워링크",보라홈페이지,보라홈페이지_광고그룹#1,진주디자인,모바일,34,0,0,0,3.4,0,0,0,0
"파워링크",보라홈페이지,보라홈페이지_광고그룹#1,진주디자인업체,PC,1,0,0,0,7,0,0,0,0
"파워링크",보라홈페이지,보라홈페이지_광고그룹#1,진주디자인회사,PC,1,0,0,0,5,0,0,0,0
"파워링크",보라홈페이지,보라홈페이지_광고그룹#1,진주명함,PC,"8,601",7,77,539,2.5,0,0,0,0
"파워링크",보라홈페이지,보라홈페이지_광고그룹#1,진주명함,모바일,"89,497",31,77,"2,387",2.5,0,0,0,0
"파워링크",보라홈페이지,보라홈페이지_광고그룹#1,진주배너,PC,1,0,0,0,7,0,0,0,0
"파워링크",보라홈페이지,보라홈페이지_광고그룹#1,진주스티커,PC,6,0,0,0,5.2,0,0,0,0
"파워링크",보라홈페이지,보라홈페이지_광고그룹#1,진주스티커,모바일,9,0,0,0,3.3,0,0,0,0
"파워링크",보라홈페이지,보라홈페이지_광고그룹#1,진주스티커제작,PC,1,0,0,0,8,0,0,0,0
"파워링크",보라홈페이지,보라홈페이지_광고그룹#1,진주시디자인,PC,1,0,0,0,4,0,0,0,0
"파워링크",보라홈페이지,보라홈페이지_광고그룹#1,진주시디자인,모바일,7,0,0,0,1,0,0,0,0
"파워링크",보라홈페이지,보라홈페이지_광고그룹#1,진주시명함,PC,"13,371",9,77,693,2.4,0,0,0,0
"파워링크",보라홈페이지,보라홈페이지_광고그룹#1,진주시명함,모바일,"90,452",18,77,"1,386",2.5,0,0,0,0
"파워링크",보라홈페이지,보라홈페이지_광고그룹#1,진주인쇄,PC,1,0,0,0,9,0,0,0,0
"파워링크",보라홈페이지,보라홈페이지_광고그룹#1,진주인쇄,모바일,11,0,0,0,13.9,0,0,0,0
"파워링크",보라홈페이지,보라홈페이지_광고그룹#1,진주전단지,모바일,1,0,0,0,3,0,0,0,0
"파워링크",보라홈페이지,보라홈페이지_광고그룹#1,진주전단지배포,PC,1,0,0,0,4,0,0,0,0
"파워링크",보라홈페이지,보라홈페이지_광고그룹#1,진주전단지배포,모바일,1,0,0,0,2,0,0,0,0
"파워링크",보라홈페이지,보라홈페이지_광고그룹#1,진주현수막,PC,45,0,0,0,4.5,0,0,0,0
"파워링크",보라홈페이지,보라홈페이지_광고그룹#1,진주현수막,모바일,"5,148",0,0,0,5.8,0,0,0,0
"파워링크",🟩 파워링크 지역설정 KW,01. 대행사KW,-,PC,3,0,0,0,2.3,0,0,0,0
"파워링크",🟩 파워링크 지역설정 KW,01. 대행사KW,-,모바일,14,0,0,0,2.9,0,0,0,0
"파워링크",🟩 파워링크 지역설정 KW,01. 대행사KW,블로그광고대행,PC,5,0,0,0,5.4,0,0,0,0
"파워링크",🟩 파워링크 지역설정 KW,01. 대행사KW,블로그마케팅대행,PC,1,0,0,0,15,0,0,0,0
"파워링크",🟩 파워링크 지역설정 KW,01. 대행사KW,인스타대행사,PC,1,0,0,0,22,0,0,0,0
"파워링크",🟩 파워링크 지역설정 KW,01. 대행사KW,진주명함,모바일,25,0,0,0,2.5,0,0,0,0
"파워링크",🟩 파워링크 지역설정 KW,01. 대행사KW,진주시명함,PC,6,0,0,0,2,0,0,0,0
"파워링크",🟩 파워링크 지역설정 KW,01. 대행사KW,진주시명함,모바일,27,0,0,0,2.3,0,0,0,0
"파워링크",🟩 파워링크 지역설정 KW,01. 대행사+조합,병원블로그마케팅대행,PC,2,0,0,0,2,0,0,0,0
"파워링크",🟩 파워링크 지역설정 KW,02. 바이럴(블로그),-,PC,4,0,0,0,1.5,0,0,0,0
"파워링크",🟩 파워링크 지역설정 KW,02. 바이럴(블로그),-,모바일,4,0,0,0,1.8,0,0,0,0
"파워링크",🟩 파워링크 지역설정 KW,02. 바이럴(블로그),PC블로그,모바일,1,0,0,0,1,0,0,0,0
"파워링크",🟩 파워링크 지역설정 KW,02. 바이럴(블로그),건강블로그,모바일,1,0,0,0,1,0,0,0,0
"파워링크",🟩 파워링크 지역설정 KW,02. 바이럴(블로그),건축블로그,PC,3,0,0,0,3.3,0,0,0,0
"파워링크",🟩 파워링크 지역설정 KW,02. 바이럴(블로그),게임블로그,PC,3,0,0,0,1.3,0,0,0,0
"파워링크",🟩 파워링크 지역설정 KW,02. 바이럴(블로그),경매블로그,모바일,1,0,0,0,4,0,0,0,0
"파워링크",🟩 파워링크 지역설정 KW,02. 바이럴(블로그),골프블로그,PC,1,0,0,0,9,0,0,0,0
"파워링크",🟩 파워링크 지역설정 KW,02. 바이럴(블로그),공식블로그,PC,3,0,0,0,2.7,0,0,0,0
"파워링크",🟩 파워링크 지역설정 KW,02. 바이럴(블로그),기업형블로그,PC,1,0,0,0,8,0,0,0,0
"파워링크",🟩 파워링크 지역설정 KW,02. 바이럴(블로그),네이버블로거,PC,1,0,0,0,6,0,0,0,0
"파워링크",🟩 파워링크 지역설정 KW,02. 바이럴(블로그),네이버블로그관리,PC,1,0,0,0,8,0,0,0,0
"파워링크",🟩 파워링크 지역설정 KW,02. 바이럴(블로그),네이버블로그디자인,PC,1,0,0,0,5,0,0,0,0
"파워링크",🟩 파워링크 지역설정 KW,02. 바이럴(블로그),네이버블로그스킨만들기,PC,3,0,0,0,3,0,0,0,0
"파워링크",🟩 파워링크 지역설정 KW,02. 바이럴(블로그),네이버블로그작성,PC,2,0,0,0,1,0,0,0,0
"파워링크",🟩 파워링크 지역설정 KW,02. 바이럴(블로그),네이버블로그타이틀,PC,1,0,0,0,1,0,0,0,0
"파워링크",🟩 파워링크 지역설정 KW,02. 바이럴(블로그),네이버블로그홈페이지형,PC,2,0,0,0,7,0,0,0,0
"파워링크",🟩 파워링크 지역설정 KW,02. 바이럴(블로그),네이버블로그홍보,PC,1,0,0,0,6,0,0,0,0
"파워링크",🟩 파워링크 지역설정 KW,02. 바이럴(블로그),네이버파워블로그,모바일,1,0,0,0,3,0,0,0,0
"파워링크",🟩 파워링크 지역설정 KW,02. 바이럴(블로그),리뷰블로그,PC,1,0,0,0,5,0,0,0,0
"파워링크",🟩 파워링크 지역설정 KW,02. 바이럴(블로그),리뷰블로그,모바일,1,0,0,0,2,0,0,0,0
"파워링크",🟩 파워링크 지역설정 KW,02. 바이럴(블로그),미니블로그,PC,3,0,0,0,1,0,0,0,0
"파워링크",🟩 파워링크 지역설정 KW,02. 바이럴(블로그),보험블로그,PC,2,0,0,0,7,0,0,0,0
"파워링크",🟩 파워링크 지역설정 KW,02. 바이럴(블로그),부동산블로그,모바일,1,0,0,0,4,0,0,0,0
"파워링크",🟩 파워링크 지역설정 KW,02. 바이럴(블로그),브랜딩블로그,PC,3,0,0,0,8,0,0,0,0
"파워링크",🟩 파워링크 지역설정 KW,02. 바이럴(블로그),블로거모집,모바일,1,0,0,0,5,0,0,0,0
"파워링크",🟩 파워링크 지역설정 KW,02. 바이럴(블로그),블로그,PC,257,0,0,0,5.3,0,0,0,0
"파워링크",🟩 파워링크 지역설정 KW,02. 바이럴(블로그),블로그,모바일,759,2,974,"1,947",1.9,0,0,0,0
"파워링크",🟩 파워링크 지역설정 KW,02. 바이럴(블로그),블로그CPA,PC,1,0,0,0,4,0,0,0,0
"파워링크",🟩 파워링크 지역설정 KW,02. 바이럴(블로그),블로그관리,PC,1,0,0,0,8,0,0,0,0
"파워링크",🟩 파워링크 지역설정 KW,02. 바이럴(블로그),블로그관리방법,PC,2,0,0,0,1,0,0,0,0
"파워링크",🟩 파워링크 지역설정 KW,02. 바이럴(블로그),블로그글쓰기,PC,4,0,0,0,6,0,0,0,0
"파워링크",🟩 파워링크 지역설정 KW,02. 바이럴(블로그),블로그글쓰기,모바일,5,0,0,0,3,0,0,0,0
"파워링크",🟩 파워링크 지역설정 KW,02. 바이럴(블로그),블로그꾸미기,PC,30,0,0,0,5.6,0,0,0,0
"파워링크",🟩 파워링크 지역설정 KW,02. 바이럴(블로그),블로그꾸미기,모바일,29,0,0,0,2.9,0,0,0,0
"파워링크",🟩 파워링크 지역설정 KW,02. 바이럴(블로그),블로그꾸미는법,PC,2,0,0,0,4,0,0,0,0
"파워링크",🟩 파워링크 지역설정 KW,02. 바이럴(블로그),블로그대문꾸미기,PC,1,0,0,0,3,0,0,0,0
"파워링크",🟩 파워링크 지역설정 KW,02. 바이럴(블로그),블로그대문꾸미기,모바일,1,0,0,0,1,0,0,0,0
"파워링크",🟩 파워링크 지역설정 KW,02. 바이럴(블로그),블로그댓글,PC,1,0,0,0,2,0,0,0,0
"파워링크",🟩 파워링크 지역설정 KW,02. 바이럴(블로그),블로그댓글,모바일,1,0,0,0,4,0,0,0,0
"파워링크",🟩 파워링크 지역설정 KW,02. 바이럴(블로그),블로그디자인업체,PC,1,0,0,0,4,0,0,0,0
"파워링크",🟩 파워링크 지역설정 KW,02. 바이럴(블로그),블로그로돈벌기,PC,4,0,0,0,7.5,0,0,0,0
"파워링크",🟩 파워링크 지역설정 KW,02. 바이럴(블로그),블로그리뷰작성,PC,1,0,0,0,7,0,0,0,0
"파워링크",🟩 파워링크 지역설정 KW,02. 바이럴(블로그),블로그리뷰작성,모바일,1,0,0,0,3,0,0,0,0
"파워링크",🟩 파워링크 지역설정 KW,02. 바이럴(블로그),블로그메인꾸미기,PC,1,0,0,0,5,0,0,0,0
"파워링크",🟩 파워링크 지역설정 KW,02. 바이럴(블로그),블로그방문자늘리기,PC,1,0,0,0,6,0,0,0,0
"파워링크",🟩 파워링크 지역설정 KW,02. 바이럴(블로그),블로그배너만들기,PC,2,0,0,0,3,0,0,0,0
"파워링크",🟩 파워링크 지역설정 KW,02. 바이럴(블로그),블로그브랜딩,PC,1,0,0,0,5,0,0,0,0
"파워링크",🟩 파워링크 지역설정 KW,02. 바이럴(블로그),블로그서포터즈모집,모바일,1,0,0,0,1,0,0,0,0
"파워링크",🟩 파워링크 지역설정 KW,02. 바이럴(블로그),블로그수정,모바일,1,0,0,0,2,0,0,0,0
"파워링크",🟩 파워링크 지역설정 KW,02. 바이럴(블로그),블로그스킨,PC,6,0,0,0,5.7,0,0,0,0
"파워링크",🟩 파워링크 지역설정 KW,02. 바이럴(블로그),블로그스킨꾸미기,모바일,2,0,0,0,2.5,0,0,0,0
"파워링크",🟩 파워링크 지역설정 KW,02. 바이럴(블로그),블로그스킨만들기,PC,1,0,0,0,5,0,0,0,0
"파워링크",🟩 파워링크 지역설정 KW,02. 바이럴(블로그),블로그시작하기,PC,2,0,0,0,8.5,0,0,0,0
"파워링크",🟩 파워링크 지역설정 KW,02. 바이럴(블로그),블로그시작하기,모바일,7,0,0,0,1.9,0,0,0,0
"파워링크",🟩 파워링크 지역설정 KW,02. 바이럴(블로그),블로그올리기,모바일,3,1,"1,056","1,056",1.7,0,0,0,0
"파워링크",🟩 파워링크 지역설정 KW,02. 바이럴(블로그),블로그원고,모바일,2,0,0,0,2,0,0,0,0
"파워링크",🟩 파워링크 지역설정 KW,02. 바이럴(블로그),블로그원고료,모바일,2,0,0,0,1,0,0,0,0
"파워링크",🟩 파워링크 지역설정 KW,02. 바이럴(블로그),블로그위젯,PC,3,0,0,0,2.7,0,0,0,0
"파워링크",🟩 파워링크 지역설정 KW,02. 바이럴(블로그),블로그위젯,모바일,2,0,0,0,2,0,0,0,0
"파워링크",🟩 파워링크 지역설정 KW,02. 바이럴(블로그),블로그이웃관리,PC,1,0,0,0,4,0,0,0,0
"파워링크",🟩 파워링크 지역설정 KW,02. 바이럴(블로그),블로그작성법,PC,5,0,0,0,2.4,0,0,0,0
"파워링크",🟩 파워링크 지역설정 KW,02. 바이럴(블로그),블로그작성법,모바일,3,0,0,0,3,0,0,0,0
"파워링크",🟩 파워링크 지역설정 KW,02. 바이럴(블로그),블로그작업,PC,1,0,0,0,5,0,0,0,0
"파워링크",🟩 파워링크 지역설정 KW,02. 바이럴(블로그),블로그저품질,PC,1,0,0,0,5,0,0,0,0
"파워링크",🟩 파워링크 지역설정 KW,02. 바이럴(블로그),블로그저품질,모바일,2,0,0,0,2.5,0,0,0,0
"파워링크",🟩 파워링크 지역설정 KW,02. 바이럴(블로그),블로그저품질확인,모바일,1,0,0,0,2,0,0,0,0
"파워링크",🟩 파워링크 지역설정 KW,02. 바이럴(블로그),블로그제작비용,모바일,1,0,0,0,2,0,0,0,0
"파워링크",🟩 파워링크 지역설정 KW,02. 바이럴(블로그),블로그조회수늘리기,PC,1,0,0,0,4,0,0,0,0
"파워링크",🟩 파워링크 지역설정 KW,02. 바이럴(블로그),블로그조회수늘리기,모바일,5,0,0,0,3,0,0,0,0
"파워링크",🟩 파워링크 지역설정 KW,02. 바이럴(블로그),블로그지수,PC,59,1,781,781,1.5,0,0,0,0
"파워링크",🟩 파워링크 지역설정 KW,02. 바이럴(블로그),블로그지수,모바일,44,1,968,968,1.6,0,0,0,0
"파워링크",🟩 파워링크 지역설정 KW,02. 바이럴(블로그),블로그지수관리,PC,3,0,0,0,2.7,0,0,0,0
"파워링크",🟩 파워링크 지역설정 KW,02. 바이럴(블로그),블로그지수높이기,PC,1,0,0,0,2,0,0,0,0
"파워링크",🟩 파워링크 지역설정 KW,02. 바이럴(블로그),블로그지수올리기,PC,4,0,0,0,6,0,0,0,0
"파워링크",🟩 파워링크 지역설정 KW,02. 바이럴(블로그),블로그지수올리기,모바일,6,0,0,0,3.5,0,0,0,0
"파워링크",🟩 파워링크 지역설정 KW,02. 바이럴(블로그),블로그키우기,PC,2,0,0,0,4.5,0,0,0,0
"파워링크",🟩 파워링크 지역설정 KW,02. 바이럴(블로그),블로그키우는법,PC,1,0,0,0,4,0,0,0,0
"파워링크",🟩 파워링크 지역설정 KW,02. 바이럴(블로그),블로그타이틀만들기,PC,1,0,0,0,4,0,0,0,0
"파워링크",🟩 파워링크 지역설정 KW,02. 바이럴(블로그),블로그편집,모바일,1,0,0,0,1,0,0,0,0
"파워링크",🟩 파워링크 지역설정 KW,02. 바이럴(블로그),블로그협찬,모바일,4,0,0,0,3,0,0,0,0
"파워링크",🟩 파워링크 지역설정 KW,02. 바이럴(블로그),블로그홈페이지형,PC,2,0,0,0,4.5,0,0,0,0
"파워링크",🟩 파워링크 지역설정 KW,02. 바이럴(블로그),블로그홈페이지형만들기,PC,1,0,0,0,2,0,0,0,0
"파워링크",🟩 파워링크 지역설정 KW,02. 바이럴(블로그),블로그홈페이지형만들기,모바일,1,0,0,0,3,0,0,0,0
"파워링크",🟩 파워링크 지역설정 KW,02. 바이럴(블로그),블로그홍보글,PC,1,0,0,0,6,0,0,0,0
"파워링크",🟩 파워링크 지역설정 KW,02. 바이럴(블로그),블로그활성화,PC,1,0,0,0,7,0,0,0,0
"파워링크",🟩 파워링크 지역설정 KW,02. 바이럴(블로그),사업자블로그,모바일,1,0,0,0,2,0,0,0,0
"파워링크",🟩 파워링크 지역설정 KW,02. 바이럴(블로그),수영블로그,PC,1,0,0,0,1,0,0,0,0
"파워링크",🟩 파워링크 지역설정 KW,02. 바이럴(블로그),약국블로그,PC,4,0,0,0,3.3,0,0,0,0
"파워링크",🟩 파워링크 지역설정 KW,02. 바이럴(블로그),여행블로그,PC,8,0,0,0,4.1,0,0,0,0
"파워링크",🟩 파워링크 지역설정 KW,02. 바이럴(블로그),여행블로그,모바일,5,0,0,0,3,0,0,0,0
"파워링크",🟩 파워링크 지역설정 KW,02. 바이럴(블로그),여행사블로그,PC,1,0,0,0,6,0,0,0,0
"파워링크",🟩 파워링크 지역설정 KW,02. 바이럴(블로그),운동블로그,PC,1,0,0,0,1,0,0,0,0
"파워링크",🟩 파워링크 지역설정 KW,02. 바이럴(블로그),운동블로그,모바일,2,0,0,0,1,0,0,0,0
"파워링크",🟩 파워링크 지역설정 KW,02. 바이럴(블로그),웨딩블로그,PC,4,0,0,0,5.5,0,0,0,0
"파워링크",🟩 파워링크 지역설정 KW,02. 바이럴(블로그),웨딩블로그,모바일,2,0,0,0,4,0,0,0,0
"파워링크",🟩 파워링크 지역설정 KW,02. 바이럴(블로그),인테리어블로그,PC,1,0,0,0,6,0,0,0,0
"파워링크",🟩 파워링크 지역설정 KW,02. 바이럴(블로그),일상블로그,PC,6,0,0,0,1,0,0,0,0
"파워링크",🟩 파워링크 지역설정 KW,02. 바이럴(블로그),일상블로그,모바일,17,0,0,0,1,0,0,0,0
"파워링크",🟩 파워링크 지역설정 KW,02. 바이럴(블로그),입주청소블로그,PC,1,0,0,0,4,0,0,0,0
"파워링크",🟩 파워링크 지역설정 KW,02. 바이럴(블로그),저품질블로그,PC,1,0,0,0,1,0,0,0,0
"파워링크",🟩 파워링크 지역설정 KW,02. 바이럴(블로그),저품질블로그,모바일,1,0,0,0,1,0,0,0,0
"파워링크",🟩 파워링크 지역설정 KW,02. 바이럴(블로그),주식블로그,PC,1,0,0,0,2,0,0,0,0
"파워링크",🟩 파워링크 지역설정 KW,02. 바이럴(블로그),주식블로그,모바일,3,0,0,0,2.3,0,0,0,0
"파워링크",🟩 파워링크 지역설정 KW,02. 바이럴(블로그),티스토리블로그,PC,21,0,0,0,1,0,0,0,0
"파워링크",🟩 파워링크 지역설정 KW,02. 바이럴(블로그),티스토리블로그,모바일,30,1,726,726,1.1,0,0,0,0
"파워링크",🟩 파워링크 지역설정 KW,02. 바이럴(블로그),파워블로거,PC,1,0,0,0,6,0,0,0,0
"파워링크",🟩 파워링크 지역설정 KW,02. 바이럴(블로그),파워블로거,모바일,1,0,0,0,7,0,0,0,0
"파워링크",🟩 파워링크 지역설정 KW,02. 바이럴(블로그),파워블로그,PC,2,0,0,0,3,0,0,0,0
"파워링크",🟩 파워링크 지역설정 KW,02. 바이럴(블로그),패션블로거,PC,1,0,0,0,3,0,0,0,0
"파워링크",🟩 파워링크 지역설정 KW,02. 바이럴(블로그),패션블로거,모바일,3,0,0,0,1.3,0,0,0,0
"파워링크",🟩 파워링크 지역설정 KW,02. 바이럴(블로그),패션블로그,PC,2,0,0,0,3,0,0,0,0
"파워링크",🟩 파워링크 지역설정 KW,02. 바이럴(블로그),포토블로그,모바일,1,0,0,0,1,0,0,0,0
"파워링크",🟩 파워링크 지역설정 KW,02. 바이럴(블로그),학원블로그홍보,PC,1,0,0,0,10,0,0,0,0
"파워링크",🟩 파워링크 지역설정 KW,02. 바이럴(블로그),헬스블로그,PC,1,0,0,0,2,0,0,0,0
"파워링크",🟩 파워링크 지역설정 KW,02. 바이럴(블로그),홈페이지블로그제작,모바일,2,0,0,0,3,0,0,0,0
"파워링크",🟩 파워링크 지역설정 KW,02. 바이럴(블로그),홈페이지형블로그,PC,1,0,0,0,10,0,0,0,0
"파워링크",🟩 파워링크 지역설정 KW,02. 바이럴(블로그),홈페이지형블로그꾸미기,PC,2,0,0,0,7.5,0,0,0,0
"파워링크",🟩 파워링크 지역설정 KW,02. 바이럴(블로그),홈페이지형블로그꾸미기,모바일,1,0,0,0,3,0,0,0,0
"파워링크",🟩 파워링크 지역설정 KW,02. 바이럴(블로그),홈페이지형블로그만들기,PC,1,0,0,0,10,0,0,0,0
"파워링크",🟩 파워링크 지역설정 KW,02. 바이럴(블로그),홈페이지형블로그스킨,PC,1,0,0,0,10,0,0,0,0
"파워링크",🟩 파워링크 지역설정 KW,02. 바이럴(블로그),홈페이지형블로그위젯,PC,1,0,0,0,4,0,0,0,0
"파워링크",🟩 파워링크 지역설정 KW,02. 바이럴(블로그),홈페이지형블로그제작,PC,2,0,0,0,7,0,0,0,0
"파워링크",🟩 파워링크 지역설정 KW,02. 바이럴(블로그)+조합,-,PC,2,0,0,0,1,0,0,0,0
"파워링크",🟩 파워링크 지역설정 KW,02. 바이럴(블로그)+조합,-,모바일,3,0,0,0,1.7,0,0,0,0
"파워링크",🟩 파워링크 지역설정 KW,02. 바이럴(블로그)+조합,웨딩블로그협찬,모바일,1,0,0,0,1,0,0,0,0
"파워링크",🟩 파워링크 지역설정 KW,03. 바이럴(체험단),-,PC,1,0,0,0,4,0,0,0,0
"파워링크",🟩 파워링크 지역설정 KW,03. 바이럴(체험단),네이버블로그체험단,PC,2,0,0,0,5,0,0,0,0
"파워링크",🟩 파워링크 지역설정 KW,03. 바이럴(체험단),네이버체험단,PC,1,0,0,0,7,0,0,0,0
"파워링크",🟩 파워링크 지역설정 KW,03. 바이럴(체험단),네이버체험단,모바일,1,0,0,0,4,0,0,0,0
"파워링크",🟩 파워링크 지역설정 KW,03. 바이럴(체험단),네일체험단,모바일,2,0,0,0,1.5,0,0,0,0
"파워링크",🟩 파워링크 지역설정 KW,03. 바이럴(체험단),다이어트체험단,모바일,1,0,0,0,2,0,0,0,0
"파워링크",🟩 파워링크 지역설정 KW,03. 바이럴(체험단),맛집체험단,PC,1,0,0,0,6,0,0,0,0
"파워링크",🟩 파워링크 지역설정 KW,03. 바이럴(체험단),블로그기자단,PC,3,0,0,0,8.3,0,0,0,0
"파워링크",🟩 파워링크 지역설정 KW,03. 바이럴(체험단),블로그기자단모집,모바일,2,0,0,0,4,0,0,0,0
"파워링크",🟩 파워링크 지역설정 KW,03. 바이럴(체험단),블로그맛집체험단,모바일,1,0,0,0,1,0,0,0,0
"파워링크",🟩 파워링크 지역설정 KW,03. 바이럴(체험단),숙박체험단,PC,5,0,0,0,3,0,0,0,0
"파워링크",🟩 파워링크 지역설정 KW,03. 바이럴(체험단),숙박체험단,모바일,9,2,941,"1,881",1.9,0,0,0,0
"파워링크",🟩 파워링크 지역설정 KW,03. 바이럴(체험단),숙소체험단,PC,6,0,0,0,1.2,0,0,0,0
"파워링크",🟩 파워링크 지역설정 KW,03. 바이럴(체험단),숙소체험단,모바일,3,1,341,341,1,0,0,0,0
"파워링크",🟩 파워링크 지역설정 KW,03. 바이럴(체험단),식당체험단,PC,2,0,0,0,7,0,0,0,0
"파워링크",🟩 파워링크 지역설정 KW,03. 바이럴(체험단),식당체험단,모바일,1,0,0,0,4,0,0,0,0
"파워링크",🟩 파워링크 지역설정 KW,03. 바이럴(체험단),아기용품체험단,모바일,2,0,0,0,3,0,0,0,0
"파워링크",🟩 파워링크 지역설정 KW,03. 바이럴(체험단),여행체험단,PC,3,0,0,0,2.3,0,0,0,0
"파워링크",🟩 파워링크 지역설정 KW,03. 바이럴(체험단),여행체험단,모바일,7,0,0,0,1,0,0,0,0
"파워링크",🟩 파워링크 지역설정 KW,03. 바이럴(체험단),옷체험단,모바일,1,0,0,0,4,0,0,0,0
"파워링크",🟩 파워링크 지역설정 KW,03. 바이럴(체험단),웨딩체험단,PC,3,0,0,0,4,0,0,0,0
"파워링크",🟩 파워링크 지역설정 KW,03. 바이럴(체험단),웨딩체험단,모바일,1,1,693,693,3,0,0,0,0
"파워링크",🟩 파워링크 지역설정 KW,03. 바이럴(체험단),육아체험단,모바일,6,0,0,0,2.3,0,0,0,0
"파워링크",🟩 파워링크 지역설정 KW,03. 바이럴(체험단),의류체험단,모바일,1,0,0,0,3,0,0,0,0
"파워링크",🟩 파워링크 지역설정 KW,03. 바이럴(체험단),제품체험단,PC,1,0,0,0,5,0,0,0,0
"파워링크",🟩 파워링크 지역설정 KW,03. 바이럴(체험단),체험단리뷰,PC,1,0,0,0,6,0,0,0,0
"파워링크",🟩 파워링크 지역설정 KW,03. 바이럴(체험단),체험단블로그,모바일,1,0,0,0,3,0,0,0,0
"파워링크",🟩 파워링크 지역설정 KW,03. 바이럴(체험단),체험단추천,PC,2,0,0,0,6.5,0,0,0,0
"파워링크",🟩 파워링크 지역설정 KW,03. 바이럴(체험단),캠핑체험단,모바일,3,1,"1,100","1,100",1,0,0,0,0
"파워링크",🟩 파워링크 지역설정 KW,03. 바이럴(체험단),쿠팡체험단리뷰,PC,1,0,0,0,6,0,0,0,0
"파워링크",🟩 파워링크 지역설정 KW,03. 바이럴(체험단),쿠팡체험단리뷰,모바일,1,0,0,0,3,0,0,0,0
"파워링크",🟩 파워링크 지역설정 KW,03. 바이럴(체험단),피부과체험단,모바일,1,0,0,0,4,0,0,0,0
"파워링크",🟩 파워링크 지역설정 KW,03. 바이럴(체험단),피부과체험단모집,모바일,1,0,0,0,2,0,0,0,0
"파워링크",🟩 파워링크 지역설정 KW,03. 바이럴(체험단),헤어체험단,모바일,1,0,0,0,2,0,0,0,0
"파워링크",🟩 파워링크 지역설정 KW,03. 바이럴(체험단),호텔체험단,모바일,1,0,0,0,4,0,0,0,0
"파워링크",🟩 파워링크 지역설정 KW,03. 바이럴(체험단),화장품체험단,모바일,2,0,0,0,5,0,0,0,0
"파워링크",🟩 파워링크 지역설정 KW,03. 바이럴(체험단)+조합,-,모바일,1,0,0,0,4,0,0,0,0
"파워링크",🟩 파워링크 지역설정 KW,03. 바이럴(체험단)+조합,네이버블로그광고,PC,3,0,0,0,6.3,0,0,0,0
"파워링크",🟩 파워링크 지역설정 KW,03. 바이럴(체험단)+조합,네이버블로그광고,모바일,2,0,0,0,3.5,0,0,0,0
"파워링크",🟩 파워링크 지역설정 KW,03. 바이럴(체험단)+조합,맛집체험단가격,모바일,1,0,0,0,1,0,0,0,0
"파워링크",🟩 파워링크 지역설정 KW,03. 바이럴(체험단)+조합,블로그광고비용,PC,1,0,0,0,6,0,0,0,0
"파워링크",🟩 파워링크 지역설정 KW,03. 바이럴(체험단)+조합,블로그광고신청,PC,2,0,0,0,5.5,0,0,0,0
"파워링크",🟩 파워링크 지역설정 KW,03. 바이럴(체험단)+조합,블로그광고신청,모바일,3,0,0,0,4,0,0,0,0
"파워링크",🟩 파워링크 지역설정 KW,03. 바이럴(체험단)+조합,블로그마케팅,PC,1,0,0,0,19,0,0,0,0
"파워링크",🟩 파워링크 지역설정 KW,03. 바이럴(체험단)+조합,요식업블로그체험단모집,모바일,1,0,0,0,2,0,0,0,0
"파워링크",🟩 파워링크 지역설정 KW,03. 바이럴(체험단)+조합,펜션체험단모집,모바일,1,1,770,770,1,0,0,0,0
"파워링크",🟩 파워링크 지역설정 KW,03. 바이럴(체험단)+조합,피부과체험단추천,모바일,1,0,0,0,1,0,0,0,0
"파워링크",🟩 파워링크 지역설정 KW,04. 바이럴(광고)+조합,-,PC,1,0,0,0,1,0,0,0,0
"파워링크",🟩 파워링크 지역설정 KW,04. 바이럴(광고),바이럴마케팅종류,PC,2,0,0,0,6,0,0,0,0
"파워링크",🟩 파워링크 지역설정 KW,04. 바이럴(광고),블로그광고하는법,PC,1,0,0,0,9,0,0,0,0
"파워링크",🟩 파워링크 지역설정 KW,04. 바이럴(광고),블로그마케팅가격,모바일,1,0,0,0,2,0,0,0,0
"파워링크",🟩 파워링크 지역설정 KW,04. 바이럴(광고),블로그배너광고,PC,1,0,0,0,3,0,0,0,0
"파워링크",🟩 파워링크 지역설정 KW,04. 바이럴(광고),블로그배너광고,모바일,3,0,0,0,2.3,0,0,0,0
"파워링크",🟩 파워링크 지역설정 KW,04. 바이럴(광고),블로그포스팅광고,모바일,1,0,0,0,4,0,0,0,0
"파워링크",🟩 파워링크 지역설정 KW,04. 바이럴(광고),체험단광고,모바일,1,0,0,0,5,0,0,0,0
"파워링크",🟩 파워링크 지역설정 KW,05. 플레이스,네이버스마트플레이스광고,PC,2,0,0,0,9.5,0,0,0,0
"파워링크",🟩 파워링크 지역설정 KW,05. 플레이스,스마트플레이스광고,PC,2,0,0,0,9.5,0,0,0,0
"파워링크",🟩 파워링크 지역설정 KW,05. 플레이스+조합,인스타키우기,PC,1,0,0,0,8,0,0,0,0
"파워링크",🟩 파워링크 지역설정 KW,05. 플레이스+조합,카페네이버플레이스,모바일,1,0,0,0,2,0,0,0,0
"파워링크",🟩 파워링크 지역설정 KW,06. 인스타(메타),-,모바일,1,0,0,0,2,0,0,0,0
"파워링크",🟩 파워링크 지역설정 KW,06. 인스타(메타),메타광고관리자,PC,6,0,0,0,5,0,0,0,0
"파워링크",🟩 파워링크 지역설정 KW,06. 인스타(메타),메타광고업체,모바일,2,0,0,0,4,0,0,0,0
"파워링크",🟩 파워링크 지역설정 KW,06. 인스타(메타),메타홍보,PC,2,0,0,0,4,0,0,0,0
"파워링크",🟩 파워링크 지역설정 KW,06. 인스타(메타),인스타게시물홍보,모바일,1,0,0,0,3,0,0,0,0
"파워링크",🟩 파워링크 지역설정 KW,06. 인스타(메타),인스타계정최적화,PC,1,0,0,0,3,0,0,0,0
"파워링크",🟩 파워링크 지역설정 KW,06. 인스타(메타),인스타계정키우기,모바일,1,0,0,0,4,0,0,0,0
"파워링크",🟩 파워링크 지역설정 KW,06. 인스타(메타),인스타그램계정,PC,7,0,0,0,6,0,0,0,0
"파워링크",🟩 파워링크 지역설정 KW,06. 인스타(메타),인스타그램계정,모바일,3,0,0,0,3.3,0,0,0,0
"파워링크",🟩 파워링크 지역설정 KW,06. 인스타(메타),인스타그램꾸미기,PC,1,0,0,0,1,0,0,0,0
"파워링크",🟩 파워링크 지역설정 KW,06. 인스타(메타),인스타그램꾸미기,모바일,9,0,0,0,3,0,0,0,0
"파워링크",🟩 파워링크 지역설정 KW,06. 인스타(메타),인스타그램비즈니스계정,PC,1,0,0,0,3,0,0,0,0
"파워링크",🟩 파워링크 지역설정 KW,06. 인스타(메타),인스타그램체험단신청,모바일,1,0,0,0,4,0,0,0,0
"파워링크",🟩 파워링크 지역설정 KW,06. 인스타(메타),인스타그램콘텐츠,모바일,1,0,0,0,4,0,0,0,0
"파워링크",🟩 파워링크 지역설정 KW,06. 인스타(메타),인스타그램피드,모바일,1,0,0,0,2,0,0,0,0
"파워링크",🟩 파워링크 지역설정 KW,06. 인스타(메타),인스타메타광고,PC,1,0,0,0,3,0,0,0,0
"파워링크",🟩 파워링크 지역설정 KW,06. 인스타(메타),인스타배너,모바일,3,0,0,0,3,0,0,0,0
"파워링크",🟩 파워링크 지역설정 KW,06. 인스타(메타),인스타지역광고,모바일,2,0,0,0,2,0,0,0,0
"파워링크",🟩 파워링크 지역설정 KW,06. 인스타(메타),인스타최적화,PC,1,1,"1,056","1,056",8,0,0,0,0
"파워링크",🟩 파워링크 지역설정 KW,06. 인스타(메타),인스타페이스북광고,PC,1,0,0,0,3,0,0,0,0
"파워링크",🟩 파워링크 지역설정 KW,06. 인스타(메타),인스타피드,PC,2,0,0,0,4.5,0,0,0,0
"파워링크",🟩 파워링크 지역설정 KW,06. 인스타(메타),인스타피드,모바일,6,0,0,0,2.8,0,0,0,0
"파워링크",🟩 파워링크 지역설정 KW,06. 인스타(메타),카페인스타홍보,모바일,1,0,0,0,2,0,0,0,0
"파워링크",🟩 파워링크 지역설정 KW,04. 바이럴(광고)+조합 2,-,모바일,1,0,0,0,1,0,0,0,0
"파워링크",🟩 파워링크 지역설정 KW,04. 바이럴(광고)+조합 2,네이버스마트플레이스관리,PC,1,0,0,0,2,0,0,0,0
"파워링크",🟩 파워링크 지역설정 KW,04. 바이럴(광고)+조합 2,네이버플레이스,PC,189,0,0,0,7.3,0,0,0,0
"파워링크",🟩 파워링크 지역설정 KW,04. 바이럴(광고)+조합 2,네이버플레이스,모바일,14,0,0,0,5.1,0,0,0,0
"파워링크",🟩 파워링크 지역설정 KW,04. 바이럴(광고)+조합 2,네이버플레이스등록,PC,13,0,0,0,4.6,0,0,0,0
"파워링크",🟩 파워링크 지역설정 KW,04. 바이럴(광고)+조합 2,네이버플레이스등록,모바일,1,0,0,0,3,0,0,0,0
"파워링크",🟩 파워링크 지역설정 KW,02. 바이럴(블로그)+조합 2,구매평체험단,PC,3,0,0,0,10.7,0,0,0,0
"파워링크",🟩 파워링크 지역설정 KW,02. 바이럴(블로그)+조합 2,리뷰체험단,PC,1,0,0,0,7,0,0,0,0
"파워링크",🟩 파워링크 지역설정 KW,02. 바이럴(블로그)+조합 2,블로그리뷰체험단,PC,1,0,0,0,4,0,0,0,0
"파워링크",🟩 파워링크 지역설정 KW,02. 바이럴(블로그)+조합 2,블로그리뷰체험단,모바일,3,0,0,0,4,0,0,0,0
"파워링크",🟩 파워링크 지역설정 KW,02. 바이럴(블로그)+조합 2,블로그체험단,PC,33,1,"1,089","1,089",4.3,0,0,0,0
"파워링크",🟩 파워링크 지역설정 KW,02. 바이럴(블로그)+조합 2,블로그체험단,모바일,40,1,968,968,4.5,0,0,0,0
"파워링크",🟩 파워링크 지역설정 KW,02. 바이럴(블로그)+조합 2,블로그체험단모집,PC,4,0,0,0,11.8,0,0,0,0
"파워링크",🟩 파워링크 지역설정 KW,02. 바이럴(블로그)+조합 2,블로그체험단모집,모바일,1,0,0,0,14,0,0,0,0
"파워링크",🟩 파워링크 지역설정 KW,02. 바이럴(블로그)+조합 2,블로그체험단신청,PC,2,0,0,0,8.5,0,0,0,0
"파워링크",🟩 파워링크 지역설정 KW,02. 바이럴(블로그)+조합 2,블로그체험단신청,모바일,29,0,0,0,3.3,0,0,0,0
"파워링크",🟩 파워링크 지역설정 KW,02. 바이럴(블로그)+조합 2,체험단모집,PC,2,0,0,0,6.5,0,0,0,0
"파워링크",🟩 파워링크 지역설정 KW,02. 바이럴(블로그)+조합 2,체험단모집,모바일,3,0,0,0,6.3,0,0,0,0
"파워링크",🟩 파워링크 지역설정 KW,06. 인스타(메타)+조합 2,-,PC,1,0,0,0,2,0,0,0,0
"파워링크",🟩 파워링크 지역설정 KW,06. 인스타(메타)+조합 3,-,PC,3,0,0,0,3.7,0,0,0,0
"파워링크",🟩 파워링크 지역설정 KW,06. 인스타(메타)+조합 3,뷰티메타광고세팅,모바일,1,0,0,0,1,0,0,0,0
"파워링크",🟩 파워링크 지역설정 KW,06. 인스타(메타)+조합 4,펜션인스타광고,PC,1,0,0,0,1,0,0,0,0
"파워링크",🟩 파워링크 지역설정 KW,06. 인스타(메타)+조합 6,-,PC,1,0,0,0,2,0,0,0,0
"파워링크",🟩 파워링크 지역설정 KW,01. 대행사+조합 2,-,모바일,19,0,0,0,2.3,0,0,0,0
"파워링크",🟩 파워링크 지역조합 kw,01. 대행사KW,-,PC,1,0,0,0,2,0,0,0,0
"파워링크",🟩 파워링크 지역조합 kw,01. 대행사KW,-,모바일,1,0,0,0,3,0,0,0,0
"파워링크",🟩 파워링크 지역조합 kw,01. 대행사KW,진주광고대행,PC,1,0,0,0,7,0,0,0,0
"파워링크",🟩 파워링크 지역조합 kw,01. 대행사KW 3,-,PC,3,0,0,0,3,0,0,0,0
"파워링크",🟩 파워링크 지역조합 kw,01. 대행사KW 4,-,PC,1,0,0,0,2,0,0,0,0
"파워링크",🟩 파워링크 지역조합 kw,01. 대행사KW 6,-,모바일,1,0,0,0,1,0,0,0,0
"파워링크",🟩 파워링크 지역조합 kw,02. 바이럴(블로그)kw 3,하동블로그,PC,1,0,0,0,1,0,0,0,0
"파워링크",🟩 파워링크 지역조합 kw,02. 바이럴(블로그)kw 3,함안블로그,모바일,1,0,0,0,2,0,0,0,0
"파워링크",🟩 파워링크 지역조합 kw,02. 바이럴(블로그)kw 3,함양블로그,PC,1,0,0,0,1,0,0,0,0
"파워링크",🟩 파워링크 지역조합 kw,02. 바이럴(블로그)kw 4,-,PC,3,0,0,0,4,0,0,0,0
"파워링크",🟩 파워링크 지역조합 kw,02. 바이럴(블로그)kw 4,-,모바일,6,0,0,0,1.8,0,0,0,0
"파워링크",🟩 파워링크 지역조합 kw,01. 대행사KW 8,-,모바일,45,0,0,0,2.3,0,0,0,0
"파워링크",🟩 파워링크 지역조합 kw,01. 대행사KW 9,-,모바일,4,0,0,0,1,0,0,0,0
"파워링크",🟩 파워링크 지역조합 kw,03. 바이럴(체험단)kw 2,-,PC,4,0,0,0,2.5,0,0,0,0
"파워링크",🟩 파워링크 지역조합 kw,03. 바이럴(체험단)kw 2,-,모바일,1,0,0,0,1,0,0,0,0
"파워링크",🟩 파워링크 지역조합 kw,02. 바이럴(블로그)kw,-,PC,16,0,0,0,2.2,0,0,0,0
"파워링크",🟩 파워링크 지역조합 kw,02. 바이럴(블로그)kw,-,모바일,51,0,0,0,1.1,0,0,0,0
"파워링크",🟩 파워링크 지역조합 kw,02. 바이럴(블로그)kw,경남블로그,PC,1,0,0,0,1,0,0,0,0
"파워링크",🟩 파워링크 지역조합 kw,02. 바이럴(블로그)kw,경남블로그,모바일,1,0,0,0,1,0,0,0,0
"파워링크",🟩 파워링크 지역조합 kw,02. 바이럴(블로그)kw,경남블로그운영,모바일,1,0,0,0,1,0,0,0,0
"파워링크",🟩 파워링크 지역조합 kw,02. 바이럴(블로그)kw,사천블로그,PC,1,0,0,0,2,0,0,0,0
"파워링크",🟩 파워링크 지역조합 kw,02. 바이럴(블로그)kw,진주블로그,PC,4,0,0,0,2,0,0,0,0
"파워링크",🟩 파워링크 지역조합 kw,02. 바이럴(블로그)kw,진주블로그,모바일,9,0,0,0,1.6,0,0,0,0
"파워링크",🟩 파워링크 지역조합 kw,02. 바이럴(블로그)kw,진주블로그협찬,모바일,1,0,0,0,1,0,0,0,0
"파워링크",🟩 파워링크 지역조합 kw,03. 바이럴(체험단)kw 3,-,모바일,2,0,0,0,1,0,0,0,0
"파워링크",🟩 파워링크 지역조합 kw,03. 바이럴(체험단)kw 3,함안체험단모집,모바일,1,0,0,0,1,0,0,0,0
"파워링크",🟩 파워링크 지역조합 kw,02. 바이럴(블로그)kw 2,-,PC,1,0,0,0,1,0,0,0,0
"파워링크",🟩 파워링크 지역조합 kw,02. 바이럴(블로그)kw 2,-,모바일,2,0,0,0,1,0,0,0,0
"파워링크",🟩 파워링크 지역조합 kw,02. 바이럴(블로그)kw 2,산청블로그,PC,1,0,0,0,1,0,0,0,0
"파워링크",🟩 파워링크 지역조합 kw,02. 바이럴(블로그)kw 2,의령블로그,PC,7,0,0,0,1,0,0,0,0
"파워링크",🟩 파워링크 지역조합 kw,03. 바이럴(체험단)kw 6,-,PC,1,0,0,0,2,0,0,0,0
"파워링크",🟩 파워링크 지역조합 kw,03. 바이럴(체험단)kw 6,여수블로그,모바일,8,0,0,0,2.3,0,0,0,0
"파워링크",🟩 파워링크 지역조합 kw,03. 바이럴(체험단)kw 6,여수피부과블로그,모바일,1,0,0,0,1,0,0,0,0
"파워링크",🟩 파워링크 지역조합 kw,04. 바이럴(광고),-,모바일,4,0,0,0,1,0,0,0,0
"파워링크",🟩 파워링크 지역조합 kw,05. 플레이스kw,-,모바일,2,0,0,0,2,0,0,0,0
"파워링크",🟩 파워링크 지역조합 kw,06. 인스타kw,-,PC,1,0,0,0,3,0,0,0,0
"파워링크",🟩 파워링크 지역조합 kw,06. 인스타kw,-,모바일,1,0,0,0,1,0,0,0,0
"파워링크",🟩 파워링크 지역조합 kw,06. 인스타kw,경남인스타광고,PC,1,0,0,0,1,0,0,0,0
"파워링크",🟩 파워링크 지역조합 kw,06. 인스타kw 2,-,PC,1,0,0,0,2,0,0,0,0
"파워링크",🟩 파워링크 지역조합 kw,06. 인스타kw 2,-,모바일,5,0,0,0,1.2,0,0,0,0
"파워링크",🟩 파워링크 지역조합 kw,06. 인스타kw 3,-,PC,2,0,0,0,1.5,0,0,0,0
"파워링크",🟩 파워링크 지역조합 kw,06. 인스타kw 3,-,모바일,1,0,0,0,1,0,0,0,0
"파워링크",🟩 파워링크 지역조합 kw,03. 바이럴(체험단)kw,-,PC,3,0,0,0,1.7,0,0,0,0
"파워링크",🟩 파워링크 지역조합 kw,03. 바이럴(체험단)kw,-,모바일,2,0,0,0,1,0,0,0,0
"파워링크",🟩 파워링크 지역조합 kw,03. 바이럴(체험단)kw,경남체험단모집,모바일,2,0,0,0,1,0,0,0,0
"파워링크",🟩 파워링크 지역조합 kw,03. 바이럴(체험단)kw,진주체험단모집,모바일,1,0,0,0,1,0,0,0,0
"플레이스",플레이스#3,플레이스#3_광고그룹#1,-,PC,51,5,"2,319","11,594",1.3,0,0,0,0
"플레이스",플레이스#3,플레이스#3_광고그룹#1,-,모바일,57,4,"1,771","7,084",2.2,0,0,0,0
