"플레이스보고서(2025.06.01.~2025.06.30.),ablegym_33:naver"
"캠페인유형",캠페인,광고그룹,PC/모바일 매체,검색어,노출수,클릭수,"평균클릭비용(VAT포함,원)","총비용(VAT포함,원)",평균노출순위
"파워링크",플레이스링크,메인 MO,모바일,24시간수유헬스,1,0,0,0,2
"파워링크",플레이스링크,메인 MO,모바일,24시헬스수유,2,0,0,0,1.5
"파워링크",플레이스링크,메인 MO,모바일,24시헬스장수유역,1,0,0,0,1
"파워링크",플레이스링크,메인 MO,모바일,PT강북구헬스장,1,0,0,0,1
"파워링크",플레이스링크,메인 MO,모바일,가오리역PT,3,0,0,0,1
"파워링크",플레이스링크,메인 MO,모바일,가오리역피티,1,0,0,0,1
"파워링크",플레이스링크,메인 MO,모바일,가오리역헬스,11,0,0,0,1.7
"파워링크",플레이스링크,메인 MO,모바일,가오리역헬스장,4,0,0,0,1.5
"파워링크",플레이스링크,메인 MO,모바일,가오리역휘트니스,1,0,0,0,3
"파워링크",플레이스링크,메인 MO,모바일,강북PT,3,0,0,0,1
"파워링크",플레이스링크,메인 MO,모바일,강북구GYM헬스,1,0,0,0,3
"파워링크",플레이스링크,메인 MO,모바일,강북구PT,21,0,0,0,1
"파워링크",플레이스링크,메인 MO,모바일,강북구PT가격,1,0,0,0,1
"파워링크",플레이스링크,메인 MO,모바일,강북구개인PT,3,0,0,0,2
"파워링크",플레이스링크,메인 MO,모바일,강북구개인레슨,1,0,0,0,3
"파워링크",플레이스링크,메인 MO,모바일,강북구그룹PT,2,0,0,0,3
"파워링크",플레이스링크,메인 MO,모바일,강북구그룹피티,2,0,0,0,2
"파워링크",플레이스링크,메인 MO,모바일,강북구레디포짐수유점,1,0,0,0,1
"파워링크",플레이스링크,메인 MO,모바일,강북구립헬스장,2,0,0,0,2
"파워링크",플레이스링크,메인 MO,모바일,강북구무료헬스,1,0,0,0,1
"파워링크",플레이스링크,메인 MO,모바일,강북구무료헬스장,1,0,0,0,1
"파워링크",플레이스링크,메인 MO,모바일,강북구번동피트니스,1,0,0,0,1
"파워링크",플레이스링크,메인 MO,모바일,강북구번동헬스장,381,0,0,0,1
"파워링크",플레이스링크,메인 MO,모바일,강북구수유동헬스장,2,0,0,0,1
"파워링크",플레이스링크,메인 MO,모바일,강북구에이블짐,2,0,0,0,1
"파워링크",플레이스링크,메인 MO,모바일,강북구운동,10,0,0,0,1.5
"파워링크",플레이스링크,메인 MO,모바일,강북구운동센터,1,0,0,0,1
"파워링크",플레이스링크,메인 MO,모바일,강북구일일헬스,2,0,0,0,1.5
"파워링크",플레이스링크,메인 MO,모바일,강북구피트니스,1,0,0,0,1
"파워링크",플레이스링크,메인 MO,모바일,강북구피티,2,0,0,0,2
"파워링크",플레이스링크,메인 MO,모바일,강북구헬스,20,0,0,0,1.7
"파워링크",플레이스링크,메인 MO,모바일,강북구헬스장,150,1,"2,387","2,387",2.2
"파워링크",플레이스링크,메인 MO,모바일,강북구헬스장피티,1,0,0,0,2
"파워링크",플레이스링크,메인 MO,모바일,강북구휘트니스,1,0,0,0,3
"파워링크",플레이스링크,메인 MO,모바일,강북수유동PT헬스장,1,0,0,0,1
"파워링크",플레이스링크,메인 MO,모바일,강북수유동헬스장,1,0,0,0,1
"파워링크",플레이스링크,메인 MO,모바일,강북수유동헬스장PT,1,0,0,0,1
"파워링크",플레이스링크,메인 MO,모바일,강북수유역헬스장,1,0,0,0,2
"파워링크",플레이스링크,메인 MO,모바일,강북에이블짐,1,0,0,0,1
"파워링크",플레이스링크,메인 MO,모바일,강북운동,3,0,0,0,2.3
"파워링크",플레이스링크,메인 MO,모바일,강북헬스,4,0,0,0,2.8
"파워링크",플레이스링크,메인 MO,모바일,강북헬스센터,1,0,0,0,3
"파워링크",플레이스링크,메인 MO,모바일,강북헬스장,47,0,0,0,1.1
"파워링크",플레이스링크,메인 MO,모바일,강북휘트니스,1,0,0,0,1
"파워링크",플레이스링크,메인 MO,모바일,그룹PT수유,1,0,0,0,1
"파워링크",플레이스링크,메인 MO,모바일,도봉구에이블짐,1,0,0,0,2
"파워링크",플레이스링크,메인 MO,모바일,레디포짐수유점,12,0,0,0,1.3
"파워링크",플레이스링크,메인 MO,모바일,레디포짐수유점],1,0,0,0,2
"파워링크",플레이스링크,메인 MO,모바일,미아역PT,46,1,"4,686","4,686",1
"파워링크",플레이스링크,메인 MO,모바일,미아역그룹피티수유역,1,0,0,0,1
"파워링크",플레이스링크,메인 MO,모바일,미아역운동,22,1,"1,298","1,298",1.7
"파워링크",플레이스링크,메인 MO,모바일,미아역피트니스,1,0,0,0,1
"파워링크",플레이스링크,메인 MO,모바일,미아역피티,4,0,0,0,2.3
"파워링크",플레이스링크,메인 MO,모바일,미아역헬스,24,0,0,0,3.2
"파워링크",플레이스링크,메인 MO,모바일,미아역헬스장,445,9,"8,606","77,451",1
"파워링크",플레이스링크,메인 MO,모바일,미아역휘트니스,10,0,0,0,1
"파워링크",플레이스링크,메인 MO,모바일,번동PT,55,0,0,0,1.3
"파워링크",플레이스링크,메인 MO,모바일,번동운동,1,0,0,0,1
"파워링크",플레이스링크,메인 MO,모바일,번동짐휘트니스,1,0,0,0,2
"파워링크",플레이스링크,메인 MO,모바일,번동피트니스,2,0,0,0,1
"파워링크",플레이스링크,메인 MO,모바일,번동헬스,19,0,0,0,3.4
"파워링크",플레이스링크,메인 MO,모바일,번동헬스장,138,0,0,0,1.1
"파워링크",플레이스링크,메인 MO,모바일,번동헬스장PT,26,0,0,0,2.4
"파워링크",플레이스링크,메인 MO,모바일,번동휘트니스,5,0,0,0,1.2
"파워링크",플레이스링크,메인 MO,모바일,서울번동헬스장,1,0,0,0,1
"파워링크",플레이스링크,메인 MO,모바일,서울수유동헬스장,1,0,0,0,2
"파워링크",플레이스링크,메인 MO,모바일,수유1동헬스장,5,0,0,0,2
"파워링크",플레이스링크,메인 MO,모바일,수유24시간,2,0,0,0,1
"파워링크",플레이스링크,메인 MO,모바일,수유24시간헬스장,7,0,0,0,1.1
"파워링크",플레이스링크,메인 MO,모바일,수유24시피트니스,1,0,0,0,1
"파워링크",플레이스링크,메인 MO,모바일,수유24시헬스,2,0,0,0,2.5
"파워링크",플레이스링크,메인 MO,모바일,수유24시헬스장,24,0,0,0,1.6
"파워링크",플레이스링크,메인 MO,모바일,수유2동헬스장,2,0,0,0,1
"파워링크",플레이스링크,메인 MO,모바일,수유3동짐,1,0,0,0,1
"파워링크",플레이스링크,메인 MO,모바일,수유5번출구,2,0,0,0,1
"파워링크",플레이스링크,메인 MO,모바일,수유PT,197,3,"9,416","28,248",1
"파워링크",플레이스링크,메인 MO,모바일,수유PT5만원,1,1,913,913,1
"파워링크",플레이스링크,메인 MO,모바일,수유PT가격,7,0,0,0,1.4
"파워링크",플레이스링크,메인 MO,모바일,수유PT헬스,1,0,0,0,1
"파워링크",플레이스링크,메인 MO,모바일,수유PT헬스장,2,0,0,0,1
"파워링크",플레이스링크,메인 MO,모바일,수유개인PT,1,0,0,0,2
"파워링크",플레이스링크,메인 MO,모바일,수유개인피티,1,0,0,0,2
"파워링크",플레이스링크,메인 MO,모바일,수유개인헬스장,1,0,0,0,3
"파워링크",플레이스링크,메인 MO,모바일,수유그룹PT,11,0,0,0,1
"파워링크",플레이스링크,메인 MO,모바일,수유그룹PT비용,1,1,407,407,1
"파워링크",플레이스링크,메인 MO,모바일,수유그룹피티,3,0,0,0,1
"파워링크",플레이스링크,메인 MO,모바일,수유동24시간헬스장,2,0,0,0,1
"파워링크",플레이스링크,메인 MO,모바일,수유동PT,5,0,0,0,1
"파워링크",플레이스링크,메인 MO,모바일,수유동그룹PT,1,0,0,0,3
"파워링크",플레이스링크,메인 MO,모바일,수유동에이블짐,2,0,0,0,1.5
"파워링크",플레이스링크,메인 MO,모바일,수유동여성헬스,1,0,0,0,2
"파워링크",플레이스링크,메인 MO,모바일,수유동운동,3,0,0,0,2.7
"파워링크",플레이스링크,메인 MO,모바일,수유동짐,1,0,0,0,1
"파워링크",플레이스링크,메인 MO,모바일,수유동피트니스,2,0,0,0,1
"파워링크",플레이스링크,메인 MO,모바일,수유동피티,2,0,0,0,1.5
"파워링크",플레이스링크,메인 MO,모바일,수유동헬스,51,2,831,"1,661",1.2
"파워링크",플레이스링크,메인 MO,모바일,수유동헬스장,994,4,"2,206","8,822",1.5
"파워링크",플레이스링크,메인 MO,모바일,수유동헬스장PT,1,0,0,0,1
"파워링크",플레이스링크,메인 MO,모바일,수유번동헬스장,3,0,0,0,1.3
"파워링크",플레이스링크,메인 MO,모바일,수유에이블,4,0,0,0,1
"파워링크",플레이스링크,메인 MO,모바일,수유에이블짐,206,8,884,"7,073",1.2
"파워링크",플레이스링크,메인 MO,모바일,수유에이블짐.가격,1,1,836,836,1
"파워링크",플레이스링크,메인 MO,모바일,수유에이블짐.일일권,1,0,0,0,1
"파워링크",플레이스링크,메인 MO,모바일,수유에이블짐.일일권가격,1,0,0,0,1
"파워링크",플레이스링크,메인 MO,모바일,수유에이블짐3개월,1,0,0,0,1
"파워링크",플레이스링크,메인 MO,모바일,수유에이블짐3대50,1,0,0,0,1
"파워링크",플레이스링크,메인 MO,모바일,수유에이블짐가격,16,3,576,"1,727",1.3
"파워링크",플레이스링크,메인 MO,모바일,수유에이블짐등머신,1,0,0,0,1
"파워링크",플레이스링크,메인 MO,모바일,수유에이블짐영업시간,1,0,0,0,1
"파워링크",플레이스링크,메인 MO,모바일,수유에이블짐이용권,2,0,0,0,1
"파워링크",플레이스링크,메인 MO,모바일,수유에이블짐이용권판매,1,0,0,0,1
"파워링크",플레이스링크,메인 MO,모바일,수유에이블짐일일,1,0,0,0,1
"파워링크",플레이스링크,메인 MO,모바일,수유에이블짐일일권,7,1,110,110,1.1
"파워링크",플레이스링크,메인 MO,모바일,수유에이블짐일일권가격,1,0,0,0,1
"파워링크",플레이스링크,메인 MO,모바일,수유에이블짐재활,1,0,0,0,1
"파워링크",플레이스링크,메인 MO,모바일,수유에이블짐주차,2,0,0,0,1
"파워링크",플레이스링크,메인 MO,모바일,수유에이블짐주차장,1,0,0,0,2
"파워링크",플레이스링크,메인 MO,모바일,수유에이블짐피티가격,1,0,0,0,1
"파워링크",플레이스링크,메인 MO,모바일,수유에피소드헬스장,1,0,0,0,1
"파워링크",플레이스링크,메인 MO,모바일,수유여성전문피트니스,1,0,0,0,3
"파워링크",플레이스링크,메인 MO,모바일,수유여성헬스,6,0,0,0,2.5
"파워링크",플레이스링크,메인 MO,모바일,수유여성헬스장,12,0,0,0,3.5
"파워링크",플레이스링크,메인 MO,모바일,수유역.헬스,1,0,0,0,3
"파워링크",플레이스링크,메인 MO,모바일,수유역1인헬스장,1,0,0,0,1
"파워링크",플레이스링크,메인 MO,모바일,수유역1일권헬스,1,0,0,0,1
"파워링크",플레이스링크,메인 MO,모바일,수유역24시간헬스,1,1,891,891,1
"파워링크",플레이스링크,메인 MO,모바일,수유역24시헬스,4,0,0,0,2.5
"파워링크",플레이스링크,메인 MO,모바일,수유역24시헬스장,12,1,957,957,1.4
"파워링크",플레이스링크,메인 MO,모바일,수유역30분PT,1,0,0,0,1
"파워링크",플레이스링크,메인 MO,모바일,수유역5번출구헬스,1,0,0,0,1
"파워링크",플레이스링크,메인 MO,모바일,수유역5번출구헬스장,1,0,0,0,1
"파워링크",플레이스링크,메인 MO,모바일,수유역PT,"1,185",8,"8,242","65,934",1
"파워링크",플레이스링크,메인 MO,모바일,수유역PT가격,5,0,0,0,1.2
"파워링크",플레이스링크,메인 MO,모바일,수유역PT헬스장,1,0,0,0,1
"파워링크",플레이스링크,메인 MO,모바일,수유역개인운동헬스장,1,0,0,0,1
"파워링크",플레이스링크,메인 MO,모바일,수유역그룹PT,10,0,0,0,1
"파워링크",플레이스링크,메인 MO,모바일,수유역그룹운동,1,0,0,0,1
"파워링크",플레이스링크,메인 MO,모바일,수유역그룹피티,3,1,110,110,1
"파워링크",플레이스링크,메인 MO,모바일,수유역그룹헬스,1,0,0,0,1
"파워링크",플레이스링크,메인 MO,모바일,수유역근처피티센터,1,0,0,0,2
"파워링크",플레이스링크,메인 MO,모바일,수유역로아짐,1,0,0,0,1
"파워링크",플레이스링크,메인 MO,모바일,수유역번동헬스장,2,0,0,0,1
"파워링크",플레이스링크,메인 MO,모바일,수유역에이블,4,0,0,0,1
"파워링크",플레이스링크,메인 MO,모바일,수유역에이블짐,19,1,792,792,1.2
"파워링크",플레이스링크,메인 MO,모바일,수유역에이블짐3개월가격,1,0,0,0,1
"파워링크",플레이스링크,메인 MO,모바일,수유역에이블짐PT,1,0,0,0,1
"파워링크",플레이스링크,메인 MO,모바일,수유역에이블짐가격,2,0,0,0,1
"파워링크",플레이스링크,메인 MO,모바일,수유역에이블짐주차장,1,0,0,0,1
"파워링크",플레이스링크,메인 MO,모바일,수유역에이블짐피티양도,1,0,0,0,1
"파워링크",플레이스링크,메인 MO,모바일,수유역에피소드피트니스,1,1,77,77,1
"파워링크",플레이스링크,메인 MO,모바일,수유역에피소드헬스장,1,0,0,0,1
"파워링크",플레이스링크,메인 MO,모바일,수유역여성헬스,2,0,0,0,2.5
"파워링크",플레이스링크,메인 MO,모바일,수유역여성헬스PT,1,0,0,0,3
"파워링크",플레이스링크,메인 MO,모바일,수유역여성헬스장,6,0,0,0,3.3
"파워링크",플레이스링크,메인 MO,모바일,수유역운동,42,0,0,0,2
"파워링크",플레이스링크,메인 MO,모바일,수유역웨이트,1,0,0,0,2
"파워링크",플레이스링크,메인 MO,모바일,수유역일일헬스인바디,1,0,0,0,1
"파워링크",플레이스링크,메인 MO,모바일,수유역저렴한헬스장,1,0,0,0,2
"파워링크",플레이스링크,메인 MO,모바일,수유역점헬스장,1,0,0,0,1
"파워링크",플레이스링크,메인 MO,모바일,수유역주차무료헬스장,1,0,0,0,1
"파워링크",플레이스링크,메인 MO,모바일,수유역지하에있던헬스장,1,0,0,0,1
"파워링크",플레이스링크,메인 MO,모바일,수유역지하헬스장,1,0,0,0,2
"파워링크",플레이스링크,메인 MO,모바일,수유역짐,4,0,0,0,1
"파워링크",플레이스링크,메인 MO,모바일,수유역피트니스,2,0,0,0,1
"파워링크",플레이스링크,메인 MO,모바일,수유역피트니스24,1,0,0,0,1
"파워링크",플레이스링크,메인 MO,모바일,수유역피티,36,1,"3,762","3,762",1.6
"파워링크",플레이스링크,메인 MO,모바일,수유역피티가격,2,0,0,0,3
"파워링크",플레이스링크,메인 MO,모바일,수유역피티샵,2,0,0,0,1
"파워링크",플레이스링크,메인 MO,모바일,수유역필라테스PT,2,0,0,0,1
"파워링크",플레이스링크,메인 MO,모바일,수유역헬스,145,3,"4,877","14,630",1.5
"파워링크",플레이스링크,메인 MO,모바일,수유역헬스&PT,1,0,0,0,2
"파워링크",플레이스링크,메인 MO,모바일,수유역헬스2개월가격,1,0,0,0,1
"파워링크",플레이스링크,메인 MO,모바일,수유역헬스PT,23,1,"1,364","1,364",1.8
"파워링크",플레이스링크,메인 MO,모바일,수유역헬스일일권,1,0,0,0,1
"파워링크",플레이스링크,메인 MO,모바일,수유역헬스장,"1,156",28,"6,982","195,503",1.4
"파워링크",플레이스링크,메인 MO,모바일,수유역헬스장2,1,0,0,0,2
"파워링크",플레이스링크,메인 MO,모바일,수유역헬스장24시,3,0,0,0,1.3
"파워링크",플레이스링크,메인 MO,모바일,수유역헬스장24시간,2,0,0,0,1
"파워링크",플레이스링크,메인 MO,모바일,수유역헬스장3개월,1,1,"1,320","1,320",1
"파워링크",플레이스링크,메인 MO,모바일,수유역헬스장3개월가격,2,1,99,99,1
"파워링크",플레이스링크,메인 MO,모바일,수유역헬스장5만원,1,0,0,0,1
"파워링크",플레이스링크,메인 MO,모바일,수유역헬스장PT,96,0,0,0,1.5
"파워링크",플레이스링크,메인 MO,모바일,수유역헬스장가격,2,0,0,0,2.5
"파워링크",플레이스링크,메인 MO,모바일,수유역헬스장개인운동,1,0,0,0,1
"파워링크",플레이스링크,메인 MO,모바일,수유역헬스장천국의계단,1,0,0,0,2
"파워링크",플레이스링크,메인 MO,모바일,수유역헬스장필라테스,2,0,0,0,2
"파워링크",플레이스링크,메인 MO,모바일,수유역헬스피티,1,0,0,0,3
"파워링크",플레이스링크,메인 MO,모바일,수유역휘트니스,2,1,"3,311","3,311",1
"파워링크",플레이스링크,메인 MO,모바일,수유운동,36,0,0,0,2.1
"파워링크",플레이스링크,메인 MO,모바일,수유운동PT,1,0,0,0,2
"파워링크",플레이스링크,메인 MO,모바일,수유운동센터,1,0,0,0,3
"파워링크",플레이스링크,메인 MO,모바일,수유점,1,0,0,0,3
"파워링크",플레이스링크,메인 MO,모바일,수유피트니스,2,0,0,0,1
"파워링크",플레이스링크,메인 MO,모바일,수유피티,43,0,0,0,3
"파워링크",플레이스링크,메인 MO,모바일,수유피티샵,1,0,0,0,1
"파워링크",플레이스링크,메인 MO,모바일,수유핼스,1,0,0,0,1
"파워링크",플레이스링크,메인 MO,모바일,수유헬스,239,2,"5,005","10,010",1.3
"파워링크",플레이스링크,메인 MO,모바일,수유헬스PT,70,1,"4,675","4,675",1
"파워링크",플레이스링크,메인 MO,모바일,수유헬스PT가격,1,0,0,0,2
"파워링크",플레이스링크,메인 MO,모바일,수유헬스장,"1,221",34,"13,201","448,844",1.4
"파워링크",플레이스링크,메인 MO,모바일,수유헬스장1일권,2,0,0,0,1
"파워링크",플레이스링크,메인 MO,모바일,수유헬스장24,1,0,0,0,1
"파워링크",플레이스링크,메인 MO,모바일,수유헬스장24시,5,0,0,0,1.2
"파워링크",플레이스링크,메인 MO,모바일,수유헬스장24시간,3,0,0,0,1
"파워링크",플레이스링크,메인 MO,모바일,수유헬스장PT,13,0,0,0,2.4
"파워링크",플레이스링크,메인 MO,모바일,수유헬스장인바디,2,0,0,0,1.5
"파워링크",플레이스링크,메인 MO,모바일,수유헬스장일일,1,0,0,0,1
"파워링크",플레이스링크,메인 MO,모바일,수유헬스장일일권,8,0,0,0,1.3
"파워링크",플레이스링크,메인 MO,모바일,수유헬스장짐,1,0,0,0,1
"파워링크",플레이스링크,메인 MO,모바일,수유헬스장천국의계단,1,0,0,0,3
"파워링크",플레이스링크,메인 MO,모바일,수유헬스장체형,1,0,0,0,2
"파워링크",플레이스링크,메인 MO,모바일,수유헬스장추천,2,0,0,0,2.5
"파워링크",플레이스링크,메인 MO,모바일,수유헬스장한시간,1,0,0,0,1
"파워링크",플레이스링크,메인 MO,모바일,수유헬스장회원권,1,0,0,0,1
"파워링크",플레이스링크,메인 MO,모바일,수유휘트니스,10,0,0,0,1
"파워링크",플레이스링크,메인 MO,모바일,쌍문역PT,41,4,"3,548","14,190",1.1
"파워링크",플레이스링크,메인 MO,모바일,쌍문역운동,18,0,0,0,1.6
"파워링크",플레이스링크,메인 MO,모바일,쌍문역피트니스,1,0,0,0,1
"파워링크",플레이스링크,메인 MO,모바일,쌍문역피티,4,0,0,0,1.3
"파워링크",플레이스링크,메인 MO,모바일,쌍문역헬스,52,0,0,0,1
"파워링크",플레이스링크,메인 MO,모바일,쌍문역헬스장,438,7,"7,307","51,150",1
"파워링크",플레이스링크,메인 MO,모바일,쌍문역휘트니스,3,0,0,0,1.3
"파워링크",플레이스링크,메인 MO,모바일,에이블수유,4,0,0,0,1
"파워링크",플레이스링크,메인 MO,모바일,에이블수유점,1,0,0,0,1
"파워링크",플레이스링크,메인 MO,모바일,에이블수유토요일,1,0,0,0,1
"파워링크",플레이스링크,메인 MO,모바일,에이블짐.수유,3,1,847,847,1
"파워링크",플레이스링크,메인 MO,모바일,에이블짐.수유점가격,1,0,0,0,2
"파워링크",플레이스링크,메인 MO,모바일,에이블짐미아,1,0,0,0,1
"파워링크",플레이스링크,메인 MO,모바일,에이블짐수유,419,0,0,0,1.3
"파워링크",플레이스링크,메인 MO,모바일,에이블짐수유.,1,0,0,0,1
"파워링크",플레이스링크,메인 MO,모바일,에이블짐수유1일권,1,0,0,0,1
"파워링크",플레이스링크,메인 MO,모바일,에이블짐수유PT,2,0,0,0,1
"파워링크",플레이스링크,메인 MO,모바일,에이블짐수유PT가격,3,0,0,0,1
"파워링크",플레이스링크,메인 MO,모바일,에이블짐수유가격,30,9,559,"5,027",1
"파워링크",플레이스링크,메인 MO,모바일,에이블짐수유가입비,1,0,0,0,1
"파워링크",플레이스링크,메인 MO,모바일,에이블짐수유머신,4,0,0,0,1
"파워링크",플레이스링크,메인 MO,모바일,에이블짐수유새벽,1,0,0,0,1
"파워링크",플레이스링크,메인 MO,모바일,에이블짐수유야간,1,0,0,0,1
"파워링크",플레이스링크,메인 MO,모바일,에이블짐수유역,2,0,0,0,1
"파워링크",플레이스링크,메인 MO,모바일,에이블짐수유역가격,1,0,0,0,1
"파워링크",플레이스링크,메인 MO,모바일,에이블짐수유요금,1,0,0,0,1
"파워링크",플레이스링크,메인 MO,모바일,에이블짐수유운영시간,1,0,0,0,2
"파워링크",플레이스링크,메인 MO,모바일,에이블짐수유인바디,1,0,0,0,1
"파워링크",플레이스링크,메인 MO,모바일,에이블짐수유일일가격,1,0,0,0,2
"파워링크",플레이스링크,메인 MO,모바일,에이블짐수유일일이용권,1,0,0,0,1
"파워링크",플레이스링크,메인 MO,모바일,에이블짐수유점,30,0,0,0,1.8
"파워링크",플레이스링크,메인 MO,모바일,에이블짐수유점.,1,0,0,0,1
"파워링크",플레이스링크,메인 MO,모바일,에이블짐수유점1일권,1,1,66,66,1
"파워링크",플레이스링크,메인 MO,모바일,에이블짐수유점PT가격,1,0,0,0,1
"파워링크",플레이스링크,메인 MO,모바일,에이블짐수유점가격,2,0,0,0,1.5
"파워링크",플레이스링크,메인 MO,모바일,에이블짐수유점월가격,1,0,0,0,1
"파워링크",플레이스링크,메인 MO,모바일,에이블짐수유주차,8,0,0,0,1
"파워링크",플레이스링크,메인 MO,모바일,에이블짐수유주차장,1,0,0,0,1
"파워링크",플레이스링크,메인 MO,모바일,에이블짐수유피티,1,0,0,0,1
"파워링크",플레이스링크,메인 MO,모바일,에이블짐수유피티가격,1,0,0,0,1
"파워링크",플레이스링크,메인 MO,모바일,에이블짐수유후기,1,0,0,0,1
"파워링크",플레이스링크,메인 MO,모바일,에이블짐수유휴무,2,0,0,0,1
"파워링크",플레이스링크,메인 MO,모바일,에이블짐쌍문,1,0,0,0,1
"파워링크",플레이스링크,메인 MO,모바일,에이블짐어플,3,0,0,0,3.3
"파워링크",플레이스링크,메인 MO,모바일,에이블짐장안점,1,0,0,0,3
"파워링크",플레이스링크,메인 MO,모바일,에이블짐회원권,1,0,0,0,2
"파워링크",플레이스링크,메인 MO,모바일,에피소드수유838헬스장,1,0,0,0,1
"파워링크",플레이스링크,메인 MO,모바일,에피소드수유헬스,1,1,77,77,1
"파워링크",플레이스링크,메인 MO,모바일,에피소드수유헬스장,6,2,545,"1,089",1.3
"파워링크",플레이스링크,메인 MO,모바일,여자수유헬스,1,0,0,0,3
"파워링크",플레이스링크,메인 MO,모바일,운동피티가격수유역,2,0,0,0,2.5
"파워링크",플레이스링크,메인 MO,모바일,프리미엄그룹&PT수유점,1,0,0,0,1
"파워링크",플레이스링크,메인 MO,모바일,피트니스수유,3,0,0,0,1.3
"파워링크",플레이스링크,메인 MO,모바일,피트니스수유역,1,0,0,0,2
"파워링크",플레이스링크,메인 MO,모바일,헬스PT수유,2,0,0,0,1
"파워링크",플레이스링크,메인 MO,모바일,헬스미아역,2,0,0,0,3
"파워링크",플레이스링크,메인 MO,모바일,헬스수유,5,0,0,0,2
"파워링크",플레이스링크,메인 MO,모바일,헬스수유24시간,1,0,0,0,1
"파워링크",플레이스링크,메인 MO,모바일,헬스수유점,1,0,0,0,2
"파워링크",플레이스링크,메인 MO,모바일,헬스장수유,15,0,0,0,1.9
"파워링크",플레이스링크,메인 MO,모바일,헬스장수유가격,1,0,0,0,2
"파워링크",플레이스링크,메인 MO,모바일,헬스장수유역,3,0,0,0,1.7
"파워링크",플레이스링크,메인 MO,모바일,헬스장수유점,1,0,0,0,1
"파워링크",플레이스링크,메인 MO,모바일,화계역헬스PT,2,0,0,0,4
"파워링크",플레이스링크,메인 MO,모바일,화계역헬스장,4,0,0,0,2.5
"파워링크",플레이스링크,메인 MO,모바일,휘트니스수유,1,0,0,0,2
"파워링크",플레이스링크,메인 PC,PC,24시수유헬스장,1,0,0,0,2
"파워링크",플레이스링크,메인 PC,PC,6월수유역헬스장,1,0,0,0,2
"파워링크",플레이스링크,메인 PC,PC,가오리역PT,2,1,"1,133","1,133",1
"파워링크",플레이스링크,메인 PC,PC,가오리역운동,2,0,0,0,1
"파워링크",플레이스링크,메인 PC,PC,가오리역헬스,5,0,0,0,1
"파워링크",플레이스링크,메인 PC,PC,가오리역헬스장,12,0,0,0,1.8
"파워링크",플레이스링크,메인 PC,PC,강북PT,3,0,0,0,1.3
"파워링크",플레이스링크,메인 PC,PC,강북구PT,5,0,0,0,1
"파워링크",플레이스링크,메인 PC,PC,강북구그룹PT,1,0,0,0,1
"파워링크",플레이스링크,메인 PC,PC,강북구미아헬스장전화번호,1,0,0,0,1
"파워링크",플레이스링크,메인 PC,PC,강북구운동,4,0,0,0,1.5
"파워링크",플레이스링크,메인 PC,PC,강북구헬스,10,0,0,0,2
"파워링크",플레이스링크,메인 PC,PC,강북구헬스장,56,1,858,858,2.2
"파워링크",플레이스링크,메인 PC,PC,강북구헬스장PT,8,0,0,0,3
"파워링크",플레이스링크,메인 PC,PC,강북구헬스장가격,1,0,0,0,2
"파워링크",플레이스링크,메인 PC,PC,강북운동,2,0,0,0,3
"파워링크",플레이스링크,메인 PC,PC,강북헬스,1,0,0,0,2
"파워링크",플레이스링크,메인 PC,PC,강북헬스장,13,0,0,0,1
"파워링크",플레이스링크,메인 PC,PC,강북홈트운동,1,0,0,0,1
"파워링크",플레이스링크,메인 PC,PC,그룹PT강북구,1,0,0,0,1
"파워링크",플레이스링크,메인 PC,PC,그룹PT수유,1,0,0,0,1
"파워링크",플레이스링크,메인 PC,PC,미아역PT,64,0,0,0,2.8
"파워링크",플레이스링크,메인 PC,PC,미아역그룹피티,1,0,0,0,3
"파워링크",플레이스링크,메인 PC,PC,미아역운동,5,0,0,0,2.4
"파워링크",플레이스링크,메인 PC,PC,미아역피트니스,1,0,0,0,5
"파워링크",플레이스링크,메인 PC,PC,미아역피티,6,0,0,0,2.8
"파워링크",플레이스링크,메인 PC,PC,미아역헬스,27,0,0,0,1.3
"파워링크",플레이스링크,메인 PC,PC,미아역헬스장,277,0,0,0,3.6
"파워링크",플레이스링크,메인 PC,PC,미아역휘트니스,2,0,0,0,5
"파워링크",플레이스링크,메인 PC,PC,번동PT,8,0,0,0,1
"파워링크",플레이스링크,메인 PC,PC,번동헬스,1,0,0,0,3
"파워링크",플레이스링크,메인 PC,PC,번동헬스장,69,0,0,0,1.6
"파워링크",플레이스링크,메인 PC,PC,번동휘트니스,1,0,0,0,3
"파워링크",플레이스링크,메인 PC,PC,수유1일헬스장,1,0,0,0,1
"파워링크",플레이스링크,메인 PC,PC,수유24시헬스장,2,0,0,0,1
"파워링크",플레이스링크,메인 PC,PC,수유P.T,1,0,0,0,1
"파워링크",플레이스링크,메인 PC,PC,수유PT,246,3,"2,002","6,006",1
"파워링크",플레이스링크,메인 PC,PC,수유PT헬스장,1,0,0,0,2
"파워링크",플레이스링크,메인 PC,PC,수유개인PT,2,0,0,0,2
"파워링크",플레이스링크,메인 PC,PC,수유개인피티,1,0,0,0,3
"파워링크",플레이스링크,메인 PC,PC,수유그룹PT,5,0,0,0,1
"파워링크",플레이스링크,메인 PC,PC,수유동24시간헬스장,1,0,0,0,1
"파워링크",플레이스링크,메인 PC,PC,수유동PT,16,0,0,0,1.2
"파워링크",플레이스링크,메인 PC,PC,수유동개인피티,2,0,0,0,1
"파워링크",플레이스링크,메인 PC,PC,수유동에이블짐,3,0,0,0,1
"파워링크",플레이스링크,메인 PC,PC,수유동피트니스,1,0,0,0,1
"파워링크",플레이스링크,메인 PC,PC,수유동헬스,8,0,0,0,1.5
"파워링크",플레이스링크,메인 PC,PC,수유동헬스장,38,1,"1,111","1,111",1.1
"파워링크",플레이스링크,메인 PC,PC,수유동헬스장PT후기,1,0,0,0,1
"파워링크",플레이스링크,메인 PC,PC,수유동헬스피티,1,0,0,0,2
"파워링크",플레이스링크,메인 PC,PC,수유에이블짐,43,3,77,231,1
"파워링크",플레이스링크,메인 PC,PC,수유에이블짐가격,5,0,0,0,1
"파워링크",플레이스링크,메인 PC,PC,수유에이블짐주차장,1,0,0,0,1
"파워링크",플레이스링크,메인 PC,PC,수유에이블짐지도,1,0,0,0,1
"파워링크",플레이스링크,메인 PC,PC,수유에피소드헬스장,1,0,0,0,1
"파워링크",플레이스링크,메인 PC,PC,수유여성헬스,1,0,0,0,2
"파워링크",플레이스링크,메인 PC,PC,수유여성헬스장,1,0,0,0,3
"파워링크",플레이스링크,메인 PC,PC,수유여성휘트니스,1,0,0,0,3
"파워링크",플레이스링크,메인 PC,PC,수유역24시헬스장,1,0,0,0,1
"파워링크",플레이스링크,메인 PC,PC,수유역5번출구헬스장,1,0,0,0,3
"파워링크",플레이스링크,메인 PC,PC,수유역P.T,1,0,0,0,1
"파워링크",플레이스링크,메인 PC,PC,수유역PT,323,2,"3,746","7,491",1
"파워링크",플레이스링크,메인 PC,PC,수유역PT가격,1,0,0,0,5
"파워링크",플레이스링크,메인 PC,PC,수유역가성비헬스장,1,0,0,0,3
"파워링크",플레이스링크,메인 PC,PC,수유역개인PT,1,0,0,0,1
"파워링크",플레이스링크,메인 PC,PC,수유역그룹PT,5,0,0,0,1
"파워링크",플레이스링크,메인 PC,PC,수유역그룹피티,1,0,0,0,1
"파워링크",플레이스링크,메인 PC,PC,수유역근처헬스장,1,1,77,77,1
"파워링크",플레이스링크,메인 PC,PC,수유역에이블짐,5,0,0,0,1
"파워링크",플레이스링크,메인 PC,PC,수유역에이블짐가격,1,0,0,0,1
"파워링크",플레이스링크,메인 PC,PC,수유역여성헬스,1,0,0,0,3
"파워링크",플레이스링크,메인 PC,PC,수유역여성헬스장,3,0,0,0,3
"파워링크",플레이스링크,메인 PC,PC,수유역운동,17,0,0,0,1
"파워링크",플레이스링크,메인 PC,PC,수유역주차가능헬스장,1,0,0,0,2
"파워링크",플레이스링크,메인 PC,PC,수유역천국의계단헬스장,1,0,0,0,1
"파워링크",플레이스링크,메인 PC,PC,수유역피티,22,0,0,0,1.1
"파워링크",플레이스링크,메인 PC,PC,수유역필라테스헬스장,1,0,0,0,2
"파워링크",플레이스링크,메인 PC,PC,수유역헬스,89,1,"3,355","3,355",1
"파워링크",플레이스링크,메인 PC,PC,수유역헬스PT,1,0,0,0,1
"파워링크",플레이스링크,메인 PC,PC,수유역헬스\,1,0,0,0,3
"파워링크",플레이스링크,메인 PC,PC,수유역헬스용품,1,0,0,0,1
"파워링크",플레이스링크,메인 PC,PC,수유역헬스장,"1,207",12,"3,783","45,397",1
"파워링크",플레이스링크,메인 PC,PC,수유역헬스장',1,0,0,0,1
"파워링크",플레이스링크,메인 PC,PC,수유역헬스장PT,3,0,0,0,1
"파워링크",플레이스링크,메인 PC,PC,수유역헬스장일일권,6,0,0,0,1
"파워링크",플레이스링크,메인 PC,PC,수유역헬스장주차,1,0,0,0,1
"파워링크",플레이스링크,메인 PC,PC,수유역헬스장추천,3,0,0,0,4.7
"파워링크",플레이스링크,메인 PC,PC,수유운동,7,1,715,715,1.3
"파워링크",플레이스링크,메인 PC,PC,수유피트니스,1,0,0,0,1
"파워링크",플레이스링크,메인 PC,PC,수유피티,34,0,0,0,1.6
"파워링크",플레이스링크,메인 PC,PC,수유헬스,106,2,"2,717","5,434",1
"파워링크",플레이스링크,메인 PC,PC,수유헬스장,470,10,"5,569","55,693",1
"파워링크",플레이스링크,메인 PC,PC,수유헬스장1일이용,1,0,0,0,1
"파워링크",플레이스링크,메인 PC,PC,수유헬스장1일피티,1,0,0,0,1
"파워링크",플레이스링크,메인 PC,PC,수유헬스장24시,1,0,0,0,1
"파워링크",플레이스링크,메인 PC,PC,수유헬스장24시간,3,0,0,0,1
"파워링크",플레이스링크,메인 PC,PC,수유헬스장PT,7,0,0,0,1.3
"파워링크",플레이스링크,메인 PC,PC,수유헬스장일일권,7,0,0,0,1.6
"파워링크",플레이스링크,메인 PC,PC,수유헬스장주차,1,0,0,0,2
"파워링크",플레이스링크,메인 PC,PC,수유헬스장추천,3,0,0,0,5
"파워링크",플레이스링크,메인 PC,PC,수유헬스장회원권,1,0,0,0,3
"파워링크",플레이스링크,메인 PC,PC,수유휘트니스,1,0,0,0,1
"파워링크",플레이스링크,메인 PC,PC,쌍문역PT,24,0,0,0,2.5
"파워링크",플레이스링크,메인 PC,PC,쌍문역PT금액,1,0,0,0,3
"파워링크",플레이스링크,메인 PC,PC,쌍문역개인PT,1,0,0,0,3
"파워링크",플레이스링크,메인 PC,PC,쌍문역운동,4,1,"1,826","1,826",2
"파워링크",플레이스링크,메인 PC,PC,쌍문역피티,16,0,0,0,2.9
"파워링크",플레이스링크,메인 PC,PC,쌍문역헬스,31,0,0,0,2.3
"파워링크",플레이스링크,메인 PC,PC,쌍문역헬스장,102,3,"8,287","24,860",1.2
"파워링크",플레이스링크,메인 PC,PC,에이블짐9호점,1,0,0,0,3
"파워링크",플레이스링크,메인 PC,PC,에이블짐PT가격,1,0,0,0,9
"파워링크",플레이스링크,메인 PC,PC,에이블짐미아,2,0,0,0,1
"파워링크",플레이스링크,메인 PC,PC,에이블짐샤워,1,0,0,0,3
"파워링크",플레이스링크,메인 PC,PC,에이블짐수유,87,1,77,77,1
"파워링크",플레이스링크,메인 PC,PC,에이블짐수유1년,1,0,0,0,1
"파워링크",플레이스링크,메인 PC,PC,에이블짐수유가격,7,3,77,231,1
"파워링크",플레이스링크,메인 PC,PC,에이블짐수유머신,1,0,0,0,1
"파워링크",플레이스링크,메인 PC,PC,에이블짐수유블로그,1,0,0,0,1
"파워링크",플레이스링크,메인 PC,PC,에이블짐수유역,2,0,0,0,1
"파워링크",플레이스링크,메인 PC,PC,에이블짐수유역영어,1,0,0,0,1
"파워링크",플레이스링크,메인 PC,PC,에이블짐수유역점,1,0,0,0,1
"파워링크",플레이스링크,메인 PC,PC,에이블짐수유일일권가격,1,0,0,0,1
"파워링크",플레이스링크,메인 PC,PC,에이블짐수유점,10,0,0,0,1
"파워링크",플레이스링크,메인 PC,PC,에이블짐수유점블로그,1,0,0,0,1
"파워링크",플레이스링크,메인 PC,PC,에이블짐수유점주차,2,0,0,0,1
"파워링크",플레이스링크,메인 PC,PC,에이블짐수유주차,4,0,0,0,1
"파워링크",플레이스링크,메인 PC,PC,에이블짐수유헬스트레이너,1,0,0,0,1
"파워링크",플레이스링크,메인 PC,PC,에이블짐이벤트,2,0,0,0,4
"파워링크",플레이스링크,메인 PC,PC,에피소드수유헬스장,4,2,77,154,1
"파워링크",플레이스링크,메인 PC,PC,화계역헬스장,10,0,0,0,2.7
"파워링크",플레이스링크,서브 MO,모바일,미아.헬스장,1,0,0,0,3
"파워링크",플레이스링크,서브 MO,모바일,미아.휘트니스,1,0,0,0,2
"파워링크",플레이스링크,서브 MO,모바일,미아PT,19,0,0,0,2.5
"파워링크",플레이스링크,서브 MO,모바일,미아PT가격,1,0,0,0,2
"파워링크",플레이스링크,서브 MO,모바일,미아그룹피티,1,0,0,0,3
"파워링크",플레이스링크,서브 MO,모바일,미아동PT,316,0,0,0,2.5
"파워링크",플레이스링크,서브 MO,모바일,미아동그룹PT,1,0,0,0,1
"파워링크",플레이스링크,서브 MO,모바일,미아동헬스,28,0,0,0,2.3
"파워링크",플레이스링크,서브 MO,모바일,미아동헬스PT,289,0,0,0,2
"파워링크",플레이스링크,서브 MO,모바일,미아동헬스장,41,0,0,0,2.6
"파워링크",플레이스링크,서브 MO,모바일,미아사거리역PT,6,0,0,0,2.5
"파워링크",플레이스링크,서브 MO,모바일,미아사거리역그룹PT,1,0,0,0,1
"파워링크",플레이스링크,서브 MO,모바일,미아사거리역운동,1,0,0,0,4
"파워링크",플레이스링크,서브 MO,모바일,미아사거리역헬스,10,0,0,0,2.6
"파워링크",플레이스링크,서브 MO,모바일,미아사거리역헬스PT,1,0,0,0,2
"파워링크",플레이스링크,서브 MO,모바일,미아사거리역헬스장,86,0,0,0,3.4
"파워링크",플레이스링크,서브 MO,모바일,미아사거리역휘트니스,3,0,0,0,3.7
"파워링크",플레이스링크,서브 MO,모바일,미아에이블짐,1,0,0,0,1
"파워링크",플레이스링크,서브 MO,모바일,미아점휘트니스,2,0,0,0,2
"파워링크",플레이스링크,서브 MO,모바일,미아피트니스,2,0,0,0,1
"파워링크",플레이스링크,서브 MO,모바일,미아피티,6,1,77,77,2
"파워링크",플레이스링크,서브 MO,모바일,미아헬스,20,1,"3,267","3,267",2.2
"파워링크",플레이스링크,서브 MO,모바일,미아헬스장,127,1,"5,984","5,984",1.2
"파워링크",플레이스링크,서브 MO,모바일,미아휘트니스,6,0,0,0,1
"파워링크",플레이스링크,서브 MO,모바일,삼양역PT,2,0,0,0,3.5
"파워링크",플레이스링크,서브 MO,모바일,삼양역운동,1,0,0,0,2
"파워링크",플레이스링크,서브 MO,모바일,삼양역헬스,6,0,0,0,3.2
"파워링크",플레이스링크,서브 MO,모바일,서울에이블짐,5,0,0,0,3
"파워링크",플레이스링크,서브 MO,모바일,송천동PT,2,0,0,0,5.5
"파워링크",플레이스링크,서브 MO,모바일,송천동헬스,6,0,0,0,5.8
"파워링크",플레이스링크,서브 MO,모바일,송천동헬스장,10,0,0,0,5
"파워링크",플레이스링크,서브 MO,모바일,수유사거리24시헬스장,1,0,0,0,1
"파워링크",플레이스링크,서브 MO,모바일,수유사거리헬스,8,0,0,0,2
"파워링크",플레이스링크,서브 MO,모바일,수유사거리헬스장,4,0,0,0,1.3
"파워링크",플레이스링크,서브 MO,모바일,쌍문PT,177,0,0,0,1
"파워링크",플레이스링크,서브 MO,모바일,쌍문개인PT,1,0,0,0,3
"파워링크",플레이스링크,서브 MO,모바일,쌍문그룹PT,1,0,0,0,3
"파워링크",플레이스링크,서브 MO,모바일,쌍문그룹피티,1,0,0,0,1
"파워링크",플레이스링크,서브 MO,모바일,쌍문동PT,40,0,0,0,2.4
"파워링크",플레이스링크,서브 MO,모바일,쌍문동운동,1,0,0,0,2
"파워링크",플레이스링크,서브 MO,모바일,쌍문동피티,5,0,0,0,2.2
"파워링크",플레이스링크,서브 MO,모바일,쌍문동헬스,56,0,0,0,2.1
"파워링크",플레이스링크,서브 MO,모바일,쌍문동헬스PT,1,0,0,0,4
"파워링크",플레이스링크,서브 MO,모바일,쌍문동헬스장,227,1,"6,985","6,985",2.3
"파워링크",플레이스링크,서브 MO,모바일,쌍문동휘트니스,2,0,0,0,2
"파워링크",플레이스링크,서브 MO,모바일,쌍문피티,"1,019",0,0,0,1
"파워링크",플레이스링크,서브 MO,모바일,쌍문피티가격,1,0,0,0,3
"파워링크",플레이스링크,서브 MO,모바일,쌍문헬스,42,0,0,0,1
"파워링크",플레이스링크,서브 MO,모바일,쌍문헬스장,299,1,"5,313","5,313",1
"파워링크",플레이스링크,서브 MO,모바일,쌍문휘트니스,6,0,0,0,1
"파워링크",플레이스링크,서브 MO,모바일,에이블짐11주년,1,0,0,0,2
"파워링크",플레이스링크,서브 MO,모바일,에이블짐11주년가격,1,0,0,0,3
"파워링크",플레이스링크,서브 MO,모바일,에이블짐4개월,1,0,0,0,1
"파워링크",플레이스링크,서브 MO,모바일,에이블짐4주년이벤트,1,0,0,0,2
"파워링크",플레이스링크,서브 MO,모바일,에이블짐4호,1,0,0,0,3
"파워링크",플레이스링크,서브 MO,모바일,에이블짐노원점,1,0,0,0,3
"파워링크",플레이스링크,서브 MO,모바일,에이블짐도봉,1,0,0,0,1
"파워링크",플레이스링크,서브 MO,모바일,에이블짐돈암점,6,0,0,0,1.7
"파워링크",플레이스링크,서브 MO,모바일,에이블짐락커,1,0,0,0,3
"파워링크",플레이스링크,서브 MO,모바일,에이블짐서울,1,0,0,0,3
"파워링크",플레이스링크,서브 MO,모바일,에이블짐쉬는날,1,0,0,0,2
"파워링크",플레이스링크,서브 MO,모바일,에이블짐어플,17,0,0,0,2.9
"파워링크",플레이스링크,서브 MO,모바일,에이블짐인바디,2,0,0,0,1.5
"파워링크",플레이스링크,서브 MO,모바일,에이블짐창동,1,1,77,77,3
"파워링크",플레이스링크,서브 MO,모바일,에이블짐천호점,2,0,0,0,2.5
"파워링크",플레이스링크,서브 MO,모바일,에이블짐피티,1,0,0,0,1
"파워링크",플레이스링크,서브 MO,모바일,에이블짐할인,1,0,0,0,3
"파워링크",플레이스링크,서브 MO,모바일,에이블짐헬스,2,1,"1,408","1,408",2
"파워링크",플레이스링크,서브 MO,모바일,에이블짐헬스장,2,0,0,0,2.5
"파워링크",플레이스링크,서브 MO,모바일,월계동PT,2,0,0,0,2
"파워링크",플레이스링크,서브 MO,모바일,월계동PT가격,1,0,0,0,3
"파워링크",플레이스링크,서브 MO,모바일,인수동헬스,2,0,0,0,2.5
"파워링크",플레이스링크,서브 MO,모바일,인수동헬스장,1,0,0,0,2
"파워링크",플레이스링크,서브 MO,모바일,창동그룹PT,3,0,0,0,3
"파워링크",플레이스링크,서브 MO,모바일,창동그룹피티,1,0,0,0,4
"파워링크",플레이스링크,서브 MO,모바일,창동역운동,3,0,0,0,2
"파워링크",플레이스링크,서브 MO,모바일,창동역헬스장,3,0,0,0,7.3
"파워링크",플레이스링크,서브 MO,모바일,창동헬스장,4,0,0,0,13.5
"파워링크",플레이스링크,서브 MO,모바일,창동헬스피티,2,0,0,0,4
"파워링크",플레이스링크,서브 PC,PC,미아동PT,22,0,0,0,2.9
"파워링크",플레이스링크,서브 PC,PC,미아동그룹PT,1,0,0,0,1
"파워링크",플레이스링크,서브 PC,PC,미아동헬스,11,0,0,0,4.5
"파워링크",플레이스링크,서브 PC,PC,미아동헬스PT,1,0,0,0,2
"파워링크",플레이스링크,서브 PC,PC,미아동헬스장,54,1,176,176,5.5
"파워링크",플레이스링크,서브 PC,PC,미아사거리역PT,4,0,0,0,5
"파워링크",플레이스링크,서브 PC,PC,미아사거리역헬스,10,0,0,0,4.9
"파워링크",플레이스링크,서브 PC,PC,미아사거리역헬스장,37,1,198,198,3
"파워링크",플레이스링크,서브 PC,PC,미아운동,1,0,0,0,2
"파워링크",플레이스링크,서브 PC,PC,미아피티,3,0,0,0,3
"파워링크",플레이스링크,서브 PC,PC,미아헬스,31,0,0,0,3.8
"파워링크",플레이스링크,서브 PC,PC,미아헬스장,77,1,"9,064","9,064",1.6
"파워링크",플레이스링크,서브 PC,PC,삼양동피티,3,0,0,0,2
"파워링크",플레이스링크,서브 PC,PC,삼양동헬스장,94,0,0,0,6.9
"파워링크",플레이스링크,서브 PC,PC,삼양역헬스,4,0,0,0,2.8
"파워링크",플레이스링크,서브 PC,PC,삼양역헬스장,3,0,0,0,2.7
"파워링크",플레이스링크,서브 PC,PC,송중동헬스장,1,0,0,0,2
"파워링크",플레이스링크,서브 PC,PC,송천동피티,1,0,0,0,3
"파워링크",플레이스링크,서브 PC,PC,송천동헬스,91,0,0,0,6.4
"파워링크",플레이스링크,서브 PC,PC,송천동헬스장,65,0,0,0,7.8
"파워링크",플레이스링크,서브 PC,PC,수유사거리헬스,1,0,0,0,3
"파워링크",플레이스링크,서브 PC,PC,수유사거리헬스장,1,0,0,0,2
"파워링크",플레이스링크,서브 PC,PC,쌍문PT,113,0,0,0,3.2
"파워링크",플레이스링크,서브 PC,PC,쌍문동PT,21,1,110,110,2.6
"파워링크",플레이스링크,서브 PC,PC,쌍문동운동,1,0,0,0,4
"파워링크",플레이스링크,서브 PC,PC,쌍문동피트니스,1,0,0,0,3
"파워링크",플레이스링크,서브 PC,PC,쌍문동피티,7,0,0,0,6.6
"파워링크",플레이스링크,서브 PC,PC,쌍문동헬스,35,0,0,0,3.3
"파워링크",플레이스링크,서브 PC,PC,쌍문동헬스장,98,0,0,0,3.3
"파워링크",플레이스링크,서브 PC,PC,쌍문헬스장,116,2,473,946,3.4
"파워링크",플레이스링크,서브 PC,PC,에이블짐11주년,1,0,0,0,2
"파워링크",플레이스링크,서브 PC,PC,에이블짐1년권,1,0,0,0,2
"파워링크",플레이스링크,서브 PC,PC,에이블짐미아,2,0,0,0,1
"파워링크",플레이스링크,서브 PC,PC,에이블짐이벤트,2,0,0,0,7
"파워링크",플레이스링크,서브 PC,PC,에이블짐헬스장,1,0,0,0,9
"파워링크",플레이스링크,서브 PC,PC,월계동헬스장,5,0,0,0,10
"파워링크",플레이스링크,서브 PC,PC,창동그룹PT,1,0,0,0,3
"파워링크",플레이스링크,서브 PC,PC,창동역PT,3,0,0,0,8
"파워링크",플레이스링크,서브 PC,PC,창동역헬스,4,0,0,0,5.8
"파워링크",플레이스링크,서브 PC,PC,창동역헬스장,46,0,0,0,9
"파워링크",플레이스링크,서브 PC,PC,창동헬스,11,0,0,0,8.6
"파워링크",플레이스링크,서브 PC,PC,창동헬스장,62,0,0,0,8.4
"파워링크",플레이스링크,"바프,체형교정PC",PC,11주년에이블짐,1,0,0,0,3
"파워링크",플레이스링크,"바프,체형교정PC",PC,PT수유,1,0,0,0,2
"파워링크",플레이스링크,"바프,체형교정PC",PC,강북구에이블짐,1,0,0,0,1
"파워링크",플레이스링크,"바프,체형교정PC",PC,강북구에이블짐크기,1,0,0,0,1
"파워링크",플레이스링크,"바프,체형교정PC",PC,수유PT\,1,0,0,0,2
"파워링크",플레이스링크,"바프,체형교정PC",PC,수유동계단운동,1,0,0,0,1
"파워링크",플레이스링크,"바프,체형교정PC",PC,수유로5번출구,2,0,0,0,1
"파워링크",플레이스링크,"바프,체형교정PC",PC,수유에이블짐,60,2,77,154,1
"파워링크",플레이스링크,"바프,체형교정PC",PC,수유에이블짐샤워실,1,0,0,0,1
"파워링크",플레이스링크,"바프,체형교정PC",PC,수유에이블짐프리세일,1,1,77,77,1
"파워링크",플레이스링크,"바프,체형교정PC",PC,수유역5번출구,6,0,0,0,1
"파워링크",플레이스링크,"바프,체형교정PC",PC,수유역PT5만원,1,0,0,0,1
"파워링크",플레이스링크,"바프,체형교정PC",PC,수유역바디관리,1,0,0,0,1
"파워링크",플레이스링크,"바프,체형교정PC",PC,수유역에이블짐,10,2,77,154,1
"파워링크",플레이스링크,"바프,체형교정PC",PC,수유역인바디,1,0,0,0,1
"파워링크",플레이스링크,"바프,체형교정PC",PC,수유역자세교정,1,0,0,0,2
"파워링크",플레이스링크,"바프,체형교정PC",PC,수유역짐,1,0,0,0,1
"파워링크",플레이스링크,"바프,체형교정PC",PC,수유역천국의계단,1,0,0,0,1
"파워링크",플레이스링크,"바프,체형교정PC",PC,수유역체형교정,1,0,0,0,7
"파워링크",플레이스링크,"바프,체형교정PC",PC,수유역피티8주년,1,0,0,0,1
"파워링크",플레이스링크,"바프,체형교정PC",PC,수유점에이블짐,1,0,0,0,1
"파워링크",플레이스링크,"바프,체형교정PC",PC,쌍문바디프로필,1,0,0,0,4
"파워링크",플레이스링크,"바프,체형교정PC",PC,에이블수유,1,0,0,0,1
"파워링크",플레이스링크,"바프,체형교정PC",PC,에이블짐수유,163,2,77,154,1
"파워링크",플레이스링크,"바프,체형교정PC",PC,에이블짐수유역PT,2,0,0,0,1
"파워링크",플레이스링크,"바프,체형교정PC",PC,에이블짐수유영업시간,1,0,0,0,1
"파워링크",플레이스링크,"바프,체형교정PC",PC,에이블짐수유인스타그램,1,0,0,0,1
"파워링크",플레이스링크,"바프,체형교정PC",PC,에이블짐수유점,54,0,0,0,1.2
"파워링크",플레이스링크,"바프,체형교정PC",PC,에이블짐수유주차,1,0,0,0,1
"파워링크",플레이스링크,"바프,체형교정PC",PC,에이블짐쌍문,1,0,0,0,1
"파워링크",플레이스링크,"바프,체형교정PC",PC,에이블짐이벤트,1,0,0,0,5
"파워링크",플레이스링크,"바프,체형교정PC",PC,에이블짐파나타수유,1,0,0,0,1
"파워링크",플레이스링크,"바프,체형교정PC",모바일,24시헬스장수유역,1,0,0,0,2
"파워링크",플레이스링크,"바프,체형교정PC",모바일,PT강북구헬스장,1,0,0,0,2
"파워링크",플레이스링크,"바프,체형교정PC",모바일,강북구GYM헬스,1,0,0,0,1
"파워링크",플레이스링크,"바프,체형교정PC",모바일,강북구PT,2,0,0,0,3
"파워링크",플레이스링크,"바프,체형교정PC",모바일,강북구무료헬스,1,0,0,0,2
"파워링크",플레이스링크,"바프,체형교정PC",모바일,강북구무료헬스장,2,0,0,0,1.5
"파워링크",플레이스링크,"바프,체형교정PC",모바일,강북구바프,3,0,0,0,1
"파워링크",플레이스링크,"바프,체형교정PC",모바일,강북구수유동헬스장,2,0,0,0,2
"파워링크",플레이스링크,"바프,체형교정PC",모바일,강북구에이블짐,2,0,0,0,2
"파워링크",플레이스링크,"바프,체형교정PC",모바일,강북구운동,6,0,0,0,1.2
"파워링크",플레이스링크,"바프,체형교정PC",모바일,강북구운동센터,2,0,0,0,2
"파워링크",플레이스링크,"바프,체형교정PC",모바일,강북구일일헬스,1,0,0,0,1
"파워링크",플레이스링크,"바프,체형교정PC",모바일,강북구자세운동,1,0,0,0,1
"파워링크",플레이스링크,"바프,체형교정PC",모바일,강북구피트니스,1,0,0,0,4
"파워링크",플레이스링크,"바프,체형교정PC",모바일,강북구피티,1,0,0,0,3
"파워링크",플레이스링크,"바프,체형교정PC",모바일,강북구헬스,3,0,0,0,3
"파워링크",플레이스링크,"바프,체형교정PC",모바일,강북무료헬스장,1,0,0,0,2
"파워링크",플레이스링크,"바프,체형교정PC",모바일,강북바디프로필,3,0,0,0,3
"파워링크",플레이스링크,"바프,체형교정PC",모바일,강북수유315에피소드,1,0,0,0,1
"파워링크",플레이스링크,"바프,체형교정PC",모바일,강북수유역1번출구헬스장,2,0,0,0,1
"파워링크",플레이스링크,"바프,체형교정PC",모바일,강북수유역헬스장,1,0,0,0,3
"파워링크",플레이스링크,"바프,체형교정PC",모바일,강북에이블짐,2,0,0,0,1.5
"파워링크",플레이스링크,"바프,체형교정PC",모바일,강북헬스,5,0,0,0,2
"파워링크",플레이스링크,"바프,체형교정PC",모바일,강북헬스장,17,0,0,0,2.2
"파워링크",플레이스링크,"바프,체형교정PC",모바일,도봉구에이블짐,1,0,0,0,1
"파워링크",플레이스링크,"바프,체형교정PC",모바일,바디프로필수유역,7,0,0,0,1
"파워링크",플레이스링크,"바프,체형교정PC",모바일,번동헬스장PT,1,0,0,0,3
"파워링크",플레이스링크,"바프,체형교정PC",모바일,서울에이블짐수유,1,0,0,0,2
"파워링크",플레이스링크,"바프,체형교정PC",모바일,수유24시간헬스장,4,0,0,0,2.8
"파워링크",플레이스링크,"바프,체형교정PC",모바일,수유24시헬스장,27,0,0,0,2
"파워링크",플레이스링크,"바프,체형교정PC",모바일,수유3동헬스장,1,0,0,0,3
"파워링크",플레이스링크,"바프,체형교정PC",모바일,수유5번출구,4,0,0,0,1.5
"파워링크",플레이스링크,"바프,체형교정PC",모바일,수유PT5만원,1,0,0,0,2
"파워링크",플레이스링크,"바프,체형교정PC",모바일,수유PT가격,5,0,0,0,3.8
"파워링크",플레이스링크,"바프,체형교정PC",모바일,수유PT만족스러운시설창립11주년에이블짐후기,1,0,0,0,1
"파워링크",플레이스링크,"바프,체형교정PC",모바일,수유PT추천,1,0,0,0,3
"파워링크",플레이스링크,"바프,체형교정PC",모바일,수유공유플레이스,1,0,0,0,1
"파워링크",플레이스링크,"바프,체형교정PC",모바일,수유동24시간헬스장,1,0,0,0,3
"파워링크",플레이스링크,"바프,체형교정PC",모바일,수유동PT,1,0,0,0,3
"파워링크",플레이스링크,"바프,체형교정PC",모바일,수유동에이블짐,5,0,0,0,1.4
"파워링크",플레이스링크,"바프,체형교정PC",모바일,수유동여성헬스,1,0,0,0,3
"파워링크",플레이스링크,"바프,체형교정PC",모바일,수유동운동,2,0,0,0,2.5
"파워링크",플레이스링크,"바프,체형교정PC",모바일,수유동짐,2,0,0,0,2
"파워링크",플레이스링크,"바프,체형교정PC",모바일,수유바디프로필,3,0,0,0,2
"파워링크",플레이스링크,"바프,체형교정PC",모바일,수유바디헬스장,1,0,0,0,3
"파워링크",플레이스링크,"바프,체형교정PC",모바일,수유번동헬스장,2,0,0,0,2.5
"파워링크",플레이스링크,"바프,체형교정PC",모바일,수유에이블,9,0,0,0,1.7
"파워링크",플레이스링크,"바프,체형교정PC",모바일,수유에이블짐,598,9,804,"7,238",1.6
"파워링크",플레이스링크,"바프,체형교정PC",모바일,수유에이블짐.가격,1,0,0,0,2
"파워링크",플레이스링크,"바프,체형교정PC",모바일,수유에이블짐3개월,2,0,0,0,2
"파워링크",플레이스링크,"바프,체형교정PC",모바일,수유에이블짐3대50,1,0,0,0,2
"파워링크",플레이스링크,"바프,체형교정PC",모바일,수유에이블짐6개월,1,0,0,0,2
"파워링크",플레이스링크,"바프,체형교정PC",모바일,수유에이블짐PT,2,0,0,0,2
"파워링크",플레이스링크,"바프,체형교정PC",모바일,수유에이블짐가격,15,1,"1,045","1,045",1.7
"파워링크",플레이스링크,"바프,체형교정PC",모바일,수유에이블짐기구,2,0,0,0,1
"파워링크",플레이스링크,"바프,체형교정PC",모바일,수유에이블짐머신갯수,1,0,0,0,2
"파워링크",플레이스링크,"바프,체형교정PC",모바일,수유에이블짐샤워,1,0,0,0,1
"파워링크",플레이스링크,"바프,체형교정PC",모바일,수유에이블짐샤워실,2,0,0,0,1
"파워링크",플레이스링크,"바프,체형교정PC",모바일,수유에이블짐영업시간,1,0,0,0,2
"파워링크",플레이스링크,"바프,체형교정PC",모바일,수유에이블짐월2회,1,0,0,0,2
"파워링크",플레이스링크,"바프,체형교정PC",모바일,수유에이블짐이용권,2,0,0,0,2
"파워링크",플레이스링크,"바프,체형교정PC",모바일,수유에이블짐이용권판매,1,0,0,0,2
"파워링크",플레이스링크,"바프,체형교정PC",모바일,수유에이블짐일일,1,0,0,0,2
"파워링크",플레이스링크,"바프,체형교정PC",모바일,수유에이블짐재활,1,0,0,0,2
"파워링크",플레이스링크,"바프,체형교정PC",모바일,수유에이블짐주차,3,0,0,0,2
"파워링크",플레이스링크,"바프,체형교정PC",모바일,수유에이블짐주차장,1,0,0,0,1
"파워링크",플레이스링크,"바프,체형교정PC",모바일,수유에이블짐피오,1,0,0,0,1
"파워링크",플레이스링크,"바프,체형교정PC",모바일,수유에이블짐피티가격,1,0,0,0,2
"파워링크",플레이스링크,"바프,체형교정PC",모바일,수유에이블짐화장실,1,0,0,0,1
"파워링크",플레이스링크,"바프,체형교정PC",모바일,수유에이블짐회원권,1,0,0,0,2
"파워링크",플레이스링크,"바프,체형교정PC",모바일,수유에피소드,20,0,0,0,1
"파워링크",플레이스링크,"바프,체형교정PC",모바일,수유에피소드838,7,0,0,0,1
"파워링크",플레이스링크,"바프,체형교정PC",모바일,수유여성피티,2,0,0,0,2.5
"파워링크",플레이스링크,"바프,체형교정PC",모바일,수유여성헬스,7,0,0,0,2.6
"파워링크",플레이스링크,"바프,체형교정PC",모바일,수유여성헬스장,8,0,0,0,3.3
"파워링크",플레이스링크,"바프,체형교정PC",모바일,수유역1대1PT,1,0,0,0,3
"파워링크",플레이스링크,"바프,체형교정PC",모바일,수유역1인헬스장,1,0,0,0,2
"파워링크",플레이스링크,"바프,체형교정PC",모바일,수유역1일권헬스,1,0,0,0,2
"파워링크",플레이스링크,"바프,체형교정PC",모바일,수유역24시간헬스,3,0,0,0,2
"파워링크",플레이스링크,"바프,체형교정PC",모바일,수유역24시헬스,1,0,0,0,3
"파워링크",플레이스링크,"바프,체형교정PC",모바일,수유역24시헬스장,11,0,0,0,1.5
"파워링크",플레이스링크,"바프,체형교정PC",모바일,수유역30분PT,1,0,0,0,2
"파워링크",플레이스링크,"바프,체형교정PC",모바일,수유역5번출구,17,0,0,0,1
"파워링크",플레이스링크,"바프,체형교정PC",모바일,수유역5번출구헬스,1,0,0,0,2
"파워링크",플레이스링크,"바프,체형교정PC",모바일,수유역838,1,0,0,0,1
"파워링크",플레이스링크,"바프,체형교정PC",모바일,수유역PT11주년혜택까지완전대박,1,0,0,0,1
"파워링크",플레이스링크,"바프,체형교정PC",모바일,수유역PT가격,4,0,0,0,3
"파워링크",플레이스링크,"바프,체형교정PC",모바일,수유역PT추천,1,0,0,0,3
"파워링크",플레이스링크,"바프,체형교정PC",모바일,수유역가성비헬스장,1,0,0,0,2
"파워링크",플레이스링크,"바프,체형교정PC",모바일,수유역개인운동헬스장,1,0,0,0,3
"파워링크",플레이스링크,"바프,체형교정PC",모바일,수유역그룹PT,3,0,0,0,3
"파워링크",플레이스링크,"바프,체형교정PC",모바일,수유역근처짐,1,0,0,0,1
"파워링크",플레이스링크,"바프,체형교정PC",모바일,수유역근처피티센터,1,0,0,0,3
"파워링크",플레이스링크,"바프,체형교정PC",모바일,수유역근처헬스장,2,0,0,0,1.5
"파워링크",플레이스링크,"바프,체형교정PC",모바일,수유역기구필라테스,1,0,0,0,4
"파워링크",플레이스링크,"바프,체형교정PC",모바일,수유역락커,1,0,0,0,1
"파워링크",플레이스링크,"바프,체형교정PC",모바일,수유역러닝,3,0,0,0,1
"파워링크",플레이스링크,"바프,체형교정PC",모바일,수유역바디챌린지,1,0,0,0,1
"파워링크",플레이스링크,"바프,체형교정PC",모바일,수유역바디프로필,36,0,0,0,3
"파워링크",플레이스링크,"바프,체형교정PC",모바일,수유역번동헬스장,2,0,0,0,3
"파워링크",플레이스링크,"바프,체형교정PC",모바일,수유역에스컬레이터있는출구,1,0,0,0,1
"파워링크",플레이스링크,"바프,체형교정PC",모바일,수유역에이블,10,0,0,0,1.9
"파워링크",플레이스링크,"바프,체형교정PC",모바일,수유역에이블짐,51,0,0,0,1.7
"파워링크",플레이스링크,"바프,체형교정PC",모바일,수유역에이블짐3개월,1,0,0,0,2
"파워링크",플레이스링크,"바프,체형교정PC",모바일,수유역에이블짐3개월가격,1,0,0,0,2
"파워링크",플레이스링크,"바프,체형교정PC",모바일,수유역에이블짐PT,1,0,0,0,2
"파워링크",플레이스링크,"바프,체형교정PC",모바일,수유역에이블짐가격,1,0,0,0,2
"파워링크",플레이스링크,"바프,체형교정PC",모바일,수유역에이블짐주차장,1,0,0,0,2
"파워링크",플레이스링크,"바프,체형교정PC",모바일,수유역에이블짐피티양도,1,0,0,0,2
"파워링크",플레이스링크,"바프,체형교정PC",모바일,수유역에피소드헬스장,1,0,0,0,2
"파워링크",플레이스링크,"바프,체형교정PC",모바일,수유역여성헬스,3,0,0,0,2.3
"파워링크",플레이스링크,"바프,체형교정PC",모바일,수유역여성헬스장,7,0,0,0,3.1
"파워링크",플레이스링크,"바프,체형교정PC",모바일,수유역운동복,1,0,0,0,1
"파워링크",플레이스링크,"바프,체형교정PC",모바일,수유역운동용품,1,0,0,0,1
"파워링크",플레이스링크,"바프,체형교정PC",모바일,수유역인바디무료,1,0,0,0,1
"파워링크",플레이스링크,"바프,체형교정PC",모바일,수유역재활PT,1,0,0,0,2
"파워링크",플레이스링크,"바프,체형교정PC",모바일,수유역재활운동,1,0,0,0,2
"파워링크",플레이스링크,"바프,체형교정PC",모바일,수유역저렴한헬스장,1,0,0,0,1
"파워링크",플레이스링크,"바프,체형교정PC",모바일,수유역점,1,0,0,0,3
"파워링크",플레이스링크,"바프,체형교정PC",모바일,수유역지하에있던헬스장,1,0,0,0,2
"파워링크",플레이스링크,"바프,체형교정PC",모바일,수유역지하헬스장,1,0,0,0,1
"파워링크",플레이스링크,"바프,체형교정PC",모바일,수유역짐,6,0,0,0,2.8
"파워링크",플레이스링크,"바프,체형교정PC",모바일,수유역천국의계단,1,1,77,77,1
"파워링크",플레이스링크,"바프,체형교정PC",모바일,수유역체형교정,4,0,0,0,2.3
"파워링크",플레이스링크,"바프,체형교정PC",모바일,수유역피티2시,1,0,0,0,3
"파워링크",플레이스링크,"바프,체형교정PC",모바일,수유역피티가격,1,0,0,0,2
"파워링크",플레이스링크,"바프,체형교정PC",모바일,수유역피티센터,1,0,0,0,3
"파워링크",플레이스링크,"바프,체형교정PC",모바일,수유역피티없는헬스장,1,0,0,0,1
"파워링크",플레이스링크,"바프,체형교정PC",모바일,수유역필라테스4인수업,1,0,0,0,1
"파워링크",플레이스링크,"바프,체형교정PC",모바일,수유역필라테스PT,2,0,0,0,2
"파워링크",플레이스링크,"바프,체형교정PC",모바일,수유역필라테스가격,6,0,0,0,2
"파워링크",플레이스링크,"바프,체형교정PC",모바일,수유역헬스PT,13,0,0,0,3.7
"파워링크",플레이스링크,"바프,체형교정PC",모바일,수유역헬스장2,1,0,0,0,3
"파워링크",플레이스링크,"바프,체형교정PC",모바일,수유역헬스장24시,3,0,0,0,1.7
"파워링크",플레이스링크,"바프,체형교정PC",모바일,수유역헬스장24시간,1,0,0,0,3
"파워링크",플레이스링크,"바프,체형교정PC",모바일,수유역헬스장5만원,1,0,0,0,2
"파워링크",플레이스링크,"바프,체형교정PC",모바일,수유역헬스장PT,73,0,0,0,2.7
"파워링크",플레이스링크,"바프,체형교정PC",모바일,수유역헬스장가격,1,0,0,0,3
"파워링크",플레이스링크,"바프,체형교정PC",모바일,수유역헬스장개인운동,1,0,0,0,2
"파워링크",플레이스링크,"바프,체형교정PC",모바일,수유역헬스장샤워실,1,0,0,0,1
"파워링크",플레이스링크,"바프,체형교정PC",모바일,수유역헬스장창립11주년등록고민끝났어요!,1,0,0,0,1
"파워링크",플레이스링크,"바프,체형교정PC",모바일,수유역헬스장천국의계단,3,1,165,165,1
"파워링크",플레이스링크,"바프,체형교정PC",모바일,수유역헬스장추천,4,0,0,0,2.8
"파워링크",플레이스링크,"바프,체형교정PC",모바일,수유역헬스장필라테스,2,0,0,0,2.5
"파워링크",플레이스링크,"바프,체형교정PC",모바일,수유역헬스장혼자운동,1,0,0,0,1
"파워링크",플레이스링크,"바프,체형교정PC",모바일,수유역헬스회원권,1,1,132,132,1
"파워링크",플레이스링크,"바프,체형교정PC",모바일,수유운동PT,1,0,0,0,3
"파워링크",플레이스링크,"바프,체형교정PC",모바일,수유인바디,1,0,0,0,1
"파워링크",플레이스링크,"바프,체형교정PC",모바일,수유자세교정PT,1,1,77,77,2
"파워링크",플레이스링크,"바프,체형교정PC",모바일,수유재활PT,3,0,0,0,2
"파워링크",플레이스링크,"바프,체형교정PC",모바일,수유체형교정,3,0,0,0,3
"파워링크",플레이스링크,"바프,체형교정PC",모바일,수유프라이빗헬스장,1,0,0,0,1
"파워링크",플레이스링크,"바프,체형교정PC",모바일,수유피트니스,1,0,0,0,3
"파워링크",플레이스링크,"바프,체형교정PC",모바일,수유피티,5,0,0,0,4
"파워링크",플레이스링크,"바프,체형교정PC",모바일,수유필라테스헬스,2,0,0,0,3
"파워링크",플레이스링크,"바프,체형교정PC",모바일,수유필라테스헬스장,1,0,0,0,2
"파워링크",플레이스링크,"바프,체형교정PC",모바일,수유헬스PT,9,0,0,0,4
"파워링크",플레이스링크,"바프,체형교정PC",모바일,수유헬스장1일권,1,0,0,0,2
"파워링크",플레이스링크,"바프,체형교정PC",모바일,수유헬스장24,1,0,0,0,3
"파워링크",플레이스링크,"바프,체형교정PC",모바일,수유헬스장24시,4,0,0,0,2
"파워링크",플레이스링크,"바프,체형교정PC",모바일,수유헬스장24시간,3,0,0,0,2.7
"파워링크",플레이스링크,"바프,체형교정PC",모바일,수유헬스장PT,8,0,0,0,3.3
"파워링크",플레이스링크,"바프,체형교정PC",모바일,수유헬스장인바디,2,0,0,0,1.5
"파워링크",플레이스링크,"바프,체형교정PC",모바일,수유헬스장짐,1,0,0,0,3
"파워링크",플레이스링크,"바프,체형교정PC",모바일,수유헬스장천국의계단,1,0,0,0,1
"파워링크",플레이스링크,"바프,체형교정PC",모바일,수유헬스장체형,1,0,0,0,3
"파워링크",플레이스링크,"바프,체형교정PC",모바일,수유헬스장추천,2,0,0,0,4
"파워링크",플레이스링크,"바프,체형교정PC",모바일,수유헬스장회원권,1,0,0,0,2
"파워링크",플레이스링크,"바프,체형교정PC",모바일,수유휘트니스,3,0,0,0,4
"파워링크",플레이스링크,"바프,체형교정PC",모바일,쌍문바디프로필,1,0,0,0,5
"파워링크",플레이스링크,"바프,체형교정PC",모바일,쌍문역자세교정PT,1,0,0,0,2
"파워링크",플레이스링크,"바프,체형교정PC",모바일,에이블수유,12,0,0,0,1.6
"파워링크",플레이스링크,"바프,체형교정PC",모바일,에이블수유점,4,0,0,0,1.8
"파워링크",플레이스링크,"바프,체형교정PC",모바일,에이블짐.수유,12,1,990,990,1.7
"파워링크",플레이스링크,"바프,체형교정PC",모바일,에이블짐.수유점가격,1,1,99,99,1
"파워링크",플레이스링크,"바프,체형교정PC",모바일,에이블짐11주년,1,0,0,0,3
"파워링크",플레이스링크,"바프,체형교정PC",모바일,에이블짐11주년이벤트,1,0,0,0,2
"파워링크",플레이스링크,"바프,체형교정PC",모바일,에이블짐1일권가격,1,0,0,0,2
"파워링크",플레이스링크,"바프,체형교정PC",모바일,에이블짐강북구,1,0,0,0,2
"파워링크",플레이스링크,"바프,체형교정PC",모바일,에이블짐도봉,1,0,0,0,2
"파워링크",플레이스링크,"바프,체형교정PC",모바일,에이블짐미아,1,0,0,0,2
"파워링크",플레이스링크,"바프,체형교정PC",모바일,에이블짐수유,"1,174",0,0,0,1.7
"파워링크",플레이스링크,"바프,체형교정PC",모바일,에이블짐수유.,2,0,0,0,2
"파워링크",플레이스링크,"바프,체형교정PC",모바일,에이블짐수유1일,1,0,0,0,2
"파워링크",플레이스링크,"바프,체형교정PC",모바일,에이블짐수유6월이벤트,1,1,88,88,1
"파워링크",플레이스링크,"바프,체형교정PC",모바일,에이블짐수유PT,7,1,"1,023","1,023",1.7
"파워링크",플레이스링크,"바프,체형교정PC",모바일,에이블짐수유PT가격,2,0,0,0,2
"파워링크",플레이스링크,"바프,체형교정PC",모바일,에이블짐수유가격,29,2,127,253,2
"파워링크",플레이스링크,"바프,체형교정PC",모바일,에이블짐수유가입비,1,0,0,0,2
"파워링크",플레이스링크,"바프,체형교정PC",모바일,에이블짐수유머신,4,0,0,0,2
"파워링크",플레이스링크,"바프,체형교정PC",모바일,에이블짐수유새벽,1,0,0,0,2
"파워링크",플레이스링크,"바프,체형교정PC",모바일,에이블짐수유샤워실,2,0,0,0,1
"파워링크",플레이스링크,"바프,체형교정PC",모바일,에이블짐수유야간,1,0,0,0,2
"파워링크",플레이스링크,"바프,체형교정PC",모바일,에이블짐수유역,7,0,0,0,2
"파워링크",플레이스링크,"바프,체형교정PC",모바일,에이블짐수유역가격,1,0,0,0,2
"파워링크",플레이스링크,"바프,체형교정PC",모바일,에이블짐수유요금,1,0,0,0,2
"파워링크",플레이스링크,"바프,체형교정PC",모바일,에이블짐수유운영시간,1,0,0,0,1
"파워링크",플레이스링크,"바프,체형교정PC",모바일,에이블짐수유인바디,1,0,0,0,2
"파워링크",플레이스링크,"바프,체형교정PC",모바일,에이블짐수유일일가격,1,0,0,0,1
"파워링크",플레이스링크,"바프,체형교정PC",모바일,에이블짐수유전,1,1,"1,243","1,243",1
"파워링크",플레이스링크,"바프,체형교정PC",모바일,에이블짐수유점,69,0,0,0,1.9
"파워링크",플레이스링크,"바프,체형교정PC",모바일,에이블짐수유점.,1,0,0,0,2
"파워링크",플레이스링크,"바프,체형교정PC",모바일,에이블짐수유점1일권,1,0,0,0,2
"파워링크",플레이스링크,"바프,체형교정PC",모바일,에이블짐수유점1층,1,0,0,0,2
"파워링크",플레이스링크,"바프,체형교정PC",모바일,에이블짐수유점PT가격,1,0,0,0,2
"파워링크",플레이스링크,"바프,체형교정PC",모바일,에이블짐수유점가격,2,0,0,0,1.5
"파워링크",플레이스링크,"바프,체형교정PC",모바일,에이블짐수유점월가격,1,0,0,0,2
"파워링크",플레이스링크,"바프,체형교정PC",모바일,에이블짐수유점트레이너소개,1,0,0,0,1
"파워링크",플레이스링크,"바프,체형교정PC",모바일,에이블짐수유주차,9,0,0,0,2
"파워링크",플레이스링크,"바프,체형교정PC",모바일,에이블짐수유주차장,1,0,0,0,2
"파워링크",플레이스링크,"바프,체형교정PC",모바일,에이블짐수유직원,1,0,0,0,1
"파워링크",플레이스링크,"바프,체형교정PC",모바일,에이블짐수유토요일영업,1,0,0,0,2
"파워링크",플레이스링크,"바프,체형교정PC",모바일,에이블짐수유파나타,2,0,0,0,2
"파워링크",플레이스링크,"바프,체형교정PC",모바일,에이블짐수유피티,1,0,0,0,2
"파워링크",플레이스링크,"바프,체형교정PC",모바일,에이블짐수유피티가격,1,0,0,0,2
"파워링크",플레이스링크,"바프,체형교정PC",모바일,에이블짐수유후기,2,0,0,0,2
"파워링크",플레이스링크,"바프,체형교정PC",모바일,에이블짐수유휴무,3,0,0,0,2
"파워링크",플레이스링크,"바프,체형교정PC",모바일,에이블짐쉬는날,1,0,0,0,3
"파워링크",플레이스링크,"바프,체형교정PC",모바일,에이블짐이벤트,1,0,0,0,4
"파워링크",플레이스링크,"바프,체형교정PC",모바일,에이블짐할인,1,0,0,0,2
"파워링크",플레이스링크,"바프,체형교정PC",모바일,에피소드수유838헬스장,1,0,0,0,2
"파워링크",플레이스링크,"바프,체형교정PC",모바일,에피소드수유헬스장,2,0,0,0,2
"파워링크",플레이스링크,"바프,체형교정PC",모바일,운동수유역,1,0,0,0,3
"파워링크",플레이스링크,"바프,체형교정PC",모바일,운동피티가격수유역,1,0,0,0,3
"파워링크",플레이스링크,"바프,체형교정PC",모바일,체형교정PT강북,1,0,0,0,1
"파워링크",플레이스링크,"바프,체형교정PC",모바일,피트니스.수유,1,0,0,0,1
"파워링크",플레이스링크,"바프,체형교정PC",모바일,피트니스센터강북,1,0,0,0,2
"파워링크",플레이스링크,"바프,체형교정PC",모바일,피트니스수유,1,0,0,0,3
"파워링크",플레이스링크,"바프,체형교정PC",모바일,헬스PT수유,2,0,0,0,2
"파워링크",플레이스링크,"바프,체형교정PC",모바일,헬스수유,6,0,0,0,2
"파워링크",플레이스링크,"바프,체형교정PC",모바일,헬스장수유,11,1,"1,397","1,397",2.4
"파워링크",플레이스링크,"바프,체형교정PC",모바일,헬스장수유역,2,0,0,0,2.5
"파워링크",플레이스링크,"바프,체형교정PC",모바일,헬스장수유점,1,0,0,0,3
"파워링크",플레이스링크,"바프,체형교정PC",모바일,화계역체형교정피티,4,0,0,0,2.5
"파워링크",플레이스링크,"바프,체형교정MO",모바일,강북구바프,3,0,0,0,2
"파워링크",플레이스링크,"바프,체형교정MO",모바일,강북구자세운동,1,0,0,0,2
"파워링크",플레이스링크,"바프,체형교정MO",모바일,강북구체형교정,1,0,0,0,3
"파워링크",플레이스링크,"바프,체형교정MO",모바일,강북바디프로필,3,0,0,0,2
"파워링크",플레이스링크,"바프,체형교정MO",모바일,강북에이블짐,1,0,0,0,2
"파워링크",플레이스링크,"바프,체형교정MO",모바일,레디포짐수유점,40,0,0,0,1.9
"파워링크",플레이스링크,"바프,체형교정MO",모바일,레디포짐수유점],1,0,0,0,2
"파워링크",플레이스링크,"바프,체형교정MO",모바일,미아수유PT,1,0,0,0,3
"파워링크",플레이스링크,"바프,체형교정MO",모바일,바디프로필수유역,7,0,0,0,2
"파워링크",플레이스링크,"바프,체형교정MO",모바일,서울에이블짐수유,1,0,0,0,1
"파워링크",플레이스링크,"바프,체형교정MO",모바일,수유30분PT,1,0,0,0,1
"파워링크",플레이스링크,"바프,체형교정MO",모바일,수유5번출구,2,0,0,0,1.5
"파워링크",플레이스링크,"바프,체형교정MO",모바일,수유PT30분,1,0,0,0,1
"파워링크",플레이스링크,"바프,체형교정MO",모바일,수유동에이블짐,3,1,"1,067","1,067",1.7
"파워링크",플레이스링크,"바프,체형교정MO",모바일,수유동짐,1,0,0,0,1
"파워링크",플레이스링크,"바프,체형교정MO",모바일,수유바디프로필,3,0,0,0,1
"파워링크",플레이스링크,"바프,체형교정MO",모바일,수유에이블,10,0,0,0,1.3
"파워링크",플레이스링크,"바프,체형교정MO",모바일,수유에이블짐,392,3,"1,137","3,410",1.5
"파워링크",플레이스링크,"바프,체형교정MO",모바일,수유에이블짐3개월,1,0,0,0,1
"파워링크",플레이스링크,"바프,체형교정MO",모바일,수유에이블짐6개월,1,0,0,0,1
"파워링크",플레이스링크,"바프,체형교정MO",모바일,수유에이블짐PT,2,0,0,0,1
"파워링크",플레이스링크,"바프,체형교정MO",모바일,수유에이블짐머신갯수,1,0,0,0,1
"파워링크",플레이스링크,"바프,체형교정MO",모바일,수유에이블짐샤워실,1,0,0,0,1
"파워링크",플레이스링크,"바프,체형교정MO",모바일,수유에이블짐월2회,1,0,0,0,1
"파워링크",플레이스링크,"바프,체형교정MO",모바일,수유에이블짐주차,2,0,0,0,1
"파워링크",플레이스링크,"바프,체형교정MO",모바일,수유에이블짐회원권,1,0,0,0,1
"파워링크",플레이스링크,"바프,체형교정MO",모바일,수유여성피티,1,0,0,0,3
"파워링크",플레이스링크,"바프,체형교정MO",모바일,수유역1대1PT,1,0,0,0,2
"파워링크",플레이스링크,"바프,체형교정MO",모바일,수유역2번출구운동,1,0,0,0,2
"파워링크",플레이스링크,"바프,체형교정MO",모바일,수유역PT전화,1,0,0,0,3
"파워링크",플레이스링크,"바프,체형교정MO",모바일,수유역락커,2,0,0,0,2.5
"파워링크",플레이스링크,"바프,체형교정MO",모바일,수유역로아짐,3,0,0,0,1.7
"파워링크",플레이스링크,"바프,체형교정MO",모바일,수유역바디프로필,4,0,0,0,3
"파워링크",플레이스링크,"바프,체형교정MO",모바일,수유역에이블,7,0,0,0,1.1
"파워링크",플레이스링크,"바프,체형교정MO",모바일,수유역에이블짐,32,0,0,0,1.3
"파워링크",플레이스링크,"바프,체형교정MO",모바일,수유역에이블짐3개월,1,0,0,0,1
"파워링크",플레이스링크,"바프,체형교정MO",모바일,수유역운동거리,1,0,0,0,3
"파워링크",플레이스링크,"바프,체형교정MO",모바일,수유역운동복,1,0,0,0,2
"파워링크",플레이스링크,"바프,체형교정MO",모바일,수유역운동센터,1,0,0,0,3
"파워링크",플레이스링크,"바프,체형교정MO",모바일,수유역인바디,2,0,0,0,1
"파워링크",플레이스링크,"바프,체형교정MO",모바일,수유역짐,2,0,0,0,2
"파워링크",플레이스링크,"바프,체형교정MO",모바일,수유역체형교정,5,0,0,0,3
"파워링크",플레이스링크,"바프,체형교정MO",모바일,수유역체형교정센터,1,0,0,0,1
"파워링크",플레이스링크,"바프,체형교정MO",모바일,수유역피티2시,1,0,0,0,2
"파워링크",플레이스링크,"바프,체형교정MO",모바일,수유역피티센터,1,0,0,0,1
"파워링크",플레이스링크,"바프,체형교정MO",모바일,수유인바디,2,0,0,0,1.5
"파워링크",플레이스링크,"바프,체형교정MO",모바일,수유자세교정PT,1,0,0,0,1
"파워링크",플레이스링크,"바프,체형교정MO",모바일,수유체형교정,1,0,0,0,3
"파워링크",플레이스링크,"바프,체형교정MO",모바일,쌍문바디프로필,1,0,0,0,3
"파워링크",플레이스링크,"바프,체형교정MO",모바일,쌍문에이블짐,2,0,0,0,1
"파워링크",플레이스링크,"바프,체형교정MO",모바일,쌍문역바디프로필,1,0,0,0,3
"파워링크",플레이스링크,"바프,체형교정MO",모바일,쌍문역자세교정PT,1,0,0,0,3
"파워링크",플레이스링크,"바프,체형교정MO",모바일,에이블수유,8,0,0,0,1.6
"파워링크",플레이스링크,"바프,체형교정MO",모바일,에이블수유점,3,0,0,0,1.3
"파워링크",플레이스링크,"바프,체형교정MO",모바일,에이블짐.수유,9,0,0,0,1.4
"파워링크",플레이스링크,"바프,체형교정MO",모바일,에이블짐강북구,1,0,0,0,1
"파워링크",플레이스링크,"바프,체형교정MO",모바일,에이블짐수유,757,2,556,"1,111",1.3
"파워링크",플레이스링크,"바프,체형교정MO",모바일,에이블짐수유.,1,1,"1,089","1,089",1
"파워링크",플레이스링크,"바프,체형교정MO",모바일,에이블짐수유1일,1,0,0,0,1
"파워링크",플레이스링크,"바프,체형교정MO",모바일,에이블짐수유3대운동,1,0,0,0,1
"파워링크",플레이스링크,"바프,체형교정MO",모바일,에이블짐수유3만,1,0,0,0,1
"파워링크",플레이스링크,"바프,체형교정MO",모바일,에이블짐수유3만원,1,0,0,0,1
"파워링크",플레이스링크,"바프,체형교정MO",모바일,에이블짐수유6월,1,0,0,0,1
"파워링크",플레이스링크,"바프,체형교정MO",모바일,에이블짐수유6월이벤트,1,0,0,0,2
"파워링크",플레이스링크,"바프,체형교정MO",모바일,에이블짐수유PT,5,1,77,77,1.4
"파워링크",플레이스링크,"바프,체형교정MO",모바일,에이블짐수유벤치,1,0,0,0,1
"파워링크",플레이스링크,"바프,체형교정MO",모바일,에이블짐수유엘린,5,0,0,0,1
"파워링크",플레이스링크,"바프,체형교정MO",모바일,에이블짐수유역,5,0,0,0,1
"파워링크",플레이스링크,"바프,체형교정MO",모바일,에이블짐수유인바디,2,0,0,0,1
"파워링크",플레이스링크,"바프,체형교정MO",모바일,에이블짐수유자판기,1,0,0,0,1
"파워링크",플레이스링크,"바프,체형교정MO",모바일,에이블짐수유전,1,0,0,0,2
"파워링크",플레이스링크,"바프,체형교정MO",모바일,에이블짐수유점,42,0,0,0,1.8
"파워링크",플레이스링크,"바프,체형교정MO",모바일,에이블짐수유점1층,1,0,0,0,1
"파워링크",플레이스링크,"바프,체형교정MO",모바일,에이블짐수유점엘린,2,0,0,0,1
"파워링크",플레이스링크,"바프,체형교정MO",모바일,에이블짐수유주차,1,0,0,0,1
"파워링크",플레이스링크,"바프,체형교정MO",모바일,에이블짐수유체험3회,1,0,0,0,1
"파워링크",플레이스링크,"바프,체형교정MO",모바일,에이블짐수유토요일영업,1,0,0,0,1
"파워링크",플레이스링크,"바프,체형교정MO",모바일,에이블짐수유파나타,2,0,0,0,1
"파워링크",플레이스링크,"바프,체형교정MO",모바일,에이블짐수유헐크,1,0,0,0,1
"파워링크",플레이스링크,"바프,체형교정MO",모바일,에이블짐수유후기,2,0,0,0,1
"파워링크",플레이스링크,"바프,체형교정MO",모바일,에이블짐수유휴무,1,0,0,0,1
"파워링크",플레이스링크,"바프,체형교정MO",모바일,에이블짐어플,1,0,0,0,3
"파워링크",플레이스링크,"바프,체형교정MO",모바일,에이블짐장안점,2,0,0,0,3
"파워링크",플레이스링크,"바프,체형교정MO",모바일,체형교정PT강북,1,0,0,0,2
"파워링크",플레이스링크,지역반경 광역KW MO,모바일,HEALTH,9,0,0,0,3.7
"파워링크",플레이스링크,지역반경 광역KW MO,모바일,PT,180,2,"2,866","5,731",2.1
"파워링크",플레이스링크,지역반경 광역KW MO,모바일,PT가격,38,1,"2,035","2,035",2.8
"파워링크",플레이스링크,지역반경 광역KW MO,모바일,PT싼곳,1,0,0,0,3
"파워링크",플레이스링크,지역반경 광역KW MO,모바일,개인PT,16,0,0,0,1.8
"파워링크",플레이스링크,지역반경 광역KW MO,모바일,개인PT가격,1,0,0,0,3
"파워링크",플레이스링크,지역반경 광역KW MO,모바일,개인레슨,47,0,0,0,1.4
"파워링크",플레이스링크,지역반경 광역KW MO,모바일,개인피티,6,0,0,0,1.7
"파워링크",플레이스링크,지역반경 광역KW MO,모바일,개인피티가격,1,0,0,0,1
"파워링크",플레이스링크,지역반경 광역KW MO,모바일,그룹PT,37,0,0,0,1.6
"파워링크",플레이스링크,지역반경 광역KW MO,모바일,그룹피티,7,0,0,0,2
"파워링크",플레이스링크,지역반경 광역KW MO,모바일,기능성운동,5,0,0,0,2
"파워링크",플레이스링크,지역반경 광역KW MO,모바일,웨이트,66,0,0,0,1.1
"파워링크",플레이스링크,지역반경 광역KW MO,모바일,피트니스,35,0,0,0,3.5
"파워링크",플레이스링크,지역반경 광역KW MO,모바일,피트니스센터,1,0,0,0,3
"파워링크",플레이스링크,지역반경 광역KW MO,모바일,피티,196,0,0,0,1.9
"파워링크",플레이스링크,지역반경 광역KW MO,모바일,피티가격,7,0,0,0,3.3
"파워링크",플레이스링크,지역반경 광역KW MO,모바일,핼스장,12,0,0,0,3.8
"파워링크",플레이스링크,지역반경 광역KW MO,모바일,헬스,594,2,"1,370","2,739",2.1
"파워링크",플레이스링크,지역반경 광역KW MO,모바일,헬스PT,5,0,0,0,3.8
"파워링크",플레이스링크,지역반경 광역KW MO,모바일,헬스PT가격,6,0,0,0,2
"파워링크",플레이스링크,지역반경 광역KW MO,모바일,헬스가격,4,0,0,0,4
"파워링크",플레이스링크,지역반경 광역KW MO,모바일,헬스장,"1,351",6,"1,690","10,142",3.2
"파워링크",플레이스링크,지역반경 광역KW MO,모바일,헬스피티,1,0,0,0,4
"파워링크",플레이스링크,지역반경 광역KW MO,모바일,헬스피티가격,5,1,"2,244","2,244",2.6
"파워링크",플레이스링크,지역반경 광역KW MO,모바일,휘트니스,17,0,0,0,4
"파워링크",플레이스링크,지역반경 광역KW PC,PC,HEALTH,9,0,0,0,3.7
"파워링크",플레이스링크,지역반경 광역KW PC,PC,PT,40,0,0,0,3.2
"파워링크",플레이스링크,지역반경 광역KW PC,PC,PT가격,32,0,0,0,2.6
"파워링크",플레이스링크,지역반경 광역KW PC,PC,PT비용,1,0,0,0,5
"파워링크",플레이스링크,지역반경 광역KW PC,PC,개인PT,1,0,0,0,1
"파워링크",플레이스링크,지역반경 광역KW PC,PC,개인PT가격,1,0,0,0,2
"파워링크",플레이스링크,지역반경 광역KW PC,PC,개인레슨,8,0,0,0,1.8
"파워링크",플레이스링크,지역반경 광역KW PC,PC,개인피티,1,0,0,0,5
"파워링크",플레이스링크,지역반경 광역KW PC,PC,그룹PT,4,0,0,0,3
"파워링크",플레이스링크,지역반경 광역KW PC,PC,웨이트,14,0,0,0,1.8
"파워링크",플레이스링크,지역반경 광역KW PC,PC,피트니스,9,0,0,0,3.8
"파워링크",플레이스링크,지역반경 광역KW PC,PC,피티,89,1,"1,595","1,595",2
"파워링크",플레이스링크,지역반경 광역KW PC,PC,핼스장,1,0,0,0,4
"파워링크",플레이스링크,지역반경 광역KW PC,PC,헬스,226,0,0,0,2.1
"파워링크",플레이스링크,지역반경 광역KW PC,PC,헬스PT,5,0,0,0,3.6
"파워링크",플레이스링크,지역반경 광역KW PC,PC,헬스가격,1,0,0,0,1
"파워링크",플레이스링크,지역반경 광역KW PC,PC,헬스장,350,2,"1,826","3,652",2.7
"파워링크",플레이스링크,지역반경 광역KW PC,PC,휘트니스,12,0,0,0,3.7
"플레이스",플레이스광고,플레이스#1_광고그룹#1,PC,-,3,0,0,0,5.3
"플레이스",플레이스광고,플레이스#1_광고그룹#1,PC,PT,1,3,55,165,2
"플레이스",플레이스광고,플레이스#1_광고그룹#1,PC,가오리역헬스장,0,2,55,110,0
"플레이스",플레이스광고,플레이스#1_광고그룹#1,PC,강북구PT,4,0,0,0,8.3
"플레이스",플레이스광고,플레이스#1_광고그룹#1,PC,강북구헬스,6,1,55,55,11.5
"플레이스",플레이스광고,플레이스#1_광고그룹#1,PC,강북헬스장,3,0,0,0,10.3
"플레이스",플레이스광고,플레이스#1_광고그룹#1,PC,광산사거리헬스장,2,0,0,0,8
"플레이스",플레이스광고,플레이스#1_광고그룹#1,PC,근처헬스장,2,0,0,0,1.5
"플레이스",플레이스광고,플레이스#1_광고그룹#1,PC,미아역PT,6,0,0,0,6.5
"플레이스",플레이스광고,플레이스#1_광고그룹#1,PC,미아역피티,1,0,0,0,2
"플레이스",플레이스광고,플레이스#1_광고그룹#1,PC,미아역헬스,1,0,0,0,7
"플레이스",플레이스광고,플레이스#1_광고그룹#1,PC,미아역헬스장,16,2,55,110,6.2
"플레이스",플레이스광고,플레이스#1_광고그룹#1,PC,서울에이블짐,2,0,0,0,4
"플레이스",플레이스광고,플레이스#1_광고그룹#1,PC,수유동PT,20,0,0,0,1.9
"플레이스",플레이스광고,플레이스#1_광고그룹#1,PC,수유동헬스,1,1,55,55,2
"플레이스",플레이스광고,플레이스#1_광고그룹#1,PC,수유동헬스장,44,4,55,220,2.3
"플레이스",플레이스광고,플레이스#1_광고그룹#1,PC,수유시장헬스장,1,0,0,0,10
"플레이스",플레이스광고,플레이스#1_광고그룹#1,PC,수유역PT,15,1,55,55,6.3
"플레이스",플레이스광고,플레이스#1_광고그룹#1,PC,수유역피티,3,0,0,0,5.3
"플레이스",플레이스광고,플레이스#1_광고그룹#1,PC,수유역헬스,10,1,55,55,5.5
"플레이스",플레이스광고,플레이스#1_광고그룹#1,PC,수유역헬스장,129,16,55,880,5.2
"플레이스",플레이스광고,플레이스#1_광고그룹#1,PC,운동,1,0,0,0,4
"플레이스",플레이스광고,플레이스#1_광고그룹#1,PC,헬스,2,5,55,275,3
"플레이스",플레이스광고,플레이스#1_광고그룹#1,PC,헬스장,15,27,55,"1,485",5.9
"플레이스",플레이스광고,플레이스#1_광고그룹#1,PC,헬스클럽,2,1,55,55,5
"플레이스",플레이스광고,플레이스#1_광고그룹#1,PC,화계역헬스장,0,1,55,55,0
"플레이스",플레이스광고,플레이스#1_광고그룹#1,PC,휘트니스,2,1,55,55,3.5
"플레이스",플레이스광고,플레이스#1_광고그룹#1,모바일,-,13,0,0,0,2.8
"플레이스",플레이스광고,플레이스#1_광고그룹#1,모바일,PT,79,2,55,110,6.6
"플레이스",플레이스광고,플레이스#1_광고그룹#1,모바일,가까운헬스장,2,0,0,0,7
"플레이스",플레이스광고,플레이스#1_광고그룹#1,모바일,가오리역헬스,5,0,0,0,9.2
"플레이스",플레이스광고,플레이스#1_광고그룹#1,모바일,가오리역헬스장,68,1,55,55,7.5
"플레이스",플레이스광고,플레이스#1_광고그룹#1,모바일,강북구PT,6,0,0,0,10
"플레이스",플레이스광고,플레이스#1_광고그룹#1,모바일,강북구헬스장,30,1,55,55,9.1
"플레이스",플레이스광고,플레이스#1_광고그룹#1,모바일,강북스포츠센터,19,0,0,0,9.2
"플레이스",플레이스광고,플레이스#1_광고그룹#1,모바일,강북짐,21,0,0,0,4.6
"플레이스",플레이스광고,플레이스#1_광고그룹#1,모바일,강북헬스장,3,0,0,0,8
"플레이스",플레이스광고,플레이스#1_광고그룹#1,모바일,광산사거리헬스,7,0,0,0,8.1
"플레이스",플레이스광고,플레이스#1_광고그룹#1,모바일,광산사거리헬스장,33,0,0,0,8.7
"플레이스",플레이스광고,플레이스#1_광고그룹#1,모바일,근처운동,2,0,0,0,10
"플레이스",플레이스광고,플레이스#1_광고그룹#1,모바일,근처클럽,1,0,0,0,10
"플레이스",플레이스광고,플레이스#1_광고그룹#1,모바일,근처헬스,4,0,0,0,9.5
"플레이스",플레이스광고,플레이스#1_광고그룹#1,모바일,근처헬스장,331,11,55,605,7.6
"플레이스",플레이스광고,플레이스#1_광고그룹#1,모바일,길음역헬스장,2,0,0,0,6
"플레이스",플레이스광고,플레이스#1_광고그룹#1,모바일,내근처운동,1,0,0,0,9
"플레이스",플레이스광고,플레이스#1_광고그룹#1,모바일,내근처헬스,5,0,0,0,8
"플레이스",플레이스광고,플레이스#1_광고그룹#1,모바일,내근처헬스장,32,1,55,55,7.8
"플레이스",플레이스광고,플레이스#1_광고그룹#1,모바일,덕성여대헬스,2,0,0,0,8.5
"플레이스",플레이스광고,플레이스#1_광고그룹#1,모바일,덕성여대헬스장,10,0,0,0,7.2
"플레이스",플레이스광고,플레이스#1_광고그룹#1,모바일,미아역PT,12,0,0,0,8.1
"플레이스",플레이스광고,플레이스#1_광고그룹#1,모바일,미아역근처헬스장,7,1,55,55,6.6
"플레이스",플레이스광고,플레이스#1_광고그룹#1,모바일,미아역운동,2,0,0,0,9
"플레이스",플레이스광고,플레이스#1_광고그룹#1,모바일,미아역피티,7,0,0,0,4.7
"플레이스",플레이스광고,플레이스#1_광고그룹#1,모바일,미아역헬스,44,0,0,0,7.8
"플레이스",플레이스광고,플레이스#1_광고그룹#1,모바일,미아역헬스장,370,2,55,110,6.8
"플레이스",플레이스광고,플레이스#1_광고그룹#1,모바일,미아역휘트니스,7,0,0,0,6.1
"플레이스",플레이스광고,플레이스#1_광고그룹#1,모바일,서울에이블짐,29,1,55,55,4.1
"플레이스",플레이스광고,플레이스#1_광고그룹#1,모바일,선덕고헬스장,1,0,0,0,10
"플레이스",플레이스광고,플레이스#1_광고그룹#1,모바일,수유동PT,8,0,0,0,2.6
"플레이스",플레이스광고,플레이스#1_광고그룹#1,모바일,수유동헬스,12,0,0,0,2.5
"플레이스",플레이스광고,플레이스#1_광고그룹#1,모바일,수유동헬스장,"1,011",5,55,275,2.1
"플레이스",플레이스광고,플레이스#1_광고그룹#1,모바일,수유시장헬스,1,0,0,0,7
"플레이스",플레이스광고,플레이스#1_광고그룹#1,모바일,수유시장헬스장,14,0,0,0,8.1
"플레이스",플레이스광고,플레이스#1_광고그룹#1,모바일,수유역PT,130,2,55,110,6.1
"플레이스",플레이스광고,플레이스#1_광고그룹#1,모바일,수유역PT헬스장,2,0,0,0,6
"플레이스",플레이스광고,플레이스#1_광고그룹#1,모바일,수유역피트니스,9,1,55,55,8.1
"플레이스",플레이스광고,플레이스#1_광고그룹#1,모바일,수유역피티,16,1,55,55,3.6
"플레이스",플레이스광고,플레이스#1_광고그룹#1,모바일,수유역헬스,95,4,55,220,7.5
"플레이스",플레이스광고,플레이스#1_광고그룹#1,모바일,수유역헬스장,"1,531",43,55,"2,365",7.4
"플레이스",플레이스광고,플레이스#1_광고그룹#1,모바일,수유역헬스클럽,1,0,0,0,8
"플레이스",플레이스광고,플레이스#1_광고그룹#1,모바일,스포츠센터,17,0,0,0,7.8
"플레이스",플레이스광고,플레이스#1_광고그룹#1,모바일,신창시장헬스장,5,0,0,0,9.6
"플레이스",플레이스광고,플레이스#1_광고그룹#1,모바일,쌍문역헬스장,4,0,0,0,4
"플레이스",플레이스광고,플레이스#1_광고그룹#1,모바일,온피트니스,3,0,0,0,8.7
"플레이스",플레이스광고,플레이스#1_광고그룹#1,모바일,운동,38,1,55,55,6.6
"플레이스",플레이스광고,플레이스#1_광고그룹#1,모바일,운동센터,3,0,0,0,8
"플레이스",플레이스광고,플레이스#1_광고그룹#1,모바일,인수동헬스장,24,1,55,55,2.3
"플레이스",플레이스광고,플레이스#1_광고그룹#1,모바일,클럽,41,0,0,0,7.4
"플레이스",플레이스광고,플레이스#1_광고그룹#1,모바일,피트니스,27,2,55,110,8.1
"플레이스",플레이스광고,플레이스#1_광고그룹#1,모바일,피트니스센터,1,0,0,0,10
"플레이스",플레이스광고,플레이스#1_광고그룹#1,모바일,피티,34,0,0,0,5.7
"플레이스",플레이스광고,플레이스#1_광고그룹#1,모바일,헬스,502,9,55,495,7.7
"플레이스",플레이스광고,플레이스#1_광고그룹#1,모바일,헬스장,"2,255",91,55,"5,005",7.7
"플레이스",플레이스광고,플레이스#1_광고그룹#1,모바일,헬스장미아역,1,0,0,0,7
"플레이스",플레이스광고,플레이스#1_광고그룹#1,모바일,헬스클럽,25,0,0,0,7.9
"플레이스",플레이스광고,플레이스#1_광고그룹#1,모바일,헬쓰,2,0,0,0,8
"플레이스",플레이스광고,플레이스#1_광고그룹#1,모바일,화계역헬스장,17,1,55,55,8.8
"플레이스",플레이스광고,플레이스#1_광고그룹#1,모바일,휘트니스,19,1,55,55,6.3
