"플레이스보고서(2025.06.01.~2025.06.30.),doldoljun:naver"
"캠페인유형",캠페인,광고그룹,PC/모바일 매체,검색어,노출수,클릭수,"평균클릭비용(VAT포함,원)","총비용(VAT포함,원)",평균노출순위
"파워링크",사당역 맛집 정담은,사당역 맛집,PC,단체모임메뉴,1,0,0,0,1
"파워링크",사당역 맛집 정담은,사당역 맛집,PC,단체모임사당역맛집,1,0,0,0,1
"파워링크",사당역 맛집 정담은,사당역 맛집,PC,단체모임회식예약,1,0,0,0,1
"파워링크",사당역 맛집 정담은,사당역 맛집,PC,맛집사당역,1,0,0,0,1
"파워링크",사당역 맛집 정담은,사당역 맛집,PC,모임사당역,1,0,0,0,1
"파워링크",사당역 맛집 정담은,사당역 맛집,PC,모임사당점,2,0,0,0,1
"파워링크",사당역 맛집 정담은,사당역 맛집,PC,사당MOIM,1,0,0,0,1
"파워링크",사당역 맛집 정담은,사당역 맛집,PC,사당근처맛집,10,0,0,0,2.5
"파워링크",사당역 맛집 정담은,사당역 맛집,PC,사당깔끔한회식맛집,4,0,0,0,3
"파워링크",사당역 맛집 정담은,사당역 맛집,PC,사당단체룸회식,2,1,88,88,1
"파워링크",사당역 맛집 정담은,사당역 맛집,PC,사당단체모임,13,0,0,0,1.9
"파워링크",사당역 맛집 정담은,사당역 맛집,PC,사당단체회식,27,0,0,0,2.1
"파워링크",사당역 맛집 정담은,사당역 맛집,PC,사당단체회식룸,1,0,0,0,1
"파워링크",사당역 맛집 정담은,사당역 맛집,PC,사당동맛집주차,2,0,0,0,1
"파워링크",사당역 맛집 정담은,사당역 맛집,PC,사당동모임장소,1,0,0,0,3
"파워링크",사당역 맛집 정담은,사당역 맛집,PC,사당동회식맛집,2,0,0,0,3
"파워링크",사당역 맛집 정담은,사당역 맛집,PC,사당룸맛집,1,0,0,0,1
"파워링크",사당역 맛집 정담은,사당역 맛집,PC,사당룸모임,1,0,0,0,2
"파워링크",사당역 맛집 정담은,사당역 맛집,PC,사당룸회식,10,1,374,374,1
"파워링크",사당역 맛집 정담은,사당역 맛집,PC,사당맛집,"11,487",27,561,"15,158",4.8
"파워링크",사당역 맛집 정담은,사당역 맛집,PC,사당맛집가성비,1,0,0,0,1
"파워링크",사당역 맛집 정담은,사당역 맛집,PC,사당맛집룸,2,0,0,0,1
"파워링크",사당역 맛집 정담은,사당역 맛집,PC,사당맛집맛집,1,0,0,0,2
"파워링크",사당역 맛집 정담은,사당역 맛집,PC,사당맛집모임,2,0,0,0,1.5
"파워링크",사당역 맛집 정담은,사당역 맛집,PC,사당맛집예약,2,0,0,0,2
"파워링크",사당역 맛집 정담은,사당역 맛집,PC,사당맛집한식,1,0,0,0,2
"파워링크",사당역 맛집 정담은,사당역 맛집,PC,사당맛집회식,1,0,0,0,1
"파워링크",사당역 맛집 정담은,사당역 맛집,PC,사당메뉴추천,1,0,0,0,1
"파워링크",사당역 맛집 정담은,사당역 맛집,PC,사당모임,102,3,605,"1,815",2
"파워링크",사당역 맛집 정담은,사당역 맛집,PC,사당모임맛집,2,0,0,0,2
"파워링크",사당역 맛집 정담은,사당역 맛집,PC,사당비싼회식메뉴,1,0,0,0,1
"파워링크",사당역 맛집 정담은,사당역 맛집,PC,사당숨은진짜맛집회식장소,1,0,0,0,1
"파워링크",사당역 맛집 정담은,사당역 맛집,PC,사당식당,55,0,0,0,2.3
"파워링크",사당역 맛집 정담은,사당역 맛집,PC,사당식당-고기,1,0,0,0,1
"파워링크",사당역 맛집 정담은,사당역 맛집,PC,사당역\,2,0,0,0,2
"파워링크",사당역 맛집 정담은,사당역 맛집,PC,사당역],1,0,0,0,2
"파워링크",사당역 맛집 정담은,사당역 맛집,PC,사당역가기,1,0,0,0,1
"파워링크",사당역 맛집 정담은,사당역 맛집,PC,사당역거리,1,0,0,0,1
"파워링크",사당역 맛집 정담은,사당역 맛집,PC,사당역고기집룸,1,0,0,0,1
"파워링크",사당역 맛집 정담은,사당역 맛집,PC,사당역근처회식,1,0,0,0,3
"파워링크",사당역 맛집 정담은,사당역 맛집,PC,사당역깔끔한식당,1,0,0,0,1
"파워링크",사당역 맛집 정담은,사당역 맛집,PC,사당역단체,15,1,495,495,1.5
"파워링크",사당역 맛집 정담은,사당역 맛집,PC,사당역단체룸,3,0,0,0,1.3
"파워링크",사당역 맛집 정담은,사당역 맛집,PC,사당역단체룸회식,2,0,0,0,1
"파워링크",사당역 맛집 정담은,사당역 맛집,PC,사당역단체맛집,4,0,0,0,3
"파워링크",사당역 맛집 정담은,사당역 맛집,PC,사당역단체모임,91,0,0,0,2.3
"파워링크",사당역 맛집 정담은,사당역 맛집,PC,사당역단체모임정담은,1,0,0,0,1
"파워링크",사당역 맛집 정담은,사당역 맛집,PC,사당역단체술집,14,0,0,0,2.3
"파워링크",사당역 맛집 정담은,사당역 맛집,PC,사당역단체식당,7,1,99,99,1.9
"파워링크",사당역 맛집 정담은,사당역 맛집,PC,사당역단체회식,113,4,608,"2,431",1.7
"파워링크",사당역 맛집 정담은,사당역 맛집,PC,사당역단체회식룸,2,1,66,66,1
"파워링크",사당역 맛집 정담은,사당역 맛집,PC,사당역룸,26,0,0,0,2.2
"파워링크",사당역 맛집 정담은,사당역 맛집,PC,사당역룸맛집,6,0,0,0,1
"파워링크",사당역 맛집 정담은,사당역 맛집,PC,사당역룸모임,2,0,0,0,2
"파워링크",사당역 맛집 정담은,사당역 맛집,PC,사당역룸모임장소조용하고맛있는,1,0,0,0,1
"파워링크",사당역 맛집 정담은,사당역 맛집,PC,사당역룸이있는한정식,1,0,0,0,1
"파워링크",사당역 맛집 정담은,사당역 맛집,PC,사당역룸있는모임장소,1,0,0,0,3
"파워링크",사당역 맛집 정담은,사당역 맛집,PC,사당역룸있는회식,1,0,0,0,2
"파워링크",사당역 맛집 정담은,사당역 맛집,PC,사당역룸있는회식장소,1,0,0,0,1
"파워링크",사당역 맛집 정담은,사당역 맛집,PC,사당역룸회식,7,0,0,0,1.3
"파워링크",사당역 맛집 정담은,사당역 맛집,PC,사당역만남장소,1,0,0,0,1
"파워링크",사당역 맛집 정담은,사당역 맛집,PC,사당역맛맛,1,0,0,0,1
"파워링크",사당역 맛집 정담은,사당역 맛집,PC,사당역맛집,"15,803",135,588,"79,442",5.1
"파워링크",사당역 맛집 정담은,사당역 맛집,PC,사당역맛집!,12,0,0,0,1.9
"파워링크",사당역 맛집 정담은,사당역 맛집,PC,사당역맛집.,1,0,0,0,1
"파워링크",사당역 맛집 정담은,사당역 맛집,PC,사당역맛집/해물,1,0,0,0,1
"파워링크",사당역 맛집 정담은,사당역 맛집,PC,사당역맛집\,2,0,0,0,1.5
"파워링크",사당역 맛집 정담은,사당역 맛집,PC,사당역맛집룸,4,0,0,0,1.5
"파워링크",사당역 맛집 정담은,사당역 맛집,PC,사당역맛집리스트,2,0,0,0,1
"파워링크",사당역 맛집 정담은,사당역 맛집,PC,사당역맛집모임,1,0,0,0,1
"파워링크",사당역 맛집 정담은,사당역 맛집,PC,사당역맛집예약,3,0,0,0,1.3
"파워링크",사당역 맛집 정담은,사당역 맛집,PC,사당역맛집예약\,1,0,0,0,3
"파워링크",사당역 맛집 정담은,사당역 맛집,PC,사당역맛집저녁,2,0,0,0,1.5
"파워링크",사당역 맛집 정담은,사당역 맛집,PC,사당역맛집정담은,1,0,0,0,1
"파워링크",사당역 맛집 정담은,사당역 맛집,PC,사당역맛집주차,1,0,0,0,1
"파워링크",사당역 맛집 정담은,사당역 맛집,PC,사당역맛집찜,1,0,0,0,1
"파워링크",사당역 맛집 정담은,사당역 맛집,PC,사당역맛집한식,1,0,0,0,3
"파워링크",사당역 맛집 정담은,사당역 맛집,PC,사당역맛집한정식,1,0,0,0,1
"파워링크",사당역 맛집 정담은,사당역 맛집,PC,사당역먹을곳,1,0,0,0,1
"파워링크",사당역 맛집 정담은,사당역 맛집,PC,사당역모임공간,1,0,0,0,2
"파워링크",사당역 맛집 정담은,사당역 맛집,PC,사당역모임룸,1,0,0,0,3
"파워링크",사당역 맛집 정담은,사당역 맛집,PC,사당역모임식당,6,2,314,627,1
"파워링크",사당역 맛집 정담은,사당역 맛집,PC,사당역모임예약,1,0,0,0,1
"파워링크",사당역 맛집 정담은,사당역 맛집,PC,사당역모임장소,106,3,649,"1,947",4.5
"파워링크",사당역 맛집 정담은,사당역 맛집,PC,사당역모임장소맛집,6,0,0,0,1.7
"파워링크",사당역 맛집 정담은,사당역 맛집,PC,사당역모임장소정담은,1,0,0,0,1
"파워링크",사당역 맛집 정담은,사당역 맛집,PC,사당역모임하기좋은곳,1,1,418,418,2
"파워링크",사당역 맛집 정담은,사당역 맛집,PC,사당역보쌈정담은,1,0,0,0,1
"파워링크",사당역 맛집 정담은,사당역 맛집,PC,사당역비싼회식장소,1,0,0,0,1
"파워링크",사당역 맛집 정담은,사당역 맛집,PC,사당역식당,99,0,0,0,1.6
"파워링크",사당역 맛집 정담은,사당역 맛집,PC,사당역식당룸,2,0,0,0,1
"파워링크",사당역 맛집 정담은,사당역 맛집,PC,사당역음식,5,0,0,0,1.4
"파워링크",사당역 맛집 정담은,사당역 맛집,PC,사당역음식점,45,0,0,0,1.4
"파워링크",사당역 맛집 정담은,사당역 맛집,PC,사당역음식집,1,0,0,0,3
"파워링크",사당역 맛집 정담은,사당역 맛집,PC,사당역전골,13,0,0,0,1.2
"파워링크",사당역 맛집 정담은,사당역 맛집,PC,사당역점심정갈한,1,0,0,0,1
"파워링크",사당역 맛집 정담은,사당역 맛집,PC,사당역정갈한식당,1,0,0,0,1
"파워링크",사당역 맛집 정담은,사당역 맛집,PC,사당역정담은,68,2,83,165,1
"파워링크",사당역 맛집 정담은,사당역 맛집,PC,사당역정담은단체,1,1,77,77,1
"파워링크",사당역 맛집 정담은,사당역 맛집,PC,사당역정담은룸,1,0,0,0,1
"파워링크",사당역 맛집 정담은,사당역 맛집,PC,사당역정담은소주,1,0,0,0,1
"파워링크",사당역 맛집 정담은,사당역 맛집,PC,사당역정담은한정식,5,0,0,0,1
"파워링크",사당역 맛집 정담은,사당역 맛집,PC,사당역정식집,1,0,0,0,1
"파워링크",사당역 맛집 정담은,사당역 맛집,PC,사당역조용한모임,1,0,0,0,1
"파워링크",사당역 맛집 정담은,사당역 맛집,PC,사당역조용한모임장소,3,0,0,0,1.7
"파워링크",사당역 맛집 정담은,사당역 맛집,PC,사당역조용한회식,5,0,0,0,1
"파워링크",사당역 맛집 정담은,사당역 맛집,PC,사당역조용한회식단체,1,0,0,0,1
"파워링크",사당역 맛집 정담은,사당역 맛집,PC,사당역주차되는회식,1,0,0,0,1
"파워링크",사당역 맛집 정담은,사당역 맛집,PC,사당역주차편한회식,1,1,77,77,1
"파워링크",사당역 맛집 정담은,사당역 맛집,PC,사당역큰사당,1,0,0,0,1
"파워링크",사당역 맛집 정담은,사당역 맛집,PC,사당역한상차림,2,0,0,0,1
"파워링크",사당역 맛집 정담은,사당역 맛집,PC,사당역한식,85,3,403,"1,210",2
"파워링크",사당역 맛집 정담은,사당역 맛집,PC,사당역한식당,1,0,0,0,2
"파워링크",사당역 맛집 정담은,사당역 맛집,PC,사당역한식맛집,23,1,451,451,2.2
"파워링크",사당역 맛집 정담은,사당역 맛집,PC,사당역한식정담은,1,0,0,0,1
"파워링크",사당역 맛집 정담은,사당역 맛집,PC,사당역한식주점한,1,0,0,0,1
"파워링크",사당역 맛집 정담은,사당역 맛집,PC,사당역한정식,53,0,0,0,2
"파워링크",사당역 맛집 정담은,사당역 맛집,PC,사당역한정식맛집,4,2,105,209,2
"파워링크",사당역 맛집 정담은,사당역 맛집,PC,사당역한정식정담은,6,0,0,0,1
"파워링크",사당역 맛집 정담은,사당역 맛집,PC,사당역회식(룸),1,0,0,0,2
"파워링크",사당역 맛집 정담은,사당역 맛집,PC,사당역회식룸,17,2,226,451,1
"파워링크",사당역 맛집 정담은,사당역 맛집,PC,사당역회식룸이있는곳,1,0,0,0,2
"파워링크",사당역 맛집 정담은,사당역 맛집,PC,사당역회식맛집,9,2,446,891,1.6
"파워링크",사당역 맛집 정담은,사당역 맛집,PC,사당역회식메뉴,2,0,0,0,1.5
"파워링크",사당역 맛집 정담은,사당역 맛집,PC,사당역회식모임장소,1,0,0,0,2
"파워링크",사당역 맛집 정담은,사당역 맛집,PC,사당역회식장소,388,4,583,"2,332",3
"파워링크",사당역 맛집 정담은,사당역 맛집,PC,사당역회식장소가성비좋은,1,0,0,0,2
"파워링크",사당역 맛집 정담은,사당역 맛집,PC,사당역회식장소룸,1,0,0,0,1
"파워링크",사당역 맛집 정담은,사당역 맛집,PC,사당역회식장소추천,6,0,0,0,5.7
"파워링크",사당역 맛집 정담은,사당역 맛집,PC,사당역회식추천,3,0,0,0,3
"파워링크",사당역 맛집 정담은,사당역 맛집,PC,사당음식,2,0,0,0,1
"파워링크",사당역 맛집 정담은,사당역 맛집,PC,사당음식점,41,0,0,0,1.6
"파워링크",사당역 맛집 정담은,사당역 맛집,PC,사당정담은,4,0,0,0,1
"파워링크",사당역 맛집 정담은,사당역 맛집,PC,사당정담은2층,1,0,0,0,1
"파워링크",사당역 맛집 정담은,사당역 맛집,PC,사당정담은룸,1,0,0,0,1
"파워링크",사당역 맛집 정담은,사당역 맛집,PC,사당정담은한식,1,0,0,0,1
"파워링크",사당역 맛집 정담은,사당역 맛집,PC,사당정담은한정식,2,0,0,0,1
"파워링크",사당역 맛집 정담은,사당역 맛집,PC,사당조용한회식장소,1,0,0,0,1
"파워링크",사당역 맛집 정담은,사당역 맛집,PC,사당집맛집,1,0,0,0,2
"파워링크",사당역 맛집 정담은,사당역 맛집,PC,사당푸짐한맛집,1,0,0,0,1
"파워링크",사당역 맛집 정담은,사당역 맛집,PC,사당한식,23,0,0,0,1.4
"파워링크",사당역 맛집 정담은,사당역 맛집,PC,사당한식당,1,0,0,0,1
"파워링크",사당역 맛집 정담은,사당역 맛집,PC,사당한식맛집,15,1,330,330,1.7
"파워링크",사당역 맛집 정담은,사당역 맛집,PC,사당한식집,1,0,0,0,1
"파워링크",사당역 맛집 정담은,사당역 맛집,PC,사당회식룸,9,0,0,0,1
"파워링크",사당역 맛집 정담은,사당역 맛집,PC,사당회식룸-참치,1,0,0,0,1
"파워링크",사당역 맛집 정담은,사당역 맛집,PC,사당회식맛집,4,0,0,0,3.3
"파워링크",사당역 맛집 정담은,사당역 맛집,PC,사당회식보쌈,1,0,0,0,1
"파워링크",사당역 맛집 정담은,사당역 맛집,PC,사당회식장소룸,3,0,0,0,1
"파워링크",사당역 맛집 정담은,사당역 맛집,PC,사당회식장소정담은,1,0,0,0,1
"파워링크",사당역 맛집 정담은,사당역 맛집,PC,사당회식장소추천,5,0,0,0,2.2
"파워링크",사당역 맛집 정담은,사당역 맛집,PC,사당회식추천,7,0,0,0,1.7
"파워링크",사당역 맛집 정담은,사당역 맛집,PC,쌀국수사당역,1,0,0,0,1
"파워링크",사당역 맛집 정담은,사당역 맛집,PC,정갈한맛집모임,2,1,198,198,1
"파워링크",사당역 맛집 정담은,사당역 맛집,PC,정담은사당,5,0,0,0,1
"파워링크",사당역 맛집 정담은,사당역 맛집,PC,정담은사당역,3,0,0,0,1
"파워링크",사당역 맛집 정담은,사당역 맛집,PC,정담은사당점,2,0,0,0,1
"파워링크",사당역 맛집 정담은,사당역 맛집,PC,한식사당역,1,0,0,0,1
"파워링크",사당역 맛집 정담은,사당역 맛집,모바일,"#사당#모임",1,0,0,0,1
"파워링크",사당역 맛집 정담은,사당역 맛집,모바일,"#사당역맛집",1,0,0,0,3
"파워링크",사당역 맛집 정담은,사당역 맛집,모바일,단체모임메뉴,9,0,0,0,1.7
"파워링크",사당역 맛집 정담은,사당역 맛집,모바일,단체회식사당조용한,2,0,0,0,1
"파워링크",사당역 맛집 정담은,사당역 맛집,모바일,맛집사당,3,0,0,0,2
"파워링크",사당역 맛집 정담은,사당역 맛집,모바일,맛집사당역,3,0,0,0,1.3
"파워링크",사당역 맛집 정담은,사당역 맛집,모바일,모임사당점,3,0,0,0,2.7
"파워링크",사당역 맛집 정담은,사당역 맛집,모바일,사당.맛집,60,0,0,0,1.8
"파워링크",사당역 맛집 정담은,사당역 맛집,모바일,사당MOIM,11,0,0,0,3.5
"파워링크",사당역 맛집 정담은,사당역 맛집,모바일,사당고기집추천,2,0,0,0,3.5
"파워링크",사당역 맛집 정담은,사당역 맛집,모바일,사당근처맛집,46,2,605,"1,210",1.9
"파워링크",사당역 맛집 정담은,사당역 맛집,모바일,사당단체룸,1,0,0,0,1
"파워링크",사당역 맛집 정담은,사당역 맛집,모바일,사당단체맛집,5,0,0,0,1.6
"파워링크",사당역 맛집 정담은,사당역 맛집,모바일,사당단체모임,14,0,0,0,1.8
"파워링크",사당역 맛집 정담은,사당역 맛집,모바일,사당단체모임식당,1,0,0,0,3
"파워링크",사당역 맛집 정담은,사당역 맛집,모바일,사당단체석,1,0,0,0,2
"파워링크",사당역 맛집 정담은,사당역 맛집,모바일,사당단체회식,31,1,418,418,1.9
"파워링크",사당역 맛집 정담은,사당역 맛집,모바일,사당동근처맛집,2,0,0,0,2
"파워링크",사당역 맛집 정담은,사당역 맛집,모바일,사당동단체회식,1,0,0,0,2
"파워링크",사당역 맛집 정담은,사당역 맛집,모바일,사당동단체회식룸있는식당,1,1,66,66,1
"파워링크",사당역 맛집 정담은,사당역 맛집,모바일,사당동모임,2,0,0,0,1
"파워링크",사당역 맛집 정담은,사당역 맛집,모바일,사당동모임할장소,1,0,0,0,2
"파워링크",사당역 맛집 정담은,사당역 맛집,모바일,사당동사당,2,0,0,0,1.5
"파워링크",사당역 맛집 정담은,사당역 맛집,모바일,사당동에맛집,1,0,0,0,3
"파워링크",사당역 맛집 정담은,사당역 맛집,모바일,사당동회식,1,0,0,0,3
"파워링크",사당역 맛집 정담은,사당역 맛집,모바일,사당동회식맛집,5,1,440,440,1.6
"파워링크",사당역 맛집 정담은,사당역 맛집,모바일,사당동회식장소,1,1,418,418,3
"파워링크",사당역 맛집 정담은,사당역 맛집,모바일,사당룸맛집,5,0,0,0,1.2
"파워링크",사당역 맛집 정담은,사당역 맛집,모바일,사당룸있는단체회식,1,0,0,0,1
"파워링크",사당역 맛집 정담은,사당역 맛집,모바일,사당룸족발,1,0,0,0,1
"파워링크",사당역 맛집 정담은,사당역 맛집,모바일,사당룸회식,12,3,73,220,1
"파워링크",사당역 맛집 정담은,사당역 맛집,모바일,사당맛,4,0,0,0,2.3
"파워링크",사당역 맛집 정담은,사당역 맛집,모바일,사당맛있는,1,0,0,0,1
"파워링크",사당역 맛집 정담은,사당역 맛집,모바일,사당맛집,"11,950",97,558,"54,153",2.1
"파워링크",사당역 맛집 정담은,사당역 맛집,모바일,사당맛집.,2,0,0,0,2
"파워링크",사당역 맛집 정담은,사당역 맛집,모바일,사당맛집\,1,0,0,0,3
"파워링크",사당역 맛집 정담은,사당역 맛집,모바일,사당맛집가성비,1,0,0,0,2
"파워링크",사당역 맛집 정담은,사당역 맛집,모바일,사당맛집거리,2,0,0,0,1.5
"파워링크",사당역 맛집 정담은,사당역 맛집,모바일,사당맛집룸,2,0,0,0,1
"파워링크",사당역 맛집 정담은,사당역 맛집,모바일,사당맛집리스트,1,0,0,0,2
"파워링크",사당역 맛집 정담은,사당역 맛집,모바일,사당맛집맛집,1,0,0,0,1
"파워링크",사당역 맛집 정담은,사당역 맛집,모바일,사당맛집모임,3,0,0,0,2.3
"파워링크",사당역 맛집 정담은,사당역 맛집,모바일,사당맛집예약,2,0,0,0,1.5
"파워링크",사당역 맛집 정담은,사당역 맛집,모바일,사당맛집정갈한,1,0,0,0,2
"파워링크",사당역 맛집 정담은,사당역 맛집,모바일,사당맛집추천.,1,0,0,0,2
"파워링크",사당역 맛집 정담은,사당역 맛집,모바일,사당맛집추천점심,1,0,0,0,2
"파워링크",사당역 맛집 정담은,사당역 맛집,모바일,사당맛집한식,4,0,0,0,1.8
"파워링크",사당역 맛집 정담은,사당역 맛집,모바일,사당맛집한정식,1,0,0,0,1
"파워링크",사당역 맛집 정담은,사당역 맛집,모바일,사당먹을곳,4,0,0,0,1.5
"파워링크",사당역 맛집 정담은,사당역 맛집,모바일,사당모임,"29,398",128,359,"45,892",1.4
"파워링크",사당역 맛집 정담은,사당역 맛집,모바일,사당모임.,1,0,0,0,1
"파워링크",사당역 맛집 정담은,사당역 맛집,모바일,사당모임공간,1,0,0,0,3
"파워링크",사당역 맛집 정담은,사당역 맛집,모바일,사당모임맛집,9,0,0,0,1.2
"파워링크",사당역 맛집 정담은,사당역 맛집,모바일,사당모임식당,3,0,0,0,1.7
"파워링크",사당역 맛집 정담은,사당역 맛집,모바일,사당모임장소맛집,1,0,0,0,1
"파워링크",사당역 맛집 정담은,사당역 맛집,모바일,사당모임장소추천,24,0,0,0,2.5
"파워링크",사당역 맛집 정담은,사당역 맛집,모바일,사당모임점,5,0,0,0,1.2
"파워링크",사당역 맛집 정담은,사당역 맛집,모바일,사당모임추천,2,0,0,0,3
"파워링크",사당역 맛집 정담은,사당역 맛집,모바일,사당보쌈정담은,1,0,0,0,1
"파워링크",사당역 맛집 정담은,사당역 맛집,모바일,사당분식맛집,2,0,0,0,1
"파워링크",사당역 맛집 정담은,사당역 맛집,모바일,사당식당,121,0,0,0,2.4
"파워링크",사당역 맛집 정담은,사당역 맛집,모바일,사당식당추천,5,0,0,0,3.6
"파워링크",사당역 맛집 정담은,사당역 맛집,모바일,사당역,"1,035",0,0,0,3.7
"파워링크",사당역 맛집 정담은,사당역 맛집,모바일,사당역%,1,0,0,0,3
"파워링크",사당역 맛집 정담은,사당역 맛집,모바일,사당역+모임,1,0,0,0,1
"파워링크",사당역 맛집 정담은,사당역 맛집,모바일,사당역.,11,0,0,0,2.1
"파워링크",사당역 맛집 정담은,사당역 맛집,모바일,사당역.맛집,11,0,0,0,1.8
"파워링크",사당역 맛집 정담은,사당역 맛집,모바일,사당역.보쌈,1,0,0,0,1
"파워링크",사당역 맛집 정담은,사당역 맛집,모바일,사당역2,6,0,0,0,1.7
"파워링크",사당역 맛집 정담은,사당역 맛집,모바일,사당역2.,1,0,0,0,1
"파워링크",사당역 맛집 정담은,사당역 맛집,모바일,사당역2분,1,0,0,0,3
"파워링크",사당역 맛집 정담은,사당역 맛집,모바일,사당역?,2,0,0,0,2
"파워링크",사당역 맛집 정담은,사당역 맛집,모바일,사당역가기,9,0,0,0,2.1
"파워링크",사당역 맛집 정담은,사당역 맛집,모바일,사당역가성비좋은모임장소,2,0,0,0,3
"파워링크",사당역 맛집 정담은,사당역 맛집,모바일,사당역거리,8,0,0,0,1.3
"파워링크",사당역 맛집 정담은,사당역 맛집,모바일,사당역고기맛집,74,0,0,0,3.4
"파워링크",사당역 맛집 정담은,사당역 맛집,모바일,사당역고기모임,2,0,0,0,3
"파워링크",사당역 맛집 정담은,사당역 맛집,모바일,사당역고기집단체룸,1,0,0,0,1
"파워링크",사당역 맛집 정담은,사당역 맛집,모바일,사당역고기집룸,9,0,0,0,1.1
"파워링크",사당역 맛집 정담은,사당역 맛집,모바일,사당역고기집추천,6,0,0,0,1.8
"파워링크",사당역 맛집 정담은,사당역 맛집,모바일,사당역고기회식,1,0,0,0,1
"파워링크",사당역 맛집 정담은,사당역 맛집,모바일,사당역고깃집,30,0,0,0,2.5
"파워링크",사당역 맛집 정담은,사당역 맛집,모바일,사당역고깃집맛집,3,0,0,0,3.7
"파워링크",사당역 맛집 정담은,사당역 맛집,모바일,사당역근처고기집,1,0,0,0,4
"파워링크",사당역 맛집 정담은,사당역 맛집,모바일,사당역근처분식,1,0,0,0,1
"파워링크",사당역 맛집 정담은,사당역 맛집,모바일,사당역근처한정식,3,0,0,0,2
"파워링크",사당역 맛집 정담은,사당역 맛집,모바일,사당역까지거리,1,0,0,0,1
"파워링크",사당역 맛집 정담은,사당역 맛집,모바일,사당역깔끔한,1,0,0,0,3
"파워링크",사당역 맛집 정담은,사당역 맛집,모바일,사당역깔끔한맛집,6,0,0,0,1.3
"파워링크",사당역 맛집 정담은,사당역 맛집,모바일,사당역깔끔한식당,1,0,0,0,1
"파워링크",사당역 맛집 정담은,사당역 맛집,모바일,사당역깔끔한일식집점심,1,0,0,0,2
"파워링크",사당역 맛집 정담은,사당역 맛집,모바일,사당역깔끔한한식,3,0,0,0,1
"파워링크",사당역 맛집 정담은,사당역 맛집,모바일,사당역다사랑맛집,1,0,0,0,2
"파워링크",사당역 맛집 정담은,사당역 맛집,모바일,사당역단체,33,0,0,0,1.5
"파워링크",사당역 맛집 정담은,사당역 맛집,모바일,사당역단체고기집,3,0,0,0,1
"파워링크",사당역 맛집 정담은,사당역 맛집,모바일,사당역단체룸,16,0,0,0,1.6
"파워링크",사당역 맛집 정담은,사당역 맛집,모바일,사당역단체룸식당,1,0,0,0,1
"파워링크",사당역 맛집 정담은,사당역 맛집,모바일,사당역단체룸카페,1,0,0,0,1
"파워링크",사당역 맛집 정담은,사당역 맛집,모바일,사당역단체맛집,7,0,0,0,1.6
"파워링크",사당역 맛집 정담은,사당역 맛집,모바일,사당역단체모임,244,0,0,0,1.8
"파워링크",사당역 맛집 정담은,사당역 맛집,모바일,사당역단체모임룸,1,0,0,0,2
"파워링크",사당역 맛집 정담은,사당역 맛집,모바일,사당역단체모임맛집,2,0,0,0,1
"파워링크",사당역 맛집 정담은,사당역 맛집,모바일,사당역단체모임카페,4,0,0,0,1
"파워링크",사당역 맛집 정담은,사당역 맛집,모바일,사당역단체모임회식,1,0,0,0,3
"파워링크",사당역 맛집 정담은,사당역 맛집,모바일,사당역단체술집,44,0,0,0,2.2
"파워링크",사당역 맛집 정담은,사당역 맛집,모바일,사당역단체식당,22,1,451,451,1.4
"파워링크",사당역 맛집 정담은,사당역 맛집,모바일,사당역단체회식,"12,496",43,240,"10,340",1.6
"파워링크",사당역 맛집 정담은,사당역 맛집,모바일,사당역단체회식장소,1,0,0,0,3
"파워링크",사당역 맛집 정담은,사당역 맛집,모바일,사당역룸,31,0,0,0,1.2
"파워링크",사당역 맛집 정담은,사당역 맛집,모바일,사당역룸맛집,8,0,0,0,1.1
"파워링크",사당역 맛집 정담은,사당역 맛집,모바일,사당역룸음식점,5,0,0,0,1.8
"파워링크",사당역 맛집 정담은,사당역 맛집,모바일,사당역룸있는맛집,1,1,462,462,1
"파워링크",사당역 맛집 정담은,사당역 맛집,모바일,사당역룸있는보쌈,1,0,0,0,1
"파워링크",사당역 맛집 정담은,사당역 맛집,모바일,사당역룸있는한정식,1,0,0,0,1
"파워링크",사당역 맛집 정담은,사당역 맛집,모바일,사당역룸있는회식,1,0,0,0,3
"파워링크",사당역 맛집 정담은,사당역 맛집,모바일,사당역룸있는횟집,1,0,0,0,2
"파워링크",사당역 맛집 정담은,사당역 맛집,모바일,사당역룸한식,1,0,0,0,1
"파워링크",사당역 맛집 정담은,사당역 맛집,모바일,사당역룸회식,7,0,0,0,1
"파워링크",사당역 맛집 정담은,사당역 맛집,모바일,사당역맛,15,0,0,0,1.8
"파워링크",사당역 맛집 정담은,사당역 맛집,모바일,사당역맛난집,1,0,0,0,2
"파워링크",사당역 맛집 정담은,사당역 맛집,모바일,사당역맛있는,1,0,0,0,1
"파워링크",사당역 맛집 정담은,사당역 맛집,모바일,사당역맛있는뎅,1,0,0,0,1
"파워링크",사당역 맛집 정담은,사당역 맛집,모바일,사당역맛있는점심,3,0,0,0,3.3
"파워링크",사당역 맛집 정담은,사당역 맛집,모바일,사당역맛집,"19,018",330,555,"183,249",3.3
"파워링크",사당역 맛집 정담은,사당역 맛집,모바일,사당역맛집!,1,0,0,0,3
"파워링크",사당역 맛집 정담은,사당역 맛집,모바일,사당역맛집.,1,0,0,0,3
"파워링크",사당역 맛집 정담은,사당역 맛집,모바일,사당역맛집.일식,1,0,0,0,1
"파워링크",사당역 맛집 정담은,사당역 맛집,모바일,사당역맛집.추천,1,0,0,0,3
"파워링크",사당역 맛집 정담은,사당역 맛집,모바일,사당역맛집거리,1,0,0,0,1
"파워링크",사당역 맛집 정담은,사당역 맛집,모바일,사당역맛집노포,1,0,0,0,1
"파워링크",사당역 맛집 정담은,사당역 맛집,모바일,사당역맛집단체,1,0,0,0,1
"파워링크",사당역 맛집 정담은,사당역 맛집,모바일,사당역맛집룸,10,0,0,0,1.2
"파워링크",사당역 맛집 정담은,사당역 맛집,모바일,사당역맛집맛집,1,0,0,0,1
"파워링크",사당역 맛집 정담은,사당역 맛집,모바일,사당역맛집모임,2,0,0,0,2
"파워링크",사당역 맛집 정담은,사당역 맛집,모바일,사당역맛집예약,4,0,0,0,2.3
"파워링크",사당역 맛집 정담은,사당역 맛집,모바일,사당역맛집저녁,2,0,0,0,2.5
"파워링크",사당역 맛집 정담은,사당역 맛집,모바일,사당역맛집전,1,0,0,0,1
"파워링크",사당역 맛집 정담은,사당역 맛집,모바일,사당역맛집정담은,3,0,0,0,1
"파워링크",사당역 맛집 정담은,사당역 맛집,모바일,사당역맛집족발,2,0,0,0,1
"파워링크",사당역 맛집 정담은,사당역 맛집,모바일,사당역맛집주차,1,0,0,0,1
"파워링크",사당역 맛집 정담은,사당역 맛집,모바일,사당역맛집집,1,0,0,0,1
"파워링크",사당역 맛집 정담은,사당역 맛집,모바일,사당역맛집청국장,1,0,0,0,1
"파워링크",사당역 맛집 정담은,사당역 맛집,모바일,사당역맛집파스타,3,0,0,0,1
"파워링크",사당역 맛집 정담은,사당역 맛집,모바일,사당역맛집한상차림,1,0,0,0,1
"파워링크",사당역 맛집 정담은,사당역 맛집,모바일,사당역맛집한식,9,0,0,0,2.9
"파워링크",사당역 맛집 정담은,사당역 맛집,모바일,사당역맛집한정식,3,0,0,0,1
"파워링크",사당역 맛집 정담은,사당역 맛집,모바일,사당역맛집홀,1,0,0,0,1
"파워링크",사당역 맛집 정담은,사당역 맛집,모바일,사당역맛집회식,4,0,0,0,3
"파워링크",사당역 맛집 정담은,사당역 맛집,모바일,사당역맛한정식,2,0,0,0,1.5
"파워링크",사당역 맛집 정담은,사당역 맛집,모바일,사당역먹을만한곳,2,0,0,0,1
"파워링크",사당역 맛집 정담은,사당역 맛집,모바일,사당역메뉴,1,0,0,0,1
"파워링크",사당역 맛집 정담은,사당역 맛집,모바일,사당역모임공간,2,0,0,0,3
"파워링크",사당역 맛집 정담은,사당역 맛집,모바일,사당역모임룸,6,0,0,0,2
"파워링크",사당역 맛집 정담은,사당역 맛집,모바일,사당역모임맛집,11,0,0,0,2.7
"파워링크",사당역 맛집 정담은,사당역 맛집,모바일,사당역모임식당,10,1,363,363,1
"파워링크",사당역 맛집 정담은,사당역 맛집,모바일,사당역모임예약,1,0,0,0,2
"파워링크",사당역 맛집 정담은,사당역 맛집,모바일,사당역모임음식점,2,0,0,0,1
"파워링크",사당역 맛집 정담은,사당역 맛집,모바일,사당역모임장소,463,2,66,132,2.4
"파워링크",사당역 맛집 정담은,사당역 맛집,모바일,사당역모임장소맛집,3,0,0,0,1.7
"파워링크",사당역 맛집 정담은,사당역 맛집,모바일,사당역모임장소예약,1,0,0,0,1
"파워링크",사당역 맛집 정담은,사당역 맛집,모바일,사당역모임장소정담은,1,0,0,0,1
"파워링크",사당역 맛집 정담은,사당역 맛집,모바일,사당역모임장소추천,52,6,347,"2,079",1.7
"파워링크",사당역 맛집 정담은,사당역 맛집,모바일,사당역모임카페,1,0,0,0,4
"파워링크",사당역 맛집 정담은,사당역 맛집,모바일,사당역모임하기좋은곳,1,1,440,440,3
"파워링크",사당역 맛집 정담은,사당역 맛집,모바일,사당역밥집추천,2,0,0,0,2.5
"파워링크",사당역 맛집 정담은,사당역 맛집,모바일,사당역보신,1,0,0,0,3
"파워링크",사당역 맛집 정담은,사당역 맛집,모바일,사당역보쌈,77,0,0,0,1
"파워링크",사당역 맛집 정담은,사당역 맛집,모바일,사당역보쌈정식,2,0,0,0,1
"파워링크",사당역 맛집 정담은,사당역 맛집,모바일,사당역보쌈추천,1,0,0,0,1
"파워링크",사당역 맛집 정담은,사당역 맛집,모바일,사당역부모님과같이갈맛집,1,0,0,0,1
"파워링크",사당역 맛집 정담은,사당역 맛집,모바일,사당역부모님모시고맛집,1,0,0,0,1
"파워링크",사당역 맛집 정담은,사당역 맛집,모바일,사당역분식,143,0,0,0,1
"파워링크",사당역 맛집 정담은,사당역 맛집,모바일,사당역사당,2,0,0,0,1
"파워링크",사당역 맛집 정담은,사당역 맛집,모바일,사당역사당역고기맛집맛집,1,0,0,0,1
"파워링크",사당역 맛집 정담은,사당역 맛집,모바일,사당역사당역맛집,1,0,0,0,1
"파워링크",사당역 맛집 정담은,사당역 맛집,모바일,사당역사당점,5,0,0,0,1.8
"파워링크",사당역 맛집 정담은,사당역 맛집,모바일,사당역생고기,1,0,0,0,1
"파워링크",사당역 맛집 정담은,사당역 맛집,모바일,사당역생고기모임,1,0,0,0,2
"파워링크",사당역 맛집 정담은,사당역 맛집,모바일,사당역생고기모임룸,1,0,0,0,1
"파워링크",사당역 맛집 정담은,사당역 맛집,모바일,사당역소모임,1,0,0,0,3
"파워링크",사당역 맛집 정담은,사당역 맛집,모바일,사당역술먹으면서모임장소,1,0,0,0,2
"파워링크",사당역 맛집 정담은,사당역 맛집,모바일,사당역숨은맛집,1,0,0,0,4
"파워링크",사당역 맛집 정담은,사당역 맛집,모바일,사당역시장,9,1,77,77,1
"파워링크",사당역 맛집 정담은,사당역 맛집,모바일,사당역시장맛집,4,0,0,0,1
"파워링크",사당역 맛집 정담은,사당역 맛집,모바일,사당역식당,274,0,0,0,1.7
"파워링크",사당역 맛집 정담은,사당역 맛집,모바일,사당역식당+찐추천,1,0,0,0,2
"파워링크",사당역 맛집 정담은,사당역 맛집,모바일,사당역식당거리,1,0,0,0,1
"파워링크",사당역 맛집 정담은,사당역 맛집,모바일,사당역식당룸,4,0,0,0,1
"파워링크",사당역 맛집 정담은,사당역 맛집,모바일,사당역식당추천,9,0,0,0,3.1
"파워링크",사당역 맛집 정담은,사당역 맛집,모바일,사당역에만있는,1,0,0,0,1
"파워링크",사당역 맛집 정담은,사당역 맛집,모바일,사당역역맛집,2,0,0,0,1
"파워링크",사당역 맛집 정담은,사당역 맛집,모바일,사당역예약맛집,2,0,0,0,1
"파워링크",사당역 맛집 정담은,사당역 맛집,모바일,사당역오니,1,0,0,0,1
"파워링크",사당역 맛집 정담은,사당역 맛집,모바일,사당역오세,2,0,0,0,2
"파워링크",사당역 맛집 정담은,사당역 맛집,모바일,사당역음식,9,0,0,0,1.7
"파워링크",사당역 맛집 정담은,사당역 맛집,모바일,사당역음식점,139,2,572,"1,144",1.6
"파워링크",사당역 맛집 정담은,사당역 맛집,모바일,사당역음식점추천,8,1,572,572,2.1
"파워링크",사당역 맛집 정담은,사당역 맛집,모바일,사당역전골,48,0,0,0,1.1
"파워링크",사당역 맛집 정담은,사당역 맛집,모바일,사당역전맛집,9,0,0,0,1.2
"파워링크",사당역 맛집 정담은,사당역 맛집,모바일,사당역전문한식집,1,0,0,0,1
"파워링크",사당역 맛집 정담은,사당역 맛집,모바일,사당역점,3,0,0,0,3.3
"파워링크",사당역 맛집 정담은,사당역 맛집,모바일,사당역점맛집,1,0,0,0,2
"파워링크",사당역 맛집 정담은,사당역 맛집,모바일,사당역점심모임하기좋은맛집,3,0,0,0,1
"파워링크",사당역 맛집 정담은,사당역 맛집,모바일,사당역접대,1,0,0,0,2
"파워링크",사당역 맛집 정담은,사당역 맛집,모바일,사당역정갈한한식,1,0,0,0,1
"파워링크",사당역 맛집 정담은,사당역 맛집,모바일,사당역정과,1,0,0,0,1
"파워링크",사당역 맛집 정담은,사당역 맛집,모바일,사당역정담,4,1,396,396,2
"파워링크",사당역 맛집 정담은,사당역 맛집,모바일,사당역정담은,303,1,77,77,1
"파워링크",사당역 맛집 정담은,사당역 맛집,모바일,사당역정담은룸,1,1,77,77,1
"파워링크",사당역 맛집 정담은,사당역 맛집,모바일,사당역정담은맛집,1,1,77,77,1
"파워링크",사당역 맛집 정담은,사당역 맛집,모바일,사당역정담은보쌈,2,0,0,0,1
"파워링크",사당역 맛집 정담은,사당역 맛집,모바일,사당역정담은점심,1,0,0,0,1
"파워링크",사당역 맛집 정담은,사당역 맛집,모바일,사당역정담은한정식,30,1,77,77,1
"파워링크",사당역 맛집 정담은,사당역 맛집,모바일,사당역정성,1,0,0,0,2
"파워링크",사당역 맛집 정담은,사당역 맛집,모바일,사당역조용한단체맛집,1,0,0,0,2
"파워링크",사당역 맛집 정담은,사당역 맛집,모바일,사당역조용한모임장소,2,0,0,0,1
"파워링크",사당역 맛집 정담은,사당역 맛집,모바일,사당역조용한회식장소,1,0,0,0,1
"파워링크",사당역 맛집 정담은,사당역 맛집,모바일,사당역주변한정식,1,0,0,0,1
"파워링크",사당역 맛집 정담은,사당역 맛집,모바일,사당역지역,1,0,0,0,1
"파워링크",사당역 맛집 정담은,사당역 맛집,모바일,사당역지역맛집,1,0,0,0,1
"파워링크",사당역 맛집 정담은,사당역 맛집,모바일,사당역쪽맛있는밥집,1,0,0,0,1
"파워링크",사당역 맛집 정담은,사당역 맛집,모바일,사당역찐맛맛집회식,2,1,418,418,1
"파워링크",사당역 맛집 정담은,사당역 맛집,모바일,사당역찜,6,0,0,0,1
"파워링크",사당역 맛집 정담은,사당역 맛집,모바일,사당역찜맛집,1,0,0,0,2
"파워링크",사당역 맛집 정담은,사당역 맛집,모바일,사당역추천,2,0,0,0,1
"파워링크",사당역 맛집 정담은,사당역 맛집,모바일,사당역추천맛집,3,0,0,0,1.3
"파워링크",사당역 맛집 정담은,사당역 맛집,모바일,사당역큰사당,1,0,0,0,1
"파워링크",사당역 맛집 정담은,사당역 맛집,모바일,사당역키토맛집,1,0,0,0,1
"파워링크",사당역 맛집 정담은,사당역 맛집,모바일,사당역특별한맛집,1,0,0,0,1
"파워링크",사당역 맛집 정담은,사당역 맛집,모바일,사당역하산맛집,2,0,0,0,2
"파워링크",사당역 맛집 정담은,사당역 맛집,모바일,사당역하산핫한맛집,1,0,0,0,1
"파워링크",사당역 맛집 정담은,사당역 맛집,모바일,사당역한상차림,4,0,0,0,1
"파워링크",사당역 맛집 정담은,사당역 맛집,모바일,사당역한식,324,3,444,"1,331",2.4
"파워링크",사당역 맛집 정담은,사당역 맛집,모바일,사당역한식당,8,0,0,0,2.1
"파워링크",사당역 맛집 정담은,사당역 맛집,모바일,사당역한식룸,2,0,0,0,3
"파워링크",사당역 맛집 정담은,사당역 맛집,모바일,사당역한식맛집,121,5,420,"2,101",2.3
"파워링크",사당역 맛집 정담은,사당역 맛집,모바일,사당역한식맛집추천,1,0,0,0,1
"파워링크",사당역 맛집 정담은,사당역 맛집,모바일,사당역한식밥집,1,0,0,0,1
"파워링크",사당역 맛집 정담은,사당역 맛집,모바일,사당역한식분위기좋은,1,0,0,0,1
"파워링크",사당역 맛집 정담은,사당역 맛집,모바일,사당역한식점심,1,0,0,0,1
"파워링크",사당역 맛집 정담은,사당역 맛집,모바일,사당역한식정담은,7,1,77,77,1
"파워링크",사당역 맛집 정담은,사당역 맛집,모바일,사당역한식주점한,1,0,0,0,1
"파워링크",사당역 맛집 정담은,사당역 맛집,모바일,사당역한식집,18,0,0,0,2
"파워링크",사당역 맛집 정담은,사당역 맛집,모바일,사당역한식큰한상차림,2,2,77,154,1
"파워링크",사당역 맛집 정담은,사당역 맛집,모바일,사당역한우룸,3,0,0,0,1
"파워링크",사당역 맛집 정담은,사당역 맛집,모바일,사당역한정식,329,1,88,88,1.9
"파워링크",사당역 맛집 정담은,사당역 맛집,모바일,사당역한정식갈,1,0,0,0,1
"파워링크",사당역 맛집 정담은,사당역 맛집,모바일,사당역한정식맛집,78,0,0,0,2
"파워링크",사당역 맛집 정담은,사당역 맛집,모바일,사당역한정식식당,1,0,0,0,1
"파워링크",사당역 맛집 정담은,사당역 맛집,모바일,사당역한정식식당추천,1,0,0,0,1
"파워링크",사당역 맛집 정담은,사당역 맛집,모바일,사당역한정식정담은,53,0,0,0,1
"파워링크",사당역 맛집 정담은,사당역 맛집,모바일,사당역한정식집,21,0,0,0,1.9
"파워링크",사당역 맛집 정담은,사당역 맛집,모바일,사당역해,1,0,0,0,2
"파워링크",사당역 맛집 정담은,사당역 맛집,모바일,사당역해물,2,0,0,0,1
"파워링크",사당역 맛집 정담은,사당역 맛집,모바일,사당역해물맛집,6,0,0,0,1
"파워링크",사당역 맛집 정담은,사당역 맛집,모바일,사당역해요,1,0,0,0,3
"파워링크",사당역 맛집 정담은,사당역 맛집,모바일,사당역회식단체룸,1,0,0,0,2
"파워링크",사당역 맛집 정담은,사당역 맛집,모바일,사당역회식룸,10,0,0,0,1
"파워링크",사당역 맛집 정담은,사당역 맛집,모바일,사당역회식맛집,28,1,473,473,1.5
"파워링크",사당역 맛집 정담은,사당역 맛집,모바일,사당역회식맛집건강밤늦게,1,0,0,0,1
"파워링크",사당역 맛집 정담은,사당역 맛집,모바일,사당역회식맛집고기,1,0,0,0,2
"파워링크",사당역 맛집 정담은,사당역 맛집,모바일,사당역회식모임,1,0,0,0,1
"파워링크",사당역 맛집 정담은,사당역 맛집,모바일,사당역회식장소,"2,816",17,368,"6,259",2.3
"파워링크",사당역 맛집 정담은,사당역 맛집,모바일,사당역회식장소룸,2,0,0,0,1
"파워링크",사당역 맛집 정담은,사당역 맛집,모바일,사당역회식장소맛집,3,1,396,396,2
"파워링크",사당역 맛집 정담은,사당역 맛집,모바일,사당역회식장소추천,6,0,0,0,3
"파워링크",사당역 맛집 정담은,사당역 맛집,모바일,사당역회식추천장소,1,0,0,0,3
"파워링크",사당역 맛집 정담은,사당역 맛집,모바일,사당역회의장소,1,0,0,0,3
"파워링크",사당역 맛집 정담은,사당역 맛집,모바일,사당연말모임,1,0,0,0,1
"파워링크",사당역 맛집 정담은,사당역 맛집,모바일,사당예약맛집,2,0,0,0,3.5
"파워링크",사당역 맛집 정담은,사당역 맛집,모바일,사당음식,3,0,0,0,1.7
"파워링크",사당역 맛집 정담은,사당역 맛집,모바일,사당음식점,92,0,0,0,2.3
"파워링크",사당역 맛집 정담은,사당역 맛집,모바일,사당의맛집,1,0,0,0,2
"파워링크",사당역 맛집 정담은,사당역 맛집,모바일,사당작은집,1,0,0,0,1
"파워링크",사당역 맛집 정담은,사당역 맛집,모바일,사당전골맛집,2,0,0,0,1
"파워링크",사당역 맛집 정담은,사당역 맛집,모바일,사당점사당,1,0,0,0,2
"파워링크",사당역 맛집 정담은,사당역 맛집,모바일,사당정담은룸,1,0,0,0,1
"파워링크",사당역 맛집 정담은,사당역 맛집,모바일,사당정담은한상차림,1,0,0,0,1
"파워링크",사당역 맛집 정담은,사당역 맛집,모바일,사당정담은한식,4,0,0,0,1
"파워링크",사당역 맛집 정담은,사당역 맛집,모바일,사당정담은한정식,22,2,77,154,1
"파워링크",사당역 맛집 정담은,사당역 맛집,모바일,사당조용하고맛있는회식장소,1,0,0,0,1
"파워링크",사당역 맛집 정담은,사당역 맛집,모바일,사당조용한회식장소,1,0,0,0,1
"파워링크",사당역 맛집 정담은,사당역 맛집,모바일,사당존맛+내돈,1,0,0,0,1
"파워링크",사당역 맛집 정담은,사당역 맛집,모바일,사당추천맛집,4,1,550,550,3
"파워링크",사당역 맛집 정담은,사당역 맛집,모바일,사당코다리맛집,1,0,0,0,1
"파워링크",사당역 맛집 정담은,사당역 맛집,모바일,사당한상차림,8,0,0,0,1
"파워링크",사당역 맛집 정담은,사당역 맛집,모바일,사당한식,111,0,0,0,1.6
"파워링크",사당역 맛집 정담은,사당역 맛집,모바일,사당한식당,5,0,0,0,1
"파워링크",사당역 맛집 정담은,사당역 맛집,모바일,사당한식맛집,42,0,0,0,1.5
"파워링크",사당역 맛집 정담은,사당역 맛집,모바일,사당한정식맛집,28,1,121,121,1.1
"파워링크",사당역 맛집 정담은,사당역 맛집,모바일,사당한정식정담은,1,0,0,0,1
"파워링크",사당역 맛집 정담은,사당역 맛집,모바일,사당한정식추천,1,0,0,0,1
"파워링크",사당역 맛집 정담은,사당역 맛집,모바일,사당해물맛집,3,0,0,0,1
"파워링크",사당역 맛집 정담은,사당역 맛집,모바일,사당회식룸,5,0,0,0,1.4
"파워링크",사당역 맛집 정담은,사당역 맛집,모바일,사당회식룸고급스러운,1,0,0,0,1
"파워링크",사당역 맛집 정담은,사당역 맛집,모바일,사당회식맛집,13,0,0,0,2.6
"파워링크",사당역 맛집 정담은,사당역 맛집,모바일,사당회식메뉴,1,0,0,0,1
"파워링크",사당역 맛집 정담은,사당역 맛집,모바일,사당회식술집,2,0,0,0,4
"파워링크",사당역 맛집 정담은,사당역 맛집,모바일,사당회식장소맛집,1,0,0,0,3
"파워링크",사당역 맛집 정담은,사당역 맛집,모바일,사당회식장소정담은,1,0,0,0,1
"파워링크",사당역 맛집 정담은,사당역 맛집,모바일,사당회식장소추천,9,0,0,0,1.8
"파워링크",사당역 맛집 정담은,사당역 맛집,모바일,사당회식추천,8,0,0,0,2.1
"파워링크",사당역 맛집 정담은,사당역 맛집,모바일,사당회식코스,2,0,0,0,2
"파워링크",사당역 맛집 정담은,사당역 맛집,모바일,사당회식횟집,1,0,0,0,2
"파워링크",사당역 맛집 정담은,사당역 맛집,모바일,전골사당역,1,0,0,0,2
"파워링크",사당역 맛집 정담은,사당역 맛집,모바일,정담은.,1,0,0,0,1
"파워링크",사당역 맛집 정담은,사당역 맛집,모바일,정담은맛집,6,0,0,0,1
"파워링크",사당역 맛집 정담은,사당역 맛집,모바일,정담은보쌈사당역,3,0,0,0,1
"파워링크",사당역 맛집 정담은,사당역 맛집,모바일,정담은사당,39,0,0,0,1
"파워링크",사당역 맛집 정담은,사당역 맛집,모바일,정담은사당역,31,0,0,0,1.4
"파워링크",사당역 맛집 정담은,사당역 맛집,모바일,정담은사당역한정식,7,0,0,0,1
"파워링크",사당역 맛집 정담은,사당역 맛집,모바일,정담은사당점,13,0,0,0,1
"파워링크",사당역 맛집 정담은,사당역 맛집,모바일,정담은한정식사당,1,0,0,0,1
"파워링크",사당역 맛집 정담은,사당역 맛집,모바일,정담은한정식사당역,1,0,0,0,1
"파워링크",사당역 맛집 정담은,사당역 맛집,모바일,카페사당역,2,0,0,0,1.5
"파워링크",사당역 맛집 정담은,사당역 맛집,모바일,한상차림맛집,1,0,0,0,3
"파워링크",사당역 맛집 정담은,사당역 맛집,모바일,한식사당역,1,0,0,0,2
"파워링크",사당역 맛집 정담은,사당역 맛집,모바일,한정식맛집사당역,2,0,0,0,1
"파워링크",사당역 맛집 정담은,사당역 맛집,모바일,한정식정담은,4,2,77,154,1
"파워링크",사당역 맛집 정담은,사당역 맛집,모바일,회식모임,7,0,0,0,2.6
"플레이스",정담은플레이스,사당 모임장소 정담은,PC,-,"5,700",12,603,"7,238",2.3
"플레이스",정담은플레이스,사당 모임장소 정담은,PC,관악산한정식,1,0,0,0,1
"플레이스",정담은플레이스,사당 모임장소 정담은,PC,교대맛집,1,0,0,0,3
"플레이스",정담은플레이스,사당 모임장소 정담은,PC,극동식당,1,0,0,0,1
"플레이스",정담은플레이스,사당 모임장소 정담은,PC,근처맛집,1,0,0,0,10
"플레이스",정담은플레이스,사당 모임장소 정담은,PC,근처식당,6,0,0,0,3.5
"플레이스",정담은플레이스,사당 모임장소 정담은,PC,남성시장맛집,9,0,0,0,5.7
"플레이스",정담은플레이스,사당 모임장소 정담은,PC,남성역근처맛집,1,0,0,0,2
"플레이스",정담은플레이스,사당 모임장소 정담은,PC,남성역맛집,87,3,770,"2,310",4
"플레이스",정담은플레이스,사당 모임장소 정담은,PC,남성역식당,1,0,0,0,2
"플레이스",정담은플레이스,사당 모임장소 정담은,PC,남성역음식점,1,0,0,0,9
"플레이스",정담은플레이스,사당 모임장소 정담은,PC,남성역한정식,4,1,77,77,1
"플레이스",정담은플레이스,사당 모임장소 정담은,PC,남태령역식당,1,0,0,0,3
"플레이스",정담은플레이스,사당 모임장소 정담은,PC,대촌맛집,6,0,0,0,4.7
"플레이스",정담은플레이스,사당 모임장소 정담은,PC,도담식당,7,0,0,0,4.1
"플레이스",정담은플레이스,사당 모임장소 정담은,PC,도담음식점,1,0,0,0,2
"플레이스",정담은플레이스,사당 모임장소 정담은,PC,도담한식,10,0,0,0,2.1
"플레이스",정담은플레이스,사당 모임장소 정담은,PC,동명맛집,7,0,0,0,3.3
"플레이스",정담은플레이스,사당 모임장소 정담은,PC,동명식당,6,0,0,0,1.7
"플레이스",정담은플레이스,사당 모임장소 정담은,PC,룸,1,1,748,748,2
"플레이스",정담은플레이스,사당 모임장소 정담은,PC,맛집,52,9,716,"6,446",3.4
"플레이스",정담은플레이스,사당 모임장소 정담은,PC,방배4동맛집,4,1,748,748,5.3
"플레이스",정담은플레이스,사당 모임장소 정담은,PC,방배동룸식당,1,0,0,0,1
"플레이스",정담은플레이스,사당 모임장소 정담은,PC,방배동맛집,130,5,770,"3,850",3.5
"플레이스",정담은플레이스,사당 모임장소 정담은,PC,방배동식당,4,1,770,770,3
"플레이스",정담은플레이스,사당 모임장소 정담은,PC,방배동음식점,1,0,0,0,4
"플레이스",정담은플레이스,사당 모임장소 정담은,PC,방배동한식,6,0,0,0,2.5
"플레이스",정담은플레이스,사당 모임장소 정담은,PC,방배동한식집,2,0,0,0,2
"플레이스",정담은플레이스,사당 모임장소 정담은,PC,방배동한정식,21,4,578,"2,310",1
"플레이스",정담은플레이스,사당 모임장소 정담은,PC,방배동회식,6,0,0,0,1.8
"플레이스",정담은플레이스,사당 모임장소 정담은,PC,방배룸식당,4,0,0,0,1.8
"플레이스",정담은플레이스,사당 모임장소 정담은,PC,방배맛집,51,3,770,"2,310",3.8
"플레이스",정담은플레이스,사당 모임장소 정담은,PC,방배본동맛집,2,0,0,0,2.5
"플레이스",정담은플레이스,사당 모임장소 정담은,PC,방배서초맛집,1,0,0,0,6
"플레이스",정담은플레이스,사당 모임장소 정담은,PC,방배식당,3,0,0,0,5.7
"플레이스",정담은플레이스,사당 모임장소 정담은,PC,방배역근처맛집,7,1,616,616,4.3
"플레이스",정담은플레이스,사당 모임장소 정담은,PC,방배역맛집,243,4,729,"2,915",3.8
"플레이스",정담은플레이스,사당 모임장소 정담은,PC,방배역모임장소,1,0,0,0,2
"플레이스",정담은플레이스,사당 모임장소 정담은,PC,방배역식당,20,2,627,"1,254",3.7
"플레이스",정담은플레이스,사당 모임장소 정담은,PC,방배역주변맛집,1,0,0,0,6
"플레이스",정담은플레이스,사당 모임장소 정담은,PC,방배역주변식당,1,0,0,0,4
"플레이스",정담은플레이스,사당 모임장소 정담은,PC,방배역한식,7,1,638,638,2.3
"플레이스",정담은플레이스,사당 모임장소 정담은,PC,방배역한식맛집,2,0,0,0,2
"플레이스",정담은플레이스,사당 모임장소 정담은,PC,방배역한정식,9,1,583,583,1
"플레이스",정담은플레이스,사당 모임장소 정담은,PC,방배역회식,18,1,759,759,2.1
"플레이스",정담은플레이스,사당 모임장소 정담은,PC,방배음식점,0,1,770,770,0
"플레이스",정담은플레이스,사당 모임장소 정담은,PC,방배한식,2,0,0,0,1.5
"플레이스",정담은플레이스,사당 모임장소 정담은,PC,방배한정식,5,1,495,495,1
"플레이스",정담은플레이스,사당 모임장소 정담은,PC,방배회식,3,0,0,0,2
"플레이스",정담은플레이스,사당 모임장소 정담은,PC,방배회식장소,4,1,770,770,1.5
"플레이스",정담은플레이스,사당 모임장소 정담은,PC,사당근처한정식,1,0,0,0,1
"플레이스",정담은플레이스,사당 모임장소 정담은,PC,사당룸,7,1,693,693,1.7
"플레이스",정담은플레이스,사당 모임장소 정담은,PC,사당룸맛집,7,2,561,"1,122",1
"플레이스",정담은플레이스,사당 모임장소 정담은,PC,사당룸식당,100,9,720,"6,479",1.4
"플레이스",정담은플레이스,사당 모임장소 정담은,PC,사당맛집,"1,391",71,757,"53,713",4
"플레이스",정담은플레이스,사당 모임장소 정담은,PC,사당맛집모임,1,0,0,0,1
"플레이스",정담은플레이스,사당 모임장소 정담은,PC,사당모임,25,0,0,0,1.9
"플레이스",정담은플레이스,사당 모임장소 정담은,PC,사당모임맛집,2,0,0,0,1
"플레이스",정담은플레이스,사당 모임장소 정담은,PC,사당모임장소,33,1,770,770,1.3
"플레이스",정담은플레이스,사당 모임장소 정담은,PC,사당식당,26,4,743,"2,970",2.9
"플레이스",정담은플레이스,사당 모임장소 정담은,PC,사당역근처맛집,14,3,770,"2,310",3.9
"플레이스",정담은플레이스,사당 모임장소 정담은,PC,사당역근처식당,1,1,704,704,3
"플레이스",정담은플레이스,사당 모임장소 정담은,PC,사당역근처한정식,3,1,77,77,1
"플레이스",정담은플레이스,사당 모임장소 정담은,PC,사당역근처회식,8,1,770,770,2
"플레이스",정담은플레이스,사당 모임장소 정담은,PC,사당역룸,4,0,0,0,1.8
"플레이스",정담은플레이스,사당 모임장소 정담은,PC,사당역룸맛집,13,1,374,374,1.2
"플레이스",정담은플레이스,사당 모임장소 정담은,PC,사당역룸식당,103,11,659,"7,249",1.5
"플레이스",정담은플레이스,사당 모임장소 정담은,PC,사당역룸음식점,1,0,0,0,2
"플레이스",정담은플레이스,사당 모임장소 정담은,PC,사당역룸회식,11,0,0,0,1.1
"플레이스",정담은플레이스,사당 모임장소 정담은,PC,사당역맛집,"1,934",131,758,"99,341",3.8
"플레이스",정담은플레이스,사당 모임장소 정담은,PC,사당역맛집룸,3,0,0,0,1
"플레이스",정담은플레이스,사당 모임장소 정담은,PC,사당역맛집모임,1,0,0,0,2
"플레이스",정담은플레이스,사당 모임장소 정담은,PC,사당역모임,41,2,765,"1,529",1.6
"플레이스",정담은플레이스,사당 모임장소 정담은,PC,사당역모임맛집,7,1,770,770,1.6
"플레이스",정담은플레이스,사당 모임장소 정담은,PC,사당역모임장소,22,2,770,"1,540",1.3
"플레이스",정담은플레이스,사당 모임장소 정담은,PC,사당역방배동맛집,1,0,0,0,2
"플레이스",정담은플레이스,사당 모임장소 정담은,PC,사당역부근맛집,3,0,0,0,2.7
"플레이스",정담은플레이스,사당 모임장소 정담은,PC,사당역식당,26,8,767,"6,138",3.9
"플레이스",정담은플레이스,사당 모임장소 정담은,PC,사당역음식점,14,1,770,770,3.6
"플레이스",정담은플레이스,사당 모임장소 정담은,PC,사당역주변맛집,8,3,770,"2,310",3
"플레이스",정담은플레이스,사당 모임장소 정담은,PC,사당역한식,22,2,721,"1,441",3
"플레이스",정담은플레이스,사당 모임장소 정담은,PC,사당역한식맛집,15,1,770,770,3.3
"플레이스",정담은플레이스,사당 모임장소 정담은,PC,사당역한식집,3,2,748,"1,496",3.7
"플레이스",정담은플레이스,사당 모임장소 정담은,PC,사당역한정식,166,28,77,"2,156",1
"플레이스",정담은플레이스,사당 모임장소 정담은,PC,사당역한정식맛집,11,2,77,154,1
"플레이스",정담은플레이스,사당 모임장소 정담은,PC,사당역한정식집,11,2,77,154,1
"플레이스",정담은플레이스,사당 모임장소 정담은,PC,사당역회식,91,1,770,770,2.5
"플레이스",정담은플레이스,사당 모임장소 정담은,PC,사당역회식맛집,13,0,0,0,2.2
"플레이스",정담은플레이스,사당 모임장소 정담은,PC,사당역회식장소,50,2,677,"1,353",1.6
"플레이스",정담은플레이스,사당 모임장소 정담은,PC,사당음식점,10,0,0,0,3.4
"플레이스",정담은플레이스,사당 모임장소 정담은,PC,사당한식,17,3,770,"2,310",3.5
"플레이스",정담은플레이스,사당 모임장소 정담은,PC,사당한식맛집,6,0,0,0,4.2
"플레이스",정담은플레이스,사당 모임장소 정담은,PC,사당한식집,1,0,0,0,9
"플레이스",정담은플레이스,사당 모임장소 정담은,PC,사당한정식,73,11,77,847,1
"플레이스",정담은플레이스,사당 모임장소 정담은,PC,사당한정식맛집,17,2,77,154,1
"플레이스",정담은플레이스,사당 모임장소 정담은,PC,사당한정식집,2,0,0,0,1
"플레이스",정담은플레이스,사당 모임장소 정담은,PC,사당회식,53,4,723,"2,893",2.1
"플레이스",정담은플레이스,사당 모임장소 정담은,PC,사당회식맛집,4,0,0,0,2.5
"플레이스",정담은플레이스,사당 모임장소 정담은,PC,사당회식장소,27,1,770,770,1.4
"플레이스",정담은플레이스,사당 모임장소 정담은,PC,서문여고맛집,1,0,0,0,10
"플레이스",정담은플레이스,사당 모임장소 정담은,PC,서울룸식당,1,0,0,0,10
"플레이스",정담은플레이스,사당 모임장소 정담은,PC,서울룸식당맛집,1,0,0,0,10
"플레이스",정담은플레이스,사당 모임장소 정담은,PC,서울룸한정식,10,0,0,0,1.4
"플레이스",정담은플레이스,사당 모임장소 정담은,PC,서울맛집,1,0,0,0,8
"플레이스",정담은플레이스,사당 모임장소 정담은,PC,서울방배동맛집,1,0,0,0,2
"플레이스",정담은플레이스,사당 모임장소 정담은,PC,서울시한정식,1,1,759,759,3
"플레이스",정담은플레이스,사당 모임장소 정담은,PC,서울한정식,39,2,726,"1,452",3.3
"플레이스",정담은플레이스,사당 모임장소 정담은,PC,서울한정식룸,49,4,459,"1,837",1.4
"플레이스",정담은플레이스,사당 모임장소 정담은,PC,서울한정식룸식당,11,0,0,0,1
"플레이스",정담은플레이스,사당 모임장소 정담은,PC,서울한정식맛집,57,6,730,"4,378",3.1
"플레이스",정담은플레이스,사당 모임장소 정담은,PC,서울한정식집,2,0,0,0,4.5
"플레이스",정담은플레이스,사당 모임장소 정담은,PC,서울회식장소,1,0,0,0,1
"플레이스",정담은플레이스,사당 모임장소 정담은,PC,서초구룸식당,2,0,0,0,4
"플레이스",정담은플레이스,사당 모임장소 정담은,PC,서초구한정식,17,0,0,0,1.1
"플레이스",정담은플레이스,사당 모임장소 정담은,PC,서초구한정식맛집,7,1,726,726,1.1
"플레이스",정담은플레이스,사당 모임장소 정담은,PC,서초룸식당,9,1,627,627,2.6
"플레이스",정담은플레이스,사당 모임장소 정담은,PC,서초맛집,1,0,0,0,9
"플레이스",정담은플레이스,사당 모임장소 정담은,PC,서초방배맛집,1,0,0,0,5
"플레이스",정담은플레이스,사당 모임장소 정담은,PC,서초한정식,69,2,589,"1,177",1.4
"플레이스",정담은플레이스,사당 모임장소 정담은,PC,서초한정식맛집,13,0,0,0,1.8
"플레이스",정담은플레이스,사당 모임장소 정담은,PC,서초회식,1,0,0,0,9
"플레이스",정담은플레이스,사당 모임장소 정담은,PC,서초회식장소,4,0,0,0,3
"플레이스",정담은플레이스,사당 모임장소 정담은,PC,송강맛집,2,0,0,0,8.5
"플레이스",정담은플레이스,사당 모임장소 정담은,PC,식당,13,0,0,0,2.7
"플레이스",정담은플레이스,사당 모임장소 정담은,PC,영일만맛집,2,0,0,0,3
"플레이스",정담은플레이스,사당 모임장소 정담은,PC,예술의전당맛집,1,1,770,770,5
"플레이스",정담은플레이스,사당 모임장소 정담은,PC,우면산맛집,1,0,0,0,6
"플레이스",정담은플레이스,사당 모임장소 정담은,PC,음식,1,0,0,0,1
"플레이스",정담은플레이스,사당 모임장소 정담은,PC,음식점,"1,058",118,745,"87,934",2.8
"플레이스",정담은플레이스,사당 모임장소 정담은,PC,이수룸식당,11,0,0,0,1.6
"플레이스",정담은플레이스,사당 모임장소 정담은,PC,이수맛집,60,1,737,737,3.9
"플레이스",정담은플레이스,사당 모임장소 정담은,PC,이수식당,4,0,0,0,5.3
"플레이스",정담은플레이스,사당 모임장소 정담은,PC,이수역근처맛집,3,1,770,770,4.7
"플레이스",정담은플레이스,사당 모임장소 정담은,PC,이수역룸,3,0,0,0,2
"플레이스",정담은플레이스,사당 모임장소 정담은,PC,이수역룸맛집,2,0,0,0,1.5
"플레이스",정담은플레이스,사당 모임장소 정담은,PC,이수역룸식당,22,0,0,0,1.6
"플레이스",정담은플레이스,사당 모임장소 정담은,PC,이수역룸음식점,2,0,0,0,1.5
"플레이스",정담은플레이스,사당 모임장소 정담은,PC,이수역맛집,251,7,770,"5,390",4.2
"플레이스",정담은플레이스,사당 모임장소 정담은,PC,이수역맛집한식,1,0,0,0,3
"플레이스",정담은플레이스,사당 모임장소 정담은,PC,이수역모임,7,0,0,0,2.6
"플레이스",정담은플레이스,사당 모임장소 정담은,PC,이수역식당,7,0,0,0,4.4
"플레이스",정담은플레이스,사당 모임장소 정담은,PC,이수역음식점,3,0,0,0,6
"플레이스",정담은플레이스,사당 모임장소 정담은,PC,이수역주변맛집,1,0,0,0,4
"플레이스",정담은플레이스,사당 모임장소 정담은,PC,이수역한식,4,1,715,715,3
"플레이스",정담은플레이스,사당 모임장소 정담은,PC,이수역한정식,50,9,77,693,1
"플레이스",정담은플레이스,사당 모임장소 정담은,PC,이수역한정식맛집,1,0,0,0,1
"플레이스",정담은플레이스,사당 모임장소 정담은,PC,이수역한정식집,1,0,0,0,1
"플레이스",정담은플레이스,사당 모임장소 정담은,PC,이수역회식,12,1,770,770,3.1
"플레이스",정담은플레이스,사당 모임장소 정담은,PC,이수역회식장소,2,0,0,0,1
"플레이스",정담은플레이스,사당 모임장소 정담은,PC,이수음식점,2,0,0,0,3.5
"플레이스",정담은플레이스,사당 모임장소 정담은,PC,이수한정식,19,1,77,77,1
"플레이스",정담은플레이스,사당 모임장소 정담은,PC,이수회식,9,0,0,0,3
"플레이스",정담은플레이스,사당 모임장소 정담은,PC,이수회식장소,1,0,0,0,1
"플레이스",정담은플레이스,사당 모임장소 정담은,PC,인헌시장맛집,2,0,0,0,6.5
"플레이스",정담은플레이스,사당 모임장소 정담은,PC,정담은식당,0,1,759,759,0
"플레이스",정담은플레이스,사당 모임장소 정담은,PC,정담은한식,4,0,0,0,1.3
"플레이스",정담은플레이스,사당 모임장소 정담은,PC,주변식당,1,0,0,0,8
"플레이스",정담은플레이스,사당 모임장소 정담은,PC,총신대역맛집,4,0,0,0,3.5
"플레이스",정담은플레이스,사당 모임장소 정담은,PC,총신대입구역맛집,6,1,671,671,3.8
"플레이스",정담은플레이스,사당 모임장소 정담은,PC,파스텔시티맛집,11,1,770,770,5.2
"플레이스",정담은플레이스,사당 모임장소 정담은,PC,파스텔시티식당,8,0,0,0,4.1
"플레이스",정담은플레이스,사당 모임장소 정담은,PC,한식,26,5,755,"3,773",1.8
"플레이스",정담은플레이스,사당 모임장소 정담은,PC,한정식,87,17,555,"9,438",1.3
"플레이스",정담은플레이스,사당 모임장소 정담은,PC,한정식맛집,17,5,539,"2,695",1.8
"플레이스",정담은플레이스,사당 모임장소 정담은,PC,한정식서울,3,0,0,0,2.3
"플레이스",정담은플레이스,사당 모임장소 정담은,PC,한정식서초,1,0,0,0,2
"플레이스",정담은플레이스,사당 모임장소 정담은,PC,회식,8,3,711,"2,134",2.5
"플레이스",정담은플레이스,사당 모임장소 정담은,PC,회의룸,1,0,0,0,2
"플레이스",정담은플레이스,사당 모임장소 정담은,모바일,-,"20,099",21,462,"9,702",2.4
"플레이스",정담은플레이스,사당 모임장소 정담은,모바일,가성비맛집,1,0,0,0,6
"플레이스",정담은플레이스,사당 모임장소 정담은,모바일,경문고맛집,2,0,0,0,10
"플레이스",정담은플레이스,사당 모임장소 정담은,모바일,교대맛집,2,0,0,0,5
"플레이스",정담은플레이스,사당 모임장소 정담은,모바일,극동식당,3,0,0,0,2
"플레이스",정담은플레이스,사당 모임장소 정담은,모바일,근처맛집,53,0,0,0,6.8
"플레이스",정담은플레이스,사당 모임장소 정담은,모바일,근처식당,14,1,770,770,7.8
"플레이스",정담은플레이스,사당 모임장소 정담은,모바일,근처한식,1,0,0,0,9
"플레이스",정담은플레이스,사당 모임장소 정담은,모바일,근처한정식,1,0,0,0,1
"플레이스",정담은플레이스,사당 모임장소 정담은,모바일,근처한정식맛집,2,0,0,0,4
"플레이스",정담은플레이스,사당 모임장소 정담은,모바일,근처회식,2,0,0,0,10
"플레이스",정담은플레이스,사당 모임장소 정담은,모바일,남부종합시장맛집,1,0,0,0,8
"플레이스",정담은플레이스,사당 모임장소 정담은,모바일,남성시장맛집,61,1,770,770,6.6
"플레이스",정담은플레이스,사당 모임장소 정담은,모바일,남성역근처맛집,2,0,0,0,8
"플레이스",정담은플레이스,사당 모임장소 정담은,모바일,남성역맛집,511,5,757,"3,784",6.4
"플레이스",정담은플레이스,사당 모임장소 정담은,모바일,남성역식당,13,0,0,0,8.4
"플레이스",정담은플레이스,사당 모임장소 정담은,모바일,남성역음식점,1,0,0,0,8
"플레이스",정담은플레이스,사당 모임장소 정담은,모바일,남성역주변맛집,1,0,0,0,9
"플레이스",정담은플레이스,사당 모임장소 정담은,모바일,남성역한식,18,0,0,0,8.7
"플레이스",정담은플레이스,사당 모임장소 정담은,모바일,남성역한정식,5,1,77,77,1
"플레이스",정담은플레이스,사당 모임장소 정담은,모바일,남성역회식,4,0,0,0,3
"플레이스",정담은플레이스,사당 모임장소 정담은,모바일,남태령역맛집,43,1,770,770,5.8
"플레이스",정담은플레이스,사당 모임장소 정담은,모바일,내근처맛집,6,0,0,0,6.5
"플레이스",정담은플레이스,사당 모임장소 정담은,모바일,내주변맛집,24,0,0,0,8.7
"플레이스",정담은플레이스,사당 모임장소 정담은,모바일,내주변식당,1,0,0,0,5
"플레이스",정담은플레이스,사당 모임장소 정담은,모바일,대촌맛집,14,0,0,0,4.7
"플레이스",정담은플레이스,사당 모임장소 정담은,모바일,대촌식당,8,0,0,0,4.4
"플레이스",정담은플레이스,사당 모임장소 정담은,모바일,대항병원맛집,1,0,0,0,9
"플레이스",정담은플레이스,사당 모임장소 정담은,모바일,도담맛집,1,0,0,0,8
"플레이스",정담은플레이스,사당 모임장소 정담은,모바일,도담식당,38,0,0,0,5.8
"플레이스",정담은플레이스,사당 모임장소 정담은,모바일,도담한식,34,0,0,0,3.7
"플레이스",정담은플레이스,사당 모임장소 정담은,모바일,동명맛집,64,1,770,770,4.8
"플레이스",정담은플레이스,사당 모임장소 정담은,모바일,동명식당,13,0,0,0,5.8
"플레이스",정담은플레이스,사당 모임장소 정담은,모바일,동명음식점,1,0,0,0,5
"플레이스",정담은플레이스,사당 모임장소 정담은,모바일,동명한정식,12,0,0,0,1.1
"플레이스",정담은플레이스,사당 모임장소 정담은,모바일,룸,61,4,668,"2,673",2.5
"플레이스",정담은플레이스,사당 모임장소 정담은,모바일,맛집,653,6,713,"4,279",5.8
"플레이스",정담은플레이스,사당 모임장소 정담은,모바일,맛집방배,4,0,0,0,8
"플레이스",정담은플레이스,사당 모임장소 정담은,모바일,맛집사당,1,0,0,0,6
"플레이스",정담은플레이스,사당 모임장소 정담은,모바일,바닷가맛집,10,0,0,0,8.4
"플레이스",정담은플레이스,사당 모임장소 정담은,모바일,방배.맛집,2,0,0,0,5.5
"플레이스",정담은플레이스,사당 모임장소 정담은,모바일,방배1동맛집,4,0,0,0,6
"플레이스",정담은플레이스,사당 모임장소 정담은,모바일,방배2동맛집,8,0,0,0,6.4
"플레이스",정담은플레이스,사당 모임장소 정담은,모바일,방배3동맛집,5,1,770,770,6.8
"플레이스",정담은플레이스,사당 모임장소 정담은,모바일,방배4동맛집,11,0,0,0,6.5
"플레이스",정담은플레이스,사당 모임장소 정담은,모바일,방배동룸식당,15,2,660,"1,320",2
"플레이스",정담은플레이스,사당 모임장소 정담은,모바일,방배동맛집,"1,260",18,766,"13,794",5.8
"플레이스",정담은플레이스,사당 모임장소 정담은,모바일,방배동맛집한식,10,1,770,770,2.7
"플레이스",정담은플레이스,사당 모임장소 정담은,모바일,방배동모임,6,0,0,0,1.3
"플레이스",정담은플레이스,사당 모임장소 정담은,모바일,방배동식당,18,0,0,0,5.4
"플레이스",정담은플레이스,사당 모임장소 정담은,모바일,방배동음식점,1,0,0,0,10
"플레이스",정담은플레이스,사당 모임장소 정담은,모바일,방배동주변맛집,1,0,0,0,2
"플레이스",정담은플레이스,사당 모임장소 정담은,모바일,방배동한식,24,2,765,"1,529",2.7
"플레이스",정담은플레이스,사당 모임장소 정담은,모바일,방배동한식맛집,23,1,770,770,5.8
"플레이스",정담은플레이스,사당 모임장소 정담은,모바일,방배동한식집,3,1,726,726,2
"플레이스",정담은플레이스,사당 모임장소 정담은,모바일,방배동한정식,59,13,606,"7,876",1
"플레이스",정담은플레이스,사당 모임장소 정담은,모바일,방배동한정식맛집,12,3,524,"1,573",1
"플레이스",정담은플레이스,사당 모임장소 정담은,모바일,방배동한정식집,2,0,0,0,1
"플레이스",정담은플레이스,사당 모임장소 정담은,모바일,방배동회식,55,0,0,0,1.6
"플레이스",정담은플레이스,사당 모임장소 정담은,모바일,방배룸식당,19,2,699,"1,397",1.5
"플레이스",정담은플레이스,사당 모임장소 정담은,모바일,방배맛집,660,8,770,"6,160",6.7
"플레이스",정담은플레이스,사당 모임장소 정담은,모바일,방배본동맛집,13,0,0,0,7.2
"플레이스",정담은플레이스,사당 모임장소 정담은,모바일,방배본동식당,1,0,0,0,5
"플레이스",정담은플레이스,사당 모임장소 정담은,모바일,방배본동한식,1,0,0,0,1
"플레이스",정담은플레이스,사당 모임장소 정담은,모바일,방배서초맛집,1,0,0,0,2
"플레이스",정담은플레이스,사당 모임장소 정담은,모바일,방배식당,9,0,0,0,6.9
"플레이스",정담은플레이스,사당 모임장소 정담은,모바일,방배역근처맛집,54,1,770,770,6.9
"플레이스",정담은플레이스,사당 모임장소 정담은,모바일,방배역근처한정식,1,0,0,0,1
"플레이스",정담은플레이스,사당 모임장소 정담은,모바일,방배역맛집,"2,074",15,736,"11,044",5.9
"플레이스",정담은플레이스,사당 모임장소 정담은,모바일,방배역모임장소,3,1,77,77,1
"플레이스",정담은플레이스,사당 모임장소 정담은,모바일,방배역식당,116,1,770,770,5.6
"플레이스",정담은플레이스,사당 모임장소 정담은,모바일,방배역음식점,29,0,0,0,5.9
"플레이스",정담은플레이스,사당 모임장소 정담은,모바일,방배역주변맛집,27,0,0,0,5.4
"플레이스",정담은플레이스,사당 모임장소 정담은,모바일,방배역한식,63,2,710,"1,419",3.6
"플레이스",정담은플레이스,사당 모임장소 정담은,모바일,방배역한식집,1,0,0,0,2
"플레이스",정담은플레이스,사당 모임장소 정담은,모바일,방배역한정식,10,1,649,649,1
"플레이스",정담은플레이스,사당 모임장소 정담은,모바일,방배역회식,22,1,693,693,2.9
"플레이스",정담은플레이스,사당 모임장소 정담은,모바일,방배음식점,23,0,0,0,8.6
"플레이스",정담은플레이스,사당 모임장소 정담은,모바일,방배한식,15,0,0,0,3.7
"플레이스",정담은플레이스,사당 모임장소 정담은,모바일,방배한식맛집,6,0,0,0,3.3
"플레이스",정담은플레이스,사당 모임장소 정담은,모바일,방배한식집,1,0,0,0,2
"플레이스",정담은플레이스,사당 모임장소 정담은,모바일,방배한정식,42,7,566,"3,960",1
"플레이스",정담은플레이스,사당 모임장소 정담은,모바일,방배한정식맛집,1,0,0,0,1
"플레이스",정담은플레이스,사당 모임장소 정담은,모바일,방배한정식집,2,0,0,0,1
"플레이스",정담은플레이스,사당 모임장소 정담은,모바일,방배회식,7,0,0,0,2.7
"플레이스",정담은플레이스,사당 모임장소 정담은,모바일,방배회식장소,1,0,0,0,2
"플레이스",정담은플레이스,사당 모임장소 정담은,모바일,부산오뎅맛집,1,0,0,0,9
"플레이스",정담은플레이스,사당 모임장소 정담은,모바일,사당.맛집,14,0,0,0,6.2
"플레이스",정담은플레이스,사당 모임장소 정담은,모바일,사당근처맛집,12,0,0,0,6.8
"플레이스",정담은플레이스,사당 모임장소 정담은,모바일,사당근처한정식,1,0,0,0,1
"플레이스",정담은플레이스,사당 모임장소 정담은,모바일,사당룸,39,3,689,"2,068",1.9
"플레이스",정담은플레이스,사당 모임장소 정담은,모바일,사당룸맛집,17,1,770,770,2
"플레이스",정담은플레이스,사당 모임장소 정담은,모바일,사당룸식당,210,23,701,"16,126",1.4
"플레이스",정담은플레이스,사당 모임장소 정담은,모바일,사당룸식당맛집,1,0,0,0,2
"플레이스",정담은플레이스,사당 모임장소 정담은,모바일,사당맛집,"7,492",75,748,"56,067",6.5
"플레이스",정담은플레이스,사당 모임장소 정담은,모바일,사당맛집모임,3,0,0,0,1
"플레이스",정담은플레이스,사당 모임장소 정담은,모바일,사당맛집한정식,11,2,77,154,1
"플레이스",정담은플레이스,사당 모임장소 정담은,모바일,사당모임,139,3,770,"2,310",1.8
"플레이스",정담은플레이스,사당 모임장소 정담은,모바일,사당모임맛집,2,0,0,0,1
"플레이스",정담은플레이스,사당 모임장소 정담은,모바일,사당모임장소,100,7,690,"4,829",1.8
"플레이스",정담은플레이스,사당 모임장소 정담은,모바일,사당방배맛집,2,0,0,0,4
"플레이스",정담은플레이스,사당 모임장소 정담은,모바일,사당식당,162,0,0,0,6.7
"플레이스",정담은플레이스,사당 모임장소 정담은,모바일,사당역4번출구맛집,1,0,0,0,9
"플레이스",정담은플레이스,사당 모임장소 정담은,모바일,사당역근처맛집,204,5,735,"3,674",4.6
"플레이스",정담은플레이스,사당 모임장소 정담은,모바일,사당역근처식당,3,1,770,770,5.3
"플레이스",정담은플레이스,사당 모임장소 정담은,모바일,사당역근처음식점,2,0,0,0,6
"플레이스",정담은플레이스,사당 모임장소 정담은,모바일,사당역근처한식,20,1,770,770,5.8
"플레이스",정담은플레이스,사당 모임장소 정담은,모바일,사당역근처한정식,22,5,77,385,1
"플레이스",정담은플레이스,사당 모임장소 정담은,모바일,사당역룸,26,1,715,715,1.6
"플레이스",정담은플레이스,사당 모임장소 정담은,모바일,사당역룸맛집,19,2,759,"1,518",1.4
"플레이스",정담은플레이스,사당 모임장소 정담은,모바일,사당역룸식당,211,16,713,"11,407",1.5
"플레이스",정담은플레이스,사당 모임장소 정담은,모바일,사당역룸음식점,6,0,0,0,2.3
"플레이스",정담은플레이스,사당 모임장소 정담은,모바일,사당역룸회식,6,0,0,0,1.2
"플레이스",정담은플레이스,사당 모임장소 정담은,모바일,사당역맛집,"10,280",195,752,"146,729",6.5
"플레이스",정담은플레이스,사당 모임장소 정담은,모바일,사당역맛집룸,5,0,0,0,1.8
"플레이스",정담은플레이스,사당 모임장소 정담은,모바일,사당역맛집모임,2,0,0,0,1
"플레이스",정담은플레이스,사당 모임장소 정담은,모바일,사당역맛집한식,9,0,0,0,4.8
"플레이스",정담은플레이스,사당 모임장소 정담은,모바일,사당역맛집한정식,5,2,77,154,1
"플레이스",정담은플레이스,사당 모임장소 정담은,모바일,사당역맛집회식,4,2,737,"1,474",3.5
"플레이스",정담은플레이스,사당 모임장소 정담은,모바일,사당역모임,207,2,770,"1,540",1.8
"플레이스",정담은플레이스,사당 모임장소 정담은,모바일,사당역모임맛집,18,1,484,484,1.3
"플레이스",정담은플레이스,사당 모임장소 정담은,모바일,사당역모임장소,78,5,726,"3,630",1.6
"플레이스",정담은플레이스,사당 모임장소 정담은,모바일,사당역방배동맛집,2,1,770,770,2
"플레이스",정담은플레이스,사당 모임장소 정담은,모바일,사당역방배맛집,4,0,0,0,5.5
"플레이스",정담은플레이스,사당 모임장소 정담은,모바일,사당역부근맛집,13,1,770,770,3.7
"플레이스",정담은플레이스,사당 모임장소 정담은,모바일,사당역부근한정식,3,1,77,77,1
"플레이스",정담은플레이스,사당 모임장소 정담은,모바일,사당역식당,256,0,0,0,6.2
"플레이스",정담은플레이스,사당 모임장소 정담은,모바일,사당역음식점,80,0,0,0,6.8
"플레이스",정담은플레이스,사당 모임장소 정담은,모바일,사당역주변맛집,45,0,0,0,5.6
"플레이스",정담은플레이스,사당 모임장소 정담은,모바일,사당역주변식당,1,0,0,0,9
"플레이스",정담은플레이스,사당 모임장소 정담은,모바일,사당역주변한정식,4,3,77,231,1
"플레이스",정담은플레이스,사당 모임장소 정담은,모바일,사당역한식,290,15,761,"11,418",5.2
"플레이스",정담은플레이스,사당 모임장소 정담은,모바일,사당역한식맛집,61,2,726,"1,452",4.4
"플레이스",정담은플레이스,사당 모임장소 정담은,모바일,사당역한식집,18,0,0,0,6
"플레이스",정담은플레이스,사당 모임장소 정담은,모바일,사당역한정식,418,95,77,"7,315",1
"플레이스",정담은플레이스,사당 모임장소 정담은,모바일,사당역한정식맛집,95,22,77,"1,694",1
"플레이스",정담은플레이스,사당 모임장소 정담은,모바일,사당역한정식집,23,10,77,770,1
"플레이스",정담은플레이스,사당 모임장소 정담은,모바일,사당역회식,180,3,744,"2,233",3.1
"플레이스",정담은플레이스,사당 모임장소 정담은,모바일,사당역회식맛집,22,1,770,770,2.4
"플레이스",정담은플레이스,사당 모임장소 정담은,모바일,사당역회식장소,144,8,668,"5,346",1.7
"플레이스",정담은플레이스,사당 모임장소 정담은,모바일,사당음식,6,0,0,0,8.3
"플레이스",정담은플레이스,사당 모임장소 정담은,모바일,사당음식점,78,1,748,748,6.5
"플레이스",정담은플레이스,사당 모임장소 정담은,모바일,사당주변맛집,8,0,0,0,6
"플레이스",정담은플레이스,사당 모임장소 정담은,모바일,사당한식,184,6,752,"4,510",5
"플레이스",정담은플레이스,사당 모임장소 정담은,모바일,사당한식맛집,32,1,759,759,5.4
"플레이스",정담은플레이스,사당 모임장소 정담은,모바일,사당한식집,9,1,770,770,6.1
"플레이스",정담은플레이스,사당 모임장소 정담은,모바일,사당한정식,270,63,77,"4,851",1
"플레이스",정담은플레이스,사당 모임장소 정담은,모바일,사당한정식맛집,55,11,77,847,1
"플레이스",정담은플레이스,사당 모임장소 정담은,모바일,사당한정식집,4,2,77,154,1
"플레이스",정담은플레이스,사당 모임장소 정담은,모바일,사당회식,111,4,767,"3,069",3.7
"플레이스",정담은플레이스,사당 모임장소 정담은,모바일,사당회식맛집,14,1,715,715,2.9
"플레이스",정담은플레이스,사당 모임장소 정담은,모바일,사당회식장소,42,0,0,0,1.6
"플레이스",정담은플레이스,사당 모임장소 정담은,모바일,샤로수길맛집,2,0,0,0,5
"플레이스",정담은플레이스,사당 모임장소 정담은,모바일,서울근교한정식,1,0,0,0,4
"플레이스",정담은플레이스,사당 모임장소 정담은,모바일,서울룸식당,6,0,0,0,9
"플레이스",정담은플레이스,사당 모임장소 정담은,모바일,서울룸한정식,49,3,623,"1,870",1.4
"플레이스",정담은플레이스,사당 모임장소 정담은,모바일,서울룸한정식맛집,2,0,0,0,1.5
"플레이스",정담은플레이스,사당 모임장소 정담은,모바일,서울방배동맛집,16,0,0,0,4.4
"플레이스",정담은플레이스,사당 모임장소 정담은,모바일,서울서초한정식,4,0,0,0,1
"플레이스",정담은플레이스,사당 모임장소 정담은,모바일,서울시한정식,2,0,0,0,6
"플레이스",정담은플레이스,사당 모임장소 정담은,모바일,서울이수역맛집,1,0,0,0,10
"플레이스",정담은플레이스,사당 모임장소 정담은,모바일,서울한정식,530,9,713,"6,413",4.5
"플레이스",정담은플레이스,사당 모임장소 정담은,모바일,서울한정식룸,127,7,553,"3,872",1.6
"플레이스",정담은플레이스,사당 모임장소 정담은,모바일,서울한정식룸식당,27,1,616,616,1.1
"플레이스",정담은플레이스,사당 모임장소 정담은,모바일,서울한정식맛집,892,8,707,"5,654",4.9
"플레이스",정담은플레이스,사당 모임장소 정담은,모바일,서울한정식식당,1,0,0,0,2
"플레이스",정담은플레이스,사당 모임장소 정담은,모바일,서울한정식집,36,2,666,"1,331",4.8
"플레이스",정담은플레이스,사당 모임장소 정담은,모바일,서초구룸식당,9,0,0,0,1.9
"플레이스",정담은플레이스,사당 모임장소 정담은,모바일,서초구맛집,1,0,0,0,9
"플레이스",정담은플레이스,사당 모임장소 정담은,모바일,서초구한정식,824,10,647,"6,468",1.3
"플레이스",정담은플레이스,사당 모임장소 정담은,모바일,서초구한정식맛집,14,2,611,"1,221",1.9
"플레이스",정담은플레이스,사당 모임장소 정담은,모바일,서초룸맛집,8,0,0,0,2
"플레이스",정담은플레이스,사당 모임장소 정담은,모바일,서초룸식당,37,1,770,770,3.2
"플레이스",정담은플레이스,사당 모임장소 정담은,모바일,서초맛집,4,0,0,0,8.5
"플레이스",정담은플레이스,사당 모임장소 정담은,모바일,서초방배맛집,3,0,0,0,5.7
"플레이스",정담은플레이스,사당 모임장소 정담은,모바일,서초방배한정식,1,0,0,0,1
"플레이스",정담은플레이스,사당 모임장소 정담은,모바일,서초한정식,530,10,680,"6,798",1.3
"플레이스",정담은플레이스,사당 모임장소 정담은,모바일,서초한정식맛집,136,8,679,"5,434",1.4
"플레이스",정담은플레이스,사당 모임장소 정담은,모바일,서초한정식집,15,1,616,616,1.5
"플레이스",정담은플레이스,사당 모임장소 정담은,모바일,서초회식,1,0,0,0,6
"플레이스",정담은플레이스,사당 모임장소 정담은,모바일,서초회식장소,7,0,0,0,4.1
"플레이스",정담은플레이스,사당 모임장소 정담은,모바일,송강맛집,12,0,0,0,8.3
"플레이스",정담은플레이스,사당 모임장소 정담은,모바일,식당,278,3,752,"2,255",6.2
"플레이스",정담은플레이스,사당 모임장소 정담은,모바일,영도커피맛집,6,0,0,0,9.8
"플레이스",정담은플레이스,사당 모임장소 정담은,모바일,영업중식당,1,0,0,0,4
"플레이스",정담은플레이스,사당 모임장소 정담은,모바일,영일만맛집,20,0,0,0,5.3
"플레이스",정담은플레이스,사당 모임장소 정담은,모바일,영일만식당,3,0,0,0,6.7
"플레이스",정담은플레이스,사당 모임장소 정담은,모바일,우면산식당,1,0,0,0,7
"플레이스",정담은플레이스,사당 모임장소 정담은,모바일,음식,15,0,0,0,6.7
"플레이스",정담은플레이스,사당 모임장소 정담은,모바일,음식점,"17,977",157,751,"117,931",4.9
"플레이스",정담은플레이스,사당 모임장소 정담은,모바일,이수근처맛집,1,0,0,0,6
"플레이스",정담은플레이스,사당 모임장소 정담은,모바일,이수룸식당,14,1,770,770,1.2
"플레이스",정담은플레이스,사당 모임장소 정담은,모바일,이수맛집,77,1,759,759,6.1
"플레이스",정담은플레이스,사당 모임장소 정담은,모바일,이수모임장소,2,0,0,0,2
"플레이스",정담은플레이스,사당 모임장소 정담은,모바일,이수방배맛집,7,0,0,0,5.7
"플레이스",정담은플레이스,사당 모임장소 정담은,모바일,이수식당,11,0,0,0,7.6
"플레이스",정담은플레이스,사당 모임장소 정담은,모바일,이수역근처맛집,2,0,0,0,6
"플레이스",정담은플레이스,사당 모임장소 정담은,모바일,이수역근처한정식,2,0,0,0,1
"플레이스",정담은플레이스,사당 모임장소 정담은,모바일,이수역룸,5,0,0,0,2
"플레이스",정담은플레이스,사당 모임장소 정담은,모바일,이수역룸맛집,3,0,0,0,1.7
"플레이스",정담은플레이스,사당 모임장소 정담은,모바일,이수역룸식당,56,5,768,"3,839",2
"플레이스",정담은플레이스,사당 모임장소 정담은,모바일,이수역룸음식점,4,0,0,0,1
"플레이스",정담은플레이스,사당 모임장소 정담은,모바일,이수역맛집,715,12,729,"8,745",5.9
"플레이스",정담은플레이스,사당 모임장소 정담은,모바일,이수역맛집한정식,1,0,0,0,1
"플레이스",정담은플레이스,사당 모임장소 정담은,모바일,이수역모임,2,0,0,0,2
"플레이스",정담은플레이스,사당 모임장소 정담은,모바일,이수역식당,63,1,770,770,6.9
"플레이스",정담은플레이스,사당 모임장소 정담은,모바일,이수역음식점,12,0,0,0,6.4
"플레이스",정담은플레이스,사당 모임장소 정담은,모바일,이수역주변맛집,3,0,0,0,2
"플레이스",정담은플레이스,사당 모임장소 정담은,모바일,이수역주변식당,3,1,770,770,2
"플레이스",정담은플레이스,사당 모임장소 정담은,모바일,이수역한식,76,5,752,"3,762",6.6
"플레이스",정담은플레이스,사당 모임장소 정담은,모바일,이수역한식맛집,13,1,759,759,6.5
"플레이스",정담은플레이스,사당 모임장소 정담은,모바일,이수역한식집,9,1,759,759,6
"플레이스",정담은플레이스,사당 모임장소 정담은,모바일,이수역한정식,124,15,77,"1,155",1
"플레이스",정담은플레이스,사당 모임장소 정담은,모바일,이수역한정식맛집,27,6,77,462,1
"플레이스",정담은플레이스,사당 모임장소 정담은,모바일,이수역한정식집,11,1,77,77,1
"플레이스",정담은플레이스,사당 모임장소 정담은,모바일,이수역회식,64,2,682,"1,364",3.6
"플레이스",정담은플레이스,사당 모임장소 정담은,모바일,이수역회식맛집,3,1,770,770,4.7
"플레이스",정담은플레이스,사당 모임장소 정담은,모바일,이수역회식장소,9,1,770,770,2.4
"플레이스",정담은플레이스,사당 모임장소 정담은,모바일,이수커피맛집,2,0,0,0,8
"플레이스",정담은플레이스,사당 모임장소 정담은,모바일,이수한식,17,0,0,0,4.2
"플레이스",정담은플레이스,사당 모임장소 정담은,모바일,이수한식맛집,8,0,0,0,3.8
"플레이스",정담은플레이스,사당 모임장소 정담은,모바일,이수한정식,38,4,77,308,1
"플레이스",정담은플레이스,사당 모임장소 정담은,모바일,이수회식,5,0,0,0,3
"플레이스",정담은플레이스,사당 모임장소 정담은,모바일,이수회식장소,2,0,0,0,2
"플레이스",정담은플레이스,사당 모임장소 정담은,모바일,인헌시장맛집,5,0,0,0,7.6
"플레이스",정담은플레이스,사당 모임장소 정담은,모바일,전주남부시장콩나물국밥맛집,4,0,0,0,3
"플레이스",정담은플레이스,사당 모임장소 정담은,모바일,정담은식당,1,0,0,0,4
"플레이스",정담은플레이스,사당 모임장소 정담은,모바일,정담은한식,24,1,704,704,3.2
"플레이스",정담은플레이스,사당 모임장소 정담은,모바일,주변맛집,25,1,770,770,7.4
"플레이스",정담은플레이스,사당 모임장소 정담은,모바일,주변식당,14,0,0,0,6.4
"플레이스",정담은플레이스,사당 모임장소 정담은,모바일,주식당,2,0,0,0,7.5
"플레이스",정담은플레이스,사당 모임장소 정담은,모바일,지리산흑돼지식당,2,0,0,0,8
"플레이스",정담은플레이스,사당 모임장소 정담은,모바일,청계산맛집,1,0,0,0,6
"플레이스",정담은플레이스,사당 모임장소 정담은,모바일,총신대역맛집,10,0,0,0,5.1
"플레이스",정담은플레이스,사당 모임장소 정담은,모바일,총신대입구맛집,26,0,0,0,5.8
"플레이스",정담은플레이스,사당 모임장소 정담은,모바일,총신대입구역맛집,9,0,0,0,6.3
"플레이스",정담은플레이스,사당 모임장소 정담은,모바일,총신대입구역한정식,1,1,77,77,1
"플레이스",정담은플레이스,사당 모임장소 정담은,모바일,파스텔시티맛집,93,4,770,"3,080",6.5
"플레이스",정담은플레이스,사당 모임장소 정담은,모바일,파스텔시티식당,32,2,759,"1,518",6.2
"플레이스",정담은플레이스,사당 모임장소 정담은,모바일,파스텔시티음식점,2,0,0,0,6
"플레이스",정담은플레이스,사당 모임장소 정담은,모바일,파스텔시티한정식,11,2,671,"1,342",1.2
"플레이스",정담은플레이스,사당 모임장소 정담은,모바일,한식,435,5,757,"3,784",4.7
"플레이스",정담은플레이스,사당 모임장소 정담은,모바일,한식맛집,5,0,0,0,7.4
"플레이스",정담은플레이스,사당 모임장소 정담은,모바일,한식집,8,1,770,770,5.9
"플레이스",정담은플레이스,사당 모임장소 정담은,모바일,한옥한정식,1,0,0,0,6
"플레이스",정담은플레이스,사당 모임장소 정담은,모바일,한정식,650,50,584,"29,183",1.9
"플레이스",정담은플레이스,사당 모임장소 정담은,모바일,한정식맛집,142,9,461,"4,147",1.4
"플레이스",정담은플레이스,사당 모임장소 정담은,모바일,한정식맛집서울,3,0,0,0,4
"플레이스",정담은플레이스,사당 모임장소 정담은,모바일,한정식사당,18,3,77,231,1
"플레이스",정담은플레이스,사당 모임장소 정담은,모바일,한정식사당역,1,0,0,0,1
"플레이스",정담은플레이스,사당 모임장소 정담은,모바일,한정식서울,15,0,0,0,5.3
"플레이스",정담은플레이스,사당 모임장소 정담은,모바일,한정식서초,11,1,627,627,1.3
"플레이스",정담은플레이스,사당 모임장소 정담은,모바일,한정식집,12,1,638,638,1.2
"플레이스",정담은플레이스,사당 모임장소 정담은,모바일,함지박사거리맛집,2,0,0,0,8
"플레이스",정담은플레이스,사당 모임장소 정담은,모바일,홍콩반점맛집,1,0,0,0,8
"플레이스",정담은플레이스,사당 모임장소 정담은,모바일,회식,53,3,744,"2,233",6.1
"플레이스",정담은플레이스,사당 모임장소 정담은,모바일,회식맛집,2,0,0,0,2
"플레이스",정담은플레이스,사당 모임장소 정담은,모바일,회의룸,3,0,0,0,1.7
